-20,3,WTTnMrb4F0vRiOmMJcHAICjmG3Q=,mgu+/HQPqxW9U5DlTTpNff3c/B8=
-21,7,WTTnMrb4F0vRiOmMJcHAICjmG3Q=,mgu+/HQPqxW9U5DlTTpNff3c/B8=
-20,4,WTTnMrb4F0vRiOmMJcHAICjmG3Q=,mgu+/HQPqxW9U5DlTTpNff3c/B8=
-20,0,WTTnMrb4F0vRiOmMJcHAICjmG3Q=,mgu+/HQPqxW9U5DlTTpNff3c/B8=
-21,3,WTTnMrb4F0vRiOmMJcHAICjmG3Q=,mgu+/HQPqxW9U5DlTTpNff3c/B8=
-21,0,WTTnMrb4F0vRiOmMJcHAICjmG3Q=,mgu+/HQPqxW9U5DlTTpNff3c/B8=
-21,5,WTTnMrb4F0vRiOmMJcHAICjmG3Q=,mgu+/HQPqxW9U5DlTTpNff3c/B8=
-20,2,WTTnMrb4F0vRiOmMJcHAICjmG3Q=,mgu+/HQPqxW9U5DlTTpNff3c/B8=
-21,2,WTTnMrb4F0vRiOmMJcHAICjmG3Q=,mgu+/HQPqxW9U5DlTTpNff3c/B8=
-20,6,WTTnMrb4F0vRiOmMJcHAICjmG3Q=,mgu+/HQPqxW9U5DlTTpNff3c/B8=
-21,6,WTTnMrb4F0vRiOmMJcHAICjmG3Q=,mgu+/HQPqxW9U5DlTTpNff3c/B8=
-20,1,WTTnMrb4F0vRiOmMJcHAICjmG3Q=,mgu+/HQPqxW9U5DlTTpNff3c/B8=
-21,1,WTTnMrb4F0vRiOmMJcHAICjmG3Q=,mgu+/HQPqxW9U5DlTTpNff3c/B8=
-21,4,WTTnMrb4F0vRiOmMJcHAICjmG3Q=,mgu+/HQPqxW9U5DlTTpNff3c/B8=
-20,7,WTTnMrb4F0vRiOmMJcHAICjmG3Q=,mgu+/HQPqxW9U5DlTTpNff3c/B8=
-20,5,WTTnMrb4F0vRiOmMJcHAICjmG3Q=,mgu+/HQPqxW9U5DlTTpNff3c/B8=
-19,5,WTTnMrb4F0vRiOmMJcHAICjmG3Q=,mgu+/HQPqxW9U5DlTTpNff3c/B8=
-19,4,WTTnMrb4F0vRiOmMJcHAICjmG3Q=,mgu+/HQPqxW9U5DlTTpNff3c/B8=
-19,3,WTTnMrb4F0vRiOmMJcHAICjmG3Q=,mgu+/HQPqxW9U5DlTTpNff3c/B8=
-18,3,WTTnMrb4F0vRiOmMJcHAICjmG3Q=,mgu+/HQPqxW9U5DlTTpNff3c/B8=
-17,3,WTTnMrb4F0vRiOmMJcHAICjmG3Q=,mgu+/HQPqxW9U5DlTTpNff3c/B8=
-18,0,WTTnMrb4F0vRiOmMJcHAICjmG3Q=,mgu+/HQPqxW9U5DlTTpNff3c/B8=
-17,2,WTTnMrb4F0vRiOmMJcHAICjmG3Q=,mgu+/HQPqxW9U5DlTTpNff3c/B8=
-19,0,WTTnMrb4F0vRiOmMJcHAICjmG3Q=,mgu+/HQPqxW9U5DlTTpNff3c/B8=
-17,6,WTTnMrb4F0vRiOmMJcHAICjmG3Q=,mgu+/HQPqxW9U5DlTTpNff3c/B8=
-18,6,WTTnMrb4F0vRiOmMJcHAICjmG3Q=,mgu+/HQPqxW9U5DlTTpNff3c/B8=
-18,2,WTTnMrb4F0vRiOmMJcHAICjmG3Q=,mgu+/HQPqxW9U5DlTTpNff3c/B8=
-19,2,WTTnMrb4F0vRiOmMJcHAICjmG3Q=,mgu+/HQPqxW9U5DlTTpNff3c/B8=
-19,6,WTTnMrb4F0vRiOmMJcHAICjmG3Q=,mgu+/HQPqxW9U5DlTTpNff3c/B8=
-18,1,WTTnMrb4F0vRiOmMJcHAICjmG3Q=,mgu+/HQPqxW9U5DlTTpNff3c/B8=
-17,4,WTTnMrb4F0vRiOmMJcHAICjmG3Q=,mgu+/HQPqxW9U5DlTTpNff3c/B8=
-17,7,WTTnMrb4F0vRiOmMJcHAICjmG3Q=,mgu+/HQPqxW9U5DlTTpNff3c/B8=
-19,1,WTTnMrb4F0vRiOmMJcHAICjmG3Q=,mgu+/HQPqxW9U5DlTTpNff3c/B8=
-18,4,WTTnMrb4F0vRiOmMJcHAICjmG3Q=,mgu+/HQPqxW9U5DlTTpNff3c/B8=
-18,7,WTTnMrb4F0vRiOmMJcHAICjmG3Q=,mgu+/HQPqxW9U5DlTTpNff3c/B8=
-19,7,WTTnMrb4F0vRiOmMJcHAICjmG3Q=,mgu+/HQPqxW9U5DlTTpNff3c/B8=
-17,5,WTTnMrb4F0vRiOmMJcHAICjmG3Q=,mgu+/HQPqxW9U5DlTTpNff3c/B8=
-18,5,WTTnMrb4F0vRiOmMJcHAICjmG3Q=,mgu+/HQPqxW9U5DlTTpNff3c/B8=
-17,0,WTTnMrb4F0vRiOmMJcHAICjmG3Q=,mgu+/HQPqxW9U5DlTTpNff3c/B8=
-17,1,WTTnMrb4F0vRiOmMJcHAICjmG3Q=,mgu+/HQPqxW9U5DlTTpNff3c/B8=
-31,5,jDLYjyunxFExHPXTSyvGfi4cE10=,mgu+/HQPqxW9U5DlTTpNff3c/B8=
-25,4,WTTnMrb4F0vRiOmMJcHAICjmG3Q=,mgu+/HQPqxW9U5DlTTpNff3c/B8=
-32,5,jDLYjyunxFExHPXTSyvGfi4cE10=,mgu+/HQPqxW9U5DlTTpNff3c/B8=
-25,5,WTTnMrb4F0vRiOmMJcHAICjmG3Q=,mgu+/HQPqxW9U5DlTTpNff3c/B8=
-26,5,WTTnMrb4F0vRiOmMJcHAICjmG3Q=,mgu+/HQPqxW9U5DlTTpNff3c/B8=
-27,5,WTTnMrb4F0vRiOmMJcHAICjmG3Q=,mgu+/HQPqxW9U5DlTTpNff3c/B8=
-32,1,jDLYjyunxFExHPXTSyvGfi4cE10=,mgu+/HQPqxW9U5DlTTpNff3c/B8=
-28,5,jDLYjyunxFExHPXTSyvGfi4cE10=,mgu+/HQPqxW9U5DlTTpNff3c/B8=
-26,4,WTTnMrb4F0vRiOmMJcHAICjmG3Q=,mgu+/HQPqxW9U5DlTTpNff3c/B8=
-25,2,WTTnMrb4F0vRiOmMJcHAICjmG3Q=,mgu+/HQPqxW9U5DlTTpNff3c/B8=
-32,4,jDLYjyunxFExHPXTSyvGfi4cE10=,mgu+/HQPqxW9U5DlTTpNff3c/B8=
-25,3,WTTnMrb4F0vRiOmMJcHAICjmG3Q=,mgu+/HQPqxW9U5DlTTpNff3c/B8=
-25,0,WTTnMrb4F0vRiOmMJcHAICjmG3Q=,mgu+/HQPqxW9U5DlTTpNff3c/B8=
-31,4,jDLYjyunxFExHPXTSyvGfi4cE10=,mgu+/HQPqxW9U5DlTTpNff3c/B8=
-26,3,WTTnMrb4F0vRiOmMJcHAICjmG3Q=,mgu+/HQPqxW9U5DlTTpNff3c/B8=
-22,3,WTTnMrb4F0vRiOmMJcHAICjmG3Q=,mgu+/HQPqxW9U5DlTTpNff3c/B8=
-27,3,WTTnMrb4F0vRiOmMJcHAICjmG3Q=,mgu+/HQPqxW9U5DlTTpNff3c/B8=
-22,7,WTTnMrb4F0vRiOmMJcHAICjmG3Q=,mgu+/HQPqxW9U5DlTTpNff3c/B8=
-28,4,jDLYjyunxFExHPXTSyvGfi4cE10=,mgu+/HQPqxW9U5DlTTpNff3c/B8=
-23,7,WTTnMrb4F0vRiOmMJcHAICjmG3Q=,mgu+/HQPqxW9U5DlTTpNff3c/B8=
-30,5,jDLYjyunxFExHPXTSyvGfi4cE10=,mgu+/HQPqxW9U5DlTTpNff3c/B8=
-24,7,WTTnMrb4F0vRiOmMJcHAICjmG3Q=,mgu+/HQPqxW9U5DlTTpNff3c/B8=
-24,3,WTTnMrb4F0vRiOmMJcHAICjmG3Q=,mgu+/HQPqxW9U5DlTTpNff3c/B8=
-23,3,WTTnMrb4F0vRiOmMJcHAICjmG3Q=,mgu+/HQPqxW9U5DlTTpNff3c/B8=
-30,3,jDLYjyunxFExHPXTSyvGfi4cE10=,mgu+/HQPqxW9U5DlTTpNff3c/B8=
-29,5,jDLYjyunxFExHPXTSyvGfi4cE10=,mgu+/HQPqxW9U5DlTTpNff3c/B8=
-22,0,WTTnMrb4F0vRiOmMJcHAICjmG3Q=,mgu+/HQPqxW9U5DlTTpNff3c/B8=
-22,5,WTTnMrb4F0vRiOmMJcHAICjmG3Q=,mgu+/HQPqxW9U5DlTTpNff3c/B8=
-25,7,WTTnMrb4F0vRiOmMJcHAICjmG3Q=,mgu+/HQPqxW9U5DlTTpNff3c/B8=
-31,3,jDLYjyunxFExHPXTSyvGfi4cE10=,mgu+/HQPqxW9U5DlTTpNff3c/B8=
-26,7,WTTnMrb4F0vRiOmMJcHAICjmG3Q=,mgu+/HQPqxW9U5DlTTpNff3c/B8=
-32,3,jDLYjyunxFExHPXTSyvGfi4cE10=,mgu+/HQPqxW9U5DlTTpNff3c/B8=
-28,7,jDLYjyunxFExHPXTSyvGfi4cE10=,mgu+/HQPqxW9U5DlTTpNff3c/B8=
-24,0,WTTnMrb4F0vRiOmMJcHAICjmG3Q=,mgu+/HQPqxW9U5DlTTpNff3c/B8=
-28,2,jDLYjyunxFExHPXTSyvGfi4cE10=,mgu+/HQPqxW9U5DlTTpNff3c/B8=
-22,2,WTTnMrb4F0vRiOmMJcHAICjmG3Q=,mgu+/HQPqxW9U5DlTTpNff3c/B8=
-23,2,WTTnMrb4F0vRiOmMJcHAICjmG3Q=,mgu+/HQPqxW9U5DlTTpNff3c/B8=
-31,2,jDLYjyunxFExHPXTSyvGfi4cE10=,mgu+/HQPqxW9U5DlTTpNff3c/B8=
-23,5,WTTnMrb4F0vRiOmMJcHAICjmG3Q=,mgu+/HQPqxW9U5DlTTpNff3c/B8=
-24,2,WTTnMrb4F0vRiOmMJcHAICjmG3Q=,mgu+/HQPqxW9U5DlTTpNff3c/B8=
-24,5,WTTnMrb4F0vRiOmMJcHAICjmG3Q=,mgu+/HQPqxW9U5DlTTpNff3c/B8=
-32,2,jDLYjyunxFExHPXTSyvGfi4cE10=,mgu+/HQPqxW9U5DlTTpNff3c/B8=
-27,7,WTTnMrb4F0vRiOmMJcHAICjmG3Q=,mgu+/HQPqxW9U5DlTTpNff3c/B8=
-29,7,jDLYjyunxFExHPXTSyvGfi4cE10=,mgu+/HQPqxW9U5DlTTpNff3c/B8=
-30,7,jDLYjyunxFExHPXTSyvGfi4cE10=,mgu+/HQPqxW9U5DlTTpNff3c/B8=
-31,7,jDLYjyunxFExHPXTSyvGfi4cE10=,mgu+/HQPqxW9U5DlTTpNff3c/B8=
-22,6,WTTnMrb4F0vRiOmMJcHAICjmG3Q=,mgu+/HQPqxW9U5DlTTpNff3c/B8=
-32,7,jDLYjyunxFExHPXTSyvGfi4cE10=,mgu+/HQPqxW9U5DlTTpNff3c/B8=
-22,1,WTTnMrb4F0vRiOmMJcHAICjmG3Q=,mgu+/HQPqxW9U5DlTTpNff3c/B8=
-23,6,WTTnMrb4F0vRiOmMJcHAICjmG3Q=,mgu+/HQPqxW9U5DlTTpNff3c/B8=
-25,6,WTTnMrb4F0vRiOmMJcHAICjmG3Q=,mgu+/HQPqxW9U5DlTTpNff3c/B8=
-24,6,WTTnMrb4F0vRiOmMJcHAICjmG3Q=,mgu+/HQPqxW9U5DlTTpNff3c/B8=
-27,4,WTTnMrb4F0vRiOmMJcHAICjmG3Q=,mgu+/HQPqxW9U5DlTTpNff3c/B8=
-26,6,WTTnMrb4F0vRiOmMJcHAICjmG3Q=,mgu+/HQPqxW9U5DlTTpNff3c/B8=
-31,0,jDLYjyunxFExHPXTSyvGfi4cE10=,mgu+/HQPqxW9U5DlTTpNff3c/B8=
-32,0,jDLYjyunxFExHPXTSyvGfi4cE10=,mgu+/HQPqxW9U5DlTTpNff3c/B8=
-22,4,WTTnMrb4F0vRiOmMJcHAICjmG3Q=,mgu+/HQPqxW9U5DlTTpNff3c/B8=
-23,4,WTTnMrb4F0vRiOmMJcHAICjmG3Q=,mgu+/HQPqxW9U5DlTTpNff3c/B8=
-24,4,WTTnMrb4F0vRiOmMJcHAICjmG3Q=,mgu+/HQPqxW9U5DlTTpNff3c/B8=
-27,6,WTTnMrb4F0vRiOmMJcHAICjmG3Q=,mgu+/HQPqxW9U5DlTTpNff3c/B8=
-30,0,jDLYjyunxFExHPXTSyvGfi4cE10=,mgu+/HQPqxW9U5DlTTpNff3c/B8=
-24,1,WTTnMrb4F0vRiOmMJcHAICjmG3Q=,mgu+/HQPqxW9U5DlTTpNff3c/B8=
-29,4,jDLYjyunxFExHPXTSyvGfi4cE10=,mgu+/HQPqxW9U5DlTTpNff3c/B8=
-31,1,jDLYjyunxFExHPXTSyvGfi4cE10=,mgu+/HQPqxW9U5DlTTpNff3c/B8=
-28,6,jDLYjyunxFExHPXTSyvGfi4cE10=,mgu+/HQPqxW9U5DlTTpNff3c/B8=
-23,1,WTTnMrb4F0vRiOmMJcHAICjmG3Q=,mgu+/HQPqxW9U5DlTTpNff3c/B8=
-29,6,jDLYjyunxFExHPXTSyvGfi4cE10=,mgu+/HQPqxW9U5DlTTpNff3c/B8=
-30,6,jDLYjyunxFExHPXTSyvGfi4cE10=,mgu+/HQPqxW9U5DlTTpNff3c/B8=
-31,6,jDLYjyunxFExHPXTSyvGfi4cE10=,mgu+/HQPqxW9U5DlTTpNff3c/B8=
-32,6,jDLYjyunxFExHPXTSyvGfi4cE10=,mgu+/HQPqxW9U5DlTTpNff3c/B8=
-26,2,WTTnMrb4F0vRiOmMJcHAICjmG3Q=,mgu+/HQPqxW9U5DlTTpNff3c/B8=
-30,1,jDLYjyunxFExHPXTSyvGfi4cE10=,mgu+/HQPqxW9U5DlTTpNff3c/B8=
-29,1,jDLYjyunxFExHPXTSyvGfi4cE10=,mgu+/HQPqxW9U5DlTTpNff3c/B8=
-29,0,jDLYjyunxFExHPXTSyvGfi4cE10=,mgu+/HQPqxW9U5DlTTpNff3c/B8=
-27,0,WTTnMrb4F0vRiOmMJcHAICjmG3Q=,mgu+/HQPqxW9U5DlTTpNff3c/B8=
-28,1,jDLYjyunxFExHPXTSyvGfi4cE10=,mgu+/HQPqxW9U5DlTTpNff3c/B8=
-27,2,WTTnMrb4F0vRiOmMJcHAICjmG3Q=,mgu+/HQPqxW9U5DlTTpNff3c/B8=
-26,1,WTTnMrb4F0vRiOmMJcHAICjmG3Q=,mgu+/HQPqxW9U5DlTTpNff3c/B8=
-30,2,jDLYjyunxFExHPXTSyvGfi4cE10=,mgu+/HQPqxW9U5DlTTpNff3c/B8=
-25,1,WTTnMrb4F0vRiOmMJcHAICjmG3Q=,mgu+/HQPqxW9U5DlTTpNff3c/B8=
-27,1,WTTnMrb4F0vRiOmMJcHAICjmG3Q=,mgu+/HQPqxW9U5DlTTpNff3c/B8=
-28,0,jDLYjyunxFExHPXTSyvGfi4cE10=,mgu+/HQPqxW9U5DlTTpNff3c/B8=
-29,2,jDLYjyunxFExHPXTSyvGfi4cE10=,mgu+/HQPqxW9U5DlTTpNff3c/B8=
-26,0,WTTnMrb4F0vRiOmMJcHAICjmG3Q=,mgu+/HQPqxW9U5DlTTpNff3c/B8=
-29,3,jDLYjyunxFExHPXTSyvGfi4cE10=,mgu+/HQPqxW9U5DlTTpNff3c/B8=
-30,4,jDLYjyunxFExHPXTSyvGfi4cE10=,mgu+/HQPqxW9U5DlTTpNff3c/B8=
-28,3,jDLYjyunxFExHPXTSyvGfi4cE10=,mgu+/HQPqxW9U5DlTTpNff3c/B8=
-23,0,WTTnMrb4F0vRiOmMJcHAICjmG3Q=,mgu+/HQPqxW9U5DlTTpNff3c/B8=
-13,11,RVYLPdL5cR6H6Dj83LaXAgpkFJQ=,mgu+/HQPqxW9U5DlTTpNff3c/B8=
-12,12,RVYLPdL5cR6H6Dj83LaXAgpkFJQ=,mgu+/HQPqxW9U5DlTTpNff3c/B8=
-13,12,RVYLPdL5cR6H6Dj83LaXAgpkFJQ=,mgu+/HQPqxW9U5DlTTpNff3c/B8=
-12,11,RVYLPdL5cR6H6Dj83LaXAgpkFJQ=,mgu+/HQPqxW9U5DlTTpNff3c/B8=
-14,11,BQOTB7OUlrIIrlFSOGcUPx4dMo4=,mgu+/HQPqxW9U5DlTTpNff3c/B8=
-15,11,BQOTB7OUlrIIrlFSOGcUPx4dMo4=,mgu+/HQPqxW9U5DlTTpNff3c/B8=
-16,11,BQOTB7OUlrIIrlFSOGcUPx4dMo4=,mgu+/HQPqxW9U5DlTTpNff3c/B8=
-14,12,BQOTB7OUlrIIrlFSOGcUPx4dMo4=,mgu+/HQPqxW9U5DlTTpNff3c/B8=
-15,12,BQOTB7OUlrIIrlFSOGcUPx4dMo4=,mgu+/HQPqxW9U5DlTTpNff3c/B8=
-16,12,BQOTB7OUlrIIrlFSOGcUPx4dMo4=,mgu+/HQPqxW9U5DlTTpNff3c/B8=
-13,14,BQOTB7OUlrIIrlFSOGcUPx4dMo4=,mgu+/HQPqxW9U5DlTTpNff3c/B8=
-13,15,BQOTB7OUlrIIrlFSOGcUPx4dMo4=,mgu+/HQPqxW9U5DlTTpNff3c/B8=
-12,15,BQOTB7OUlrIIrlFSOGcUPx4dMo4=,mgu+/HQPqxW9U5DlTTpNff3c/B8=
-12,13,BQOTB7OUlrIIrlFSOGcUPx4dMo4=,mgu+/HQPqxW9U5DlTTpNff3c/B8=
-13,13,BQOTB7OUlrIIrlFSOGcUPx4dMo4=,mgu+/HQPqxW9U5DlTTpNff3c/B8=
-12,14,BQOTB7OUlrIIrlFSOGcUPx4dMo4=,mgu+/HQPqxW9U5DlTTpNff3c/B8=
-14,14,BQOTB7OUlrIIrlFSOGcUPx4dMo4=,mgu+/HQPqxW9U5DlTTpNff3c/B8=
-15,14,BQOTB7OUlrIIrlFSOGcUPx4dMo4=,mgu+/HQPqxW9U5DlTTpNff3c/B8=
-16,15,BQOTB7OUlrIIrlFSOGcUPx4dMo4=,mgu+/HQPqxW9U5DlTTpNff3c/B8=
-16,14,BQOTB7OUlrIIrlFSOGcUPx4dMo4=,mgu+/HQPqxW9U5DlTTpNff3c/B8=
-14,13,BQOTB7OUlrIIrlFSOGcUPx4dMo4=,mgu+/HQPqxW9U5DlTTpNff3c/B8=
-16,13,BQOTB7OUlrIIrlFSOGcUPx4dMo4=,mgu+/HQPqxW9U5DlTTpNff3c/B8=
-15,13,BQOTB7OUlrIIrlFSOGcUPx4dMo4=,mgu+/HQPqxW9U5DlTTpNff3c/B8=
-15,15,BQOTB7OUlrIIrlFSOGcUPx4dMo4=,mgu+/HQPqxW9U5DlTTpNff3c/B8=
-14,15,BQOTB7OUlrIIrlFSOGcUPx4dMo4=,mgu+/HQPqxW9U5DlTTpNff3c/B8=
-10,15,B+NSy77Zddy4oQX/s4OQxiYfQ0U=,mgu+/HQPqxW9U5DlTTpNff3c/B8=
-5,11,B+NSy77Zddy4oQX/s4OQxiYfQ0U=,mgu+/HQPqxW9U5DlTTpNff3c/B8=
-11,15,B+NSy77Zddy4oQX/s4OQxiYfQ0U=,mgu+/HQPqxW9U5DlTTpNff3c/B8=
-9,13,B+NSy77Zddy4oQX/s4OQxiYfQ0U=,mgu+/HQPqxW9U5DlTTpNff3c/B8=
-10,13,B+NSy77Zddy4oQX/s4OQxiYfQ0U=,mgu+/HQPqxW9U5DlTTpNff3c/B8=
-11,13,B+NSy77Zddy4oQX/s4OQxiYfQ0U=,mgu+/HQPqxW9U5DlTTpNff3c/B8=
-9,14,B+NSy77Zddy4oQX/s4OQxiYfQ0U=,mgu+/HQPqxW9U5DlTTpNff3c/B8=
-10,14,B+NSy77Zddy4oQX/s4OQxiYfQ0U=,mgu+/HQPqxW9U5DlTTpNff3c/B8=
-9,12,B+NSy77Zddy4oQX/s4OQxiYfQ0U=,mgu+/HQPqxW9U5DlTTpNff3c/B8=
-7,11,B+NSy77Zddy4oQX/s4OQxiYfQ0U=,mgu+/HQPqxW9U5DlTTpNff3c/B8=
-8,11,B+NSy77Zddy4oQX/s4OQxiYfQ0U=,mgu+/HQPqxW9U5DlTTpNff3c/B8=
-11,12,B+NSy77Zddy4oQX/s4OQxiYfQ0U=,mgu+/HQPqxW9U5DlTTpNff3c/B8=
-1,15,B+NSy77Zddy4oQX/s4OQxiYfQ0U=,mgu+/HQPqxW9U5DlTTpNff3c/B8=
-2,15,B+NSy77Zddy4oQX/s4OQxiYfQ0U=,mgu+/HQPqxW9U5DlTTpNff3c/B8=
-3,15,B+NSy77Zddy4oQX/s4OQxiYfQ0U=,mgu+/HQPqxW9U5DlTTpNff3c/B8=
-4,15,B+NSy77Zddy4oQX/s4OQxiYfQ0U=,mgu+/HQPqxW9U5DlTTpNff3c/B8=
-5,15,B+NSy77Zddy4oQX/s4OQxiYfQ0U=,mgu+/HQPqxW9U5DlTTpNff3c/B8=
-6,15,B+NSy77Zddy4oQX/s4OQxiYfQ0U=,mgu+/HQPqxW9U5DlTTpNff3c/B8=
-11,14,B+NSy77Zddy4oQX/s4OQxiYfQ0U=,mgu+/HQPqxW9U5DlTTpNff3c/B8=
-8,15,B+NSy77Zddy4oQX/s4OQxiYfQ0U=,mgu+/HQPqxW9U5DlTTpNff3c/B8=
-1,14,B+NSy77Zddy4oQX/s4OQxiYfQ0U=,mgu+/HQPqxW9U5DlTTpNff3c/B8=
-2,14,B+NSy77Zddy4oQX/s4OQxiYfQ0U=,mgu+/HQPqxW9U5DlTTpNff3c/B8=
-6,11,B+NSy77Zddy4oQX/s4OQxiYfQ0U=,mgu+/HQPqxW9U5DlTTpNff3c/B8=
-3,14,B+NSy77Zddy4oQX/s4OQxiYfQ0U=,mgu+/HQPqxW9U5DlTTpNff3c/B8=
-4,14,B+NSy77Zddy4oQX/s4OQxiYfQ0U=,mgu+/HQPqxW9U5DlTTpNff3c/B8=
-7,14,B+NSy77Zddy4oQX/s4OQxiYfQ0U=,mgu+/HQPqxW9U5DlTTpNff3c/B8=
-5,14,B+NSy77Zddy4oQX/s4OQxiYfQ0U=,mgu+/HQPqxW9U5DlTTpNff3c/B8=
-8,14,B+NSy77Zddy4oQX/s4OQxiYfQ0U=,mgu+/HQPqxW9U5DlTTpNff3c/B8=
-2,13,B+NSy77Zddy4oQX/s4OQxiYfQ0U=,mgu+/HQPqxW9U5DlTTpNff3c/B8=
-3,13,B+NSy77Zddy4oQX/s4OQxiYfQ0U=,mgu+/HQPqxW9U5DlTTpNff3c/B8=
-7,15,B+NSy77Zddy4oQX/s4OQxiYfQ0U=,mgu+/HQPqxW9U5DlTTpNff3c/B8=
-9,11,B+NSy77Zddy4oQX/s4OQxiYfQ0U=,mgu+/HQPqxW9U5DlTTpNff3c/B8=
-7,13,B+NSy77Zddy4oQX/s4OQxiYfQ0U=,mgu+/HQPqxW9U5DlTTpNff3c/B8=
-8,13,B+NSy77Zddy4oQX/s4OQxiYfQ0U=,mgu+/HQPqxW9U5DlTTpNff3c/B8=
-4,11,B+NSy77Zddy4oQX/s4OQxiYfQ0U=,mgu+/HQPqxW9U5DlTTpNff3c/B8=
-1,13,B+NSy77Zddy4oQX/s4OQxiYfQ0U=,mgu+/HQPqxW9U5DlTTpNff3c/B8=
-4,13,B+NSy77Zddy4oQX/s4OQxiYfQ0U=,mgu+/HQPqxW9U5DlTTpNff3c/B8=
-8,12,B+NSy77Zddy4oQX/s4OQxiYfQ0U=,mgu+/HQPqxW9U5DlTTpNff3c/B8=
-10,11,B+NSy77Zddy4oQX/s4OQxiYfQ0U=,mgu+/HQPqxW9U5DlTTpNff3c/B8=
-6,14,B+NSy77Zddy4oQX/s4OQxiYfQ0U=,mgu+/HQPqxW9U5DlTTpNff3c/B8=
-6,13,B+NSy77Zddy4oQX/s4OQxiYfQ0U=,mgu+/HQPqxW9U5DlTTpNff3c/B8=
-9,15,B+NSy77Zddy4oQX/s4OQxiYfQ0U=,mgu+/HQPqxW9U5DlTTpNff3c/B8=
-7,12,B+NSy77Zddy4oQX/s4OQxiYfQ0U=,mgu+/HQPqxW9U5DlTTpNff3c/B8=
-3,12,B+NSy77Zddy4oQX/s4OQxiYfQ0U=,mgu+/HQPqxW9U5DlTTpNff3c/B8=
-11,11,B+NSy77Zddy4oQX/s4OQxiYfQ0U=,mgu+/HQPqxW9U5DlTTpNff3c/B8=
-1,11,B+NSy77Zddy4oQX/s4OQxiYfQ0U=,mgu+/HQPqxW9U5DlTTpNff3c/B8=
-5,13,B+NSy77Zddy4oQX/s4OQxiYfQ0U=,mgu+/HQPqxW9U5DlTTpNff3c/B8=
-2,11,B+NSy77Zddy4oQX/s4OQxiYfQ0U=,mgu+/HQPqxW9U5DlTTpNff3c/B8=
-2,12,B+NSy77Zddy4oQX/s4OQxiYfQ0U=,mgu+/HQPqxW9U5DlTTpNff3c/B8=
-6,12,B+NSy77Zddy4oQX/s4OQxiYfQ0U=,mgu+/HQPqxW9U5DlTTpNff3c/B8=
-5,12,B+NSy77Zddy4oQX/s4OQxiYfQ0U=,mgu+/HQPqxW9U5DlTTpNff3c/B8=
-1,12,B+NSy77Zddy4oQX/s4OQxiYfQ0U=,mgu+/HQPqxW9U5DlTTpNff3c/B8=
-4,12,B+NSy77Zddy4oQX/s4OQxiYfQ0U=,mgu+/HQPqxW9U5DlTTpNff3c/B8=
-3,11,B+NSy77Zddy4oQX/s4OQxiYfQ0U=,mgu+/HQPqxW9U5DlTTpNff3c/B8=
-10,12,B+NSy77Zddy4oQX/s4OQxiYfQ0U=,mgu+/HQPqxW9U5DlTTpNff3c/B8=
-13,7,1mh9VVUjo6MG08JYDYzAmzMKgyM=,mgu+/HQPqxW9U5DlTTpNff3c/B8=
-14,7,1mh9VVUjo6MG08JYDYzAmzMKgyM=,mgu+/HQPqxW9U5DlTTpNff3c/B8=
-13,4,1mh9VVUjo6MG08JYDYzAmzMKgyM=,mgu+/HQPqxW9U5DlTTpNff3c/B8=
-15,7,1mh9VVUjo6MG08JYDYzAmzMKgyM=,mgu+/HQPqxW9U5DlTTpNff3c/B8=
-14,4,1mh9VVUjo6MG08JYDYzAmzMKgyM=,mgu+/HQPqxW9U5DlTTpNff3c/B8=
-16,7,1mh9VVUjo6MG08JYDYzAmzMKgyM=,mgu+/HQPqxW9U5DlTTpNff3c/B8=
-14,3,1mh9VVUjo6MG08JYDYzAmzMKgyM=,mgu+/HQPqxW9U5DlTTpNff3c/B8=
-15,2,1mh9VVUjo6MG08JYDYzAmzMKgyM=,mgu+/HQPqxW9U5DlTTpNff3c/B8=
-15,3,1mh9VVUjo6MG08JYDYzAmzMKgyM=,mgu+/HQPqxW9U5DlTTpNff3c/B8=
-16,3,1mh9VVUjo6MG08JYDYzAmzMKgyM=,mgu+/HQPqxW9U5DlTTpNff3c/B8=
-15,8,1mh9VVUjo6MG08JYDYzAmzMKgyM=,mgu+/HQPqxW9U5DlTTpNff3c/B8=
-16,2,1mh9VVUjo6MG08JYDYzAmzMKgyM=,mgu+/HQPqxW9U5DlTTpNff3c/B8=
-13,6,1mh9VVUjo6MG08JYDYzAmzMKgyM=,mgu+/HQPqxW9U5DlTTpNff3c/B8=
-16,8,1mh9VVUjo6MG08JYDYzAmzMKgyM=,mgu+/HQPqxW9U5DlTTpNff3c/B8=
-13,10,1mh9VVUjo6MG08JYDYzAmzMKgyM=,mgu+/HQPqxW9U5DlTTpNff3c/B8=
-12,10,1mh9VVUjo6MG08JYDYzAmzMKgyM=,mgu+/HQPqxW9U5DlTTpNff3c/B8=
-15,4,1mh9VVUjo6MG08JYDYzAmzMKgyM=,mgu+/HQPqxW9U5DlTTpNff3c/B8=
-12,6,1mh9VVUjo6MG08JYDYzAmzMKgyM=,mgu+/HQPqxW9U5DlTTpNff3c/B8=
-16,4,1mh9VVUjo6MG08JYDYzAmzMKgyM=,mgu+/HQPqxW9U5DlTTpNff3c/B8=
-14,10,1mh9VVUjo6MG08JYDYzAmzMKgyM=,mgu+/HQPqxW9U5DlTTpNff3c/B8=
-14,6,1mh9VVUjo6MG08JYDYzAmzMKgyM=,mgu+/HQPqxW9U5DlTTpNff3c/B8=
-16,6,1mh9VVUjo6MG08JYDYzAmzMKgyM=,mgu+/HQPqxW9U5DlTTpNff3c/B8=
-15,10,1mh9VVUjo6MG08JYDYzAmzMKgyM=,mgu+/HQPqxW9U5DlTTpNff3c/B8=
-16,10,1mh9VVUjo6MG08JYDYzAmzMKgyM=,mgu+/HQPqxW9U5DlTTpNff3c/B8=
-15,6,1mh9VVUjo6MG08JYDYzAmzMKgyM=,mgu+/HQPqxW9U5DlTTpNff3c/B8=
-12,2,1mh9VVUjo6MG08JYDYzAmzMKgyM=,mgu+/HQPqxW9U5DlTTpNff3c/B8=
-12,0,1mh9VVUjo6MG08JYDYzAmzMKgyM=,mgu+/HQPqxW9U5DlTTpNff3c/B8=
-12,1,1mh9VVUjo6MG08JYDYzAmzMKgyM=,mgu+/HQPqxW9U5DlTTpNff3c/B8=
-13,0,1mh9VVUjo6MG08JYDYzAmzMKgyM=,mgu+/HQPqxW9U5DlTTpNff3c/B8=
-14,1,1mh9VVUjo6MG08JYDYzAmzMKgyM=,mgu+/HQPqxW9U5DlTTpNff3c/B8=
-14,2,1mh9VVUjo6MG08JYDYzAmzMKgyM=,mgu+/HQPqxW9U5DlTTpNff3c/B8=
-13,1,1mh9VVUjo6MG08JYDYzAmzMKgyM=,mgu+/HQPqxW9U5DlTTpNff3c/B8=
-13,2,1mh9VVUjo6MG08JYDYzAmzMKgyM=,mgu+/HQPqxW9U5DlTTpNff3c/B8=
-12,5,1mh9VVUjo6MG08JYDYzAmzMKgyM=,mgu+/HQPqxW9U5DlTTpNff3c/B8=
-14,5,1mh9VVUjo6MG08JYDYzAmzMKgyM=,mgu+/HQPqxW9U5DlTTpNff3c/B8=
-13,5,1mh9VVUjo6MG08JYDYzAmzMKgyM=,mgu+/HQPqxW9U5DlTTpNff3c/B8=
-12,9,1mh9VVUjo6MG08JYDYzAmzMKgyM=,mgu+/HQPqxW9U5DlTTpNff3c/B8=
-14,9,1mh9VVUjo6MG08JYDYzAmzMKgyM=,mgu+/HQPqxW9U5DlTTpNff3c/B8=
-13,9,1mh9VVUjo6MG08JYDYzAmzMKgyM=,mgu+/HQPqxW9U5DlTTpNff3c/B8=
-13,3,1mh9VVUjo6MG08JYDYzAmzMKgyM=,mgu+/HQPqxW9U5DlTTpNff3c/B8=
-12,4,1mh9VVUjo6MG08JYDYzAmzMKgyM=,mgu+/HQPqxW9U5DlTTpNff3c/B8=
-15,9,1mh9VVUjo6MG08JYDYzAmzMKgyM=,mgu+/HQPqxW9U5DlTTpNff3c/B8=
-16,9,1mh9VVUjo6MG08JYDYzAmzMKgyM=,mgu+/HQPqxW9U5DlTTpNff3c/B8=
-15,5,1mh9VVUjo6MG08JYDYzAmzMKgyM=,mgu+/HQPqxW9U5DlTTpNff3c/B8=
-12,8,1mh9VVUjo6MG08JYDYzAmzMKgyM=,mgu+/HQPqxW9U5DlTTpNff3c/B8=
-13,8,1mh9VVUjo6MG08JYDYzAmzMKgyM=,mgu+/HQPqxW9U5DlTTpNff3c/B8=
-14,0,1mh9VVUjo6MG08JYDYzAmzMKgyM=,mgu+/HQPqxW9U5DlTTpNff3c/B8=
-12,3,1mh9VVUjo6MG08JYDYzAmzMKgyM=,mgu+/HQPqxW9U5DlTTpNff3c/B8=
-16,5,1mh9VVUjo6MG08JYDYzAmzMKgyM=,mgu+/HQPqxW9U5DlTTpNff3c/B8=
-16,1,1mh9VVUjo6MG08JYDYzAmzMKgyM=,mgu+/HQPqxW9U5DlTTpNff3c/B8=
-14,8,1mh9VVUjo6MG08JYDYzAmzMKgyM=,mgu+/HQPqxW9U5DlTTpNff3c/B8=
-15,0,1mh9VVUjo6MG08JYDYzAmzMKgyM=,mgu+/HQPqxW9U5DlTTpNff3c/B8=
-12,7,1mh9VVUjo6MG08JYDYzAmzMKgyM=,mgu+/HQPqxW9U5DlTTpNff3c/B8=
-16,0,1mh9VVUjo6MG08JYDYzAmzMKgyM=,mgu+/HQPqxW9U5DlTTpNff3c/B8=
-15,1,1mh9VVUjo6MG08JYDYzAmzMKgyM=,mgu+/HQPqxW9U5DlTTpNff3c/B8=
-5,5,B+NSy77Zddy4oQX/s4OQxiYfQ0U=,mgu+/HQPqxW9U5DlTTpNff3c/B8=
-5,3,BQOTB7OUlrIIrlFSOGcUPx4dMo4=,mgu+/HQPqxW9U5DlTTpNff3c/B8=
-2,10,B+NSy77Zddy4oQX/s4OQxiYfQ0U=,mgu+/HQPqxW9U5DlTTpNff3c/B8=
-6,3,1mh9VVUjo6MG08JYDYzAmzMKgyM=,mgu+/HQPqxW9U5DlTTpNff3c/B8=
-4,10,B+NSy77Zddy4oQX/s4OQxiYfQ0U=,mgu+/HQPqxW9U5DlTTpNff3c/B8=
-7,3,1mh9VVUjo6MG08JYDYzAmzMKgyM=,mgu+/HQPqxW9U5DlTTpNff3c/B8=
-9,6,B+NSy77Zddy4oQX/s4OQxiYfQ0U=,mgu+/HQPqxW9U5DlTTpNff3c/B8=
-1,10,B+NSy77Zddy4oQX/s4OQxiYfQ0U=,mgu+/HQPqxW9U5DlTTpNff3c/B8=
-8,3,1mh9VVUjo6MG08JYDYzAmzMKgyM=,mgu+/HQPqxW9U5DlTTpNff3c/B8=
-1,7,B+NSy77Zddy4oQX/s4OQxiYfQ0U=,mgu+/HQPqxW9U5DlTTpNff3c/B8=
-11,6,B+NSy77Zddy4oQX/s4OQxiYfQ0U=,mgu+/HQPqxW9U5DlTTpNff3c/B8=
-11,4,1mh9VVUjo6MG08JYDYzAmzMKgyM=,mgu+/HQPqxW9U5DlTTpNff3c/B8=
-5,7,B+NSy77Zddy4oQX/s4OQxiYfQ0U=,mgu+/HQPqxW9U5DlTTpNff3c/B8=
-10,4,1mh9VVUjo6MG08JYDYzAmzMKgyM=,mgu+/HQPqxW9U5DlTTpNff3c/B8=
-5,10,B+NSy77Zddy4oQX/s4OQxiYfQ0U=,mgu+/HQPqxW9U5DlTTpNff3c/B8=
-4,3,BQOTB7OUlrIIrlFSOGcUPx4dMo4=,mgu+/HQPqxW9U5DlTTpNff3c/B8=
-6,7,B+NSy77Zddy4oQX/s4OQxiYfQ0U=,mgu+/HQPqxW9U5DlTTpNff3c/B8=
-9,10,B+NSy77Zddy4oQX/s4OQxiYfQ0U=,mgu+/HQPqxW9U5DlTTpNff3c/B8=
-9,4,1mh9VVUjo6MG08JYDYzAmzMKgyM=,mgu+/HQPqxW9U5DlTTpNff3c/B8=
-7,7,B+NSy77Zddy4oQX/s4OQxiYfQ0U=,mgu+/HQPqxW9U5DlTTpNff3c/B8=
-4,7,B+NSy77Zddy4oQX/s4OQxiYfQ0U=,mgu+/HQPqxW9U5DlTTpNff3c/B8=
-4,5,B+NSy77Zddy4oQX/s4OQxiYfQ0U=,mgu+/HQPqxW9U5DlTTpNff3c/B8=
-8,7,B+NSy77Zddy4oQX/s4OQxiYfQ0U=,mgu+/HQPqxW9U5DlTTpNff3c/B8=
-3,5,B+NSy77Zddy4oQX/s4OQxiYfQ0U=,mgu+/HQPqxW9U5DlTTpNff3c/B8=
-6,2,1mh9VVUjo6MG08JYDYzAmzMKgyM=,mgu+/HQPqxW9U5DlTTpNff3c/B8=
-3,2,1mh9VVUjo6MG08JYDYzAmzMKgyM=,mgu+/HQPqxW9U5DlTTpNff3c/B8=
-5,2,BQOTB7OUlrIIrlFSOGcUPx4dMo4=,mgu+/HQPqxW9U5DlTTpNff3c/B8=
-10,10,B+NSy77Zddy4oQX/s4OQxiYfQ0U=,mgu+/HQPqxW9U5DlTTpNff3c/B8=
-6,10,B+NSy77Zddy4oQX/s4OQxiYfQ0U=,mgu+/HQPqxW9U5DlTTpNff3c/B8=
-7,2,1mh9VVUjo6MG08JYDYzAmzMKgyM=,mgu+/HQPqxW9U5DlTTpNff3c/B8=
-1,6,B+NSy77Zddy4oQX/s4OQxiYfQ0U=,mgu+/HQPqxW9U5DlTTpNff3c/B8=
-10,6,B+NSy77Zddy4oQX/s4OQxiYfQ0U=,mgu+/HQPqxW9U5DlTTpNff3c/B8=
-6,5,B+NSy77Zddy4oQX/s4OQxiYfQ0U=,mgu+/HQPqxW9U5DlTTpNff3c/B8=
-11,10,B+NSy77Zddy4oQX/s4OQxiYfQ0U=,mgu+/HQPqxW9U5DlTTpNff3c/B8=
-3,10,B+NSy77Zddy4oQX/s4OQxiYfQ0U=,mgu+/HQPqxW9U5DlTTpNff3c/B8=
-11,2,1mh9VVUjo6MG08JYDYzAmzMKgyM=,mgu+/HQPqxW9U5DlTTpNff3c/B8=
-10,1,1mh9VVUjo6MG08JYDYzAmzMKgyM=,mgu+/HQPqxW9U5DlTTpNff3c/B8=
-8,10,B+NSy77Zddy4oQX/s4OQxiYfQ0U=,mgu+/HQPqxW9U5DlTTpNff3c/B8=
-2,1,1mh9VVUjo6MG08JYDYzAmzMKgyM=,mgu+/HQPqxW9U5DlTTpNff3c/B8=
-9,7,B+NSy77Zddy4oQX/s4OQxiYfQ0U=,mgu+/HQPqxW9U5DlTTpNff3c/B8=
-3,1,1mh9VVUjo6MG08JYDYzAmzMKgyM=,mgu+/HQPqxW9U5DlTTpNff3c/B8=
-3,6,B+NSy77Zddy4oQX/s4OQxiYfQ0U=,mgu+/HQPqxW9U5DlTTpNff3c/B8=
-10,0,1mh9VVUjo6MG08JYDYzAmzMKgyM=,mgu+/HQPqxW9U5DlTTpNff3c/B8=
-1,1,1mh9VVUjo6MG08JYDYzAmzMKgyM=,mgu+/HQPqxW9U5DlTTpNff3c/B8=
-9,3,1mh9VVUjo6MG08JYDYzAmzMKgyM=,mgu+/HQPqxW9U5DlTTpNff3c/B8=
-3,9,B+NSy77Zddy4oQX/s4OQxiYfQ0U=,mgu+/HQPqxW9U5DlTTpNff3c/B8=
-10,2,1mh9VVUjo6MG08JYDYzAmzMKgyM=,mgu+/HQPqxW9U5DlTTpNff3c/B8=
-11,0,1mh9VVUjo6MG08JYDYzAmzMKgyM=,mgu+/HQPqxW9U5DlTTpNff3c/B8=
-9,1,1mh9VVUjo6MG08JYDYzAmzMKgyM=,mgu+/HQPqxW9U5DlTTpNff3c/B8=
-3,4,BQOTB7OUlrIIrlFSOGcUPx4dMo4=,mgu+/HQPqxW9U5DlTTpNff3c/B8=
-2,9,B+NSy77Zddy4oQX/s4OQxiYfQ0U=,mgu+/HQPqxW9U5DlTTpNff3c/B8=
-9,9,B+NSy77Zddy4oQX/s4OQxiYfQ0U=,mgu+/HQPqxW9U5DlTTpNff3c/B8=
-4,6,B+NSy77Zddy4oQX/s4OQxiYfQ0U=,mgu+/HQPqxW9U5DlTTpNff3c/B8=
-5,9,B+NSy77Zddy4oQX/s4OQxiYfQ0U=,mgu+/HQPqxW9U5DlTTpNff3c/B8=
-9,5,B+NSy77Zddy4oQX/s4OQxiYfQ0U=,mgu+/HQPqxW9U5DlTTpNff3c/B8=
-9,0,1mh9VVUjo6MG08JYDYzAmzMKgyM=,mgu+/HQPqxW9U5DlTTpNff3c/B8=
-6,9,B+NSy77Zddy4oQX/s4OQxiYfQ0U=,mgu+/HQPqxW9U5DlTTpNff3c/B8=
-11,7,B+NSy77Zddy4oQX/s4OQxiYfQ0U=,mgu+/HQPqxW9U5DlTTpNff3c/B8=
-6,1,1mh9VVUjo6MG08JYDYzAmzMKgyM=,mgu+/HQPqxW9U5DlTTpNff3c/B8=
-6,6,B+NSy77Zddy4oQX/s4OQxiYfQ0U=,mgu+/HQPqxW9U5DlTTpNff3c/B8=
-1,9,B+NSy77Zddy4oQX/s4OQxiYfQ0U=,mgu+/HQPqxW9U5DlTTpNff3c/B8=
-8,1,1mh9VVUjo6MG08JYDYzAmzMKgyM=,mgu+/HQPqxW9U5DlTTpNff3c/B8=
-10,9,B+NSy77Zddy4oQX/s4OQxiYfQ0U=,mgu+/HQPqxW9U5DlTTpNff3c/B8=
-4,9,B+NSy77Zddy4oQX/s4OQxiYfQ0U=,mgu+/HQPqxW9U5DlTTpNff3c/B8=
-11,9,B+NSy77Zddy4oQX/s4OQxiYfQ0U=,mgu+/HQPqxW9U5DlTTpNff3c/B8=
-7,9,B+NSy77Zddy4oQX/s4OQxiYfQ0U=,mgu+/HQPqxW9U5DlTTpNff3c/B8=
-11,1,1mh9VVUjo6MG08JYDYzAmzMKgyM=,mgu+/HQPqxW9U5DlTTpNff3c/B8=
-4,4,BQOTB7OUlrIIrlFSOGcUPx4dMo4=,mgu+/HQPqxW9U5DlTTpNff3c/B8=
-3,7,B+NSy77Zddy4oQX/s4OQxiYfQ0U=,mgu+/HQPqxW9U5DlTTpNff3c/B8=
-4,2,BQOTB7OUlrIIrlFSOGcUPx4dMo4=,mgu+/HQPqxW9U5DlTTpNff3c/B8=
-5,0,BQOTB7OUlrIIrlFSOGcUPx4dMo4=,mgu+/HQPqxW9U5DlTTpNff3c/B8=
-8,9,B+NSy77Zddy4oQX/s4OQxiYfQ0U=,mgu+/HQPqxW9U5DlTTpNff3c/B8=
-8,0,1mh9VVUjo6MG08JYDYzAmzMKgyM=,mgu+/HQPqxW9U5DlTTpNff3c/B8=
-2,2,1mh9VVUjo6MG08JYDYzAmzMKgyM=,mgu+/HQPqxW9U5DlTTpNff3c/B8=
-5,4,BQOTB7OUlrIIrlFSOGcUPx4dMo4=,mgu+/HQPqxW9U5DlTTpNff3c/B8=
-7,0,1mh9VVUjo6MG08JYDYzAmzMKgyM=,mgu+/HQPqxW9U5DlTTpNff3c/B8=
-6,4,1mh9VVUjo6MG08JYDYzAmzMKgyM=,mgu+/HQPqxW9U5DlTTpNff3c/B8=
-11,5,B+NSy77Zddy4oQX/s4OQxiYfQ0U=,mgu+/HQPqxW9U5DlTTpNff3c/B8=
-1,8,B+NSy77Zddy4oQX/s4OQxiYfQ0U=,mgu+/HQPqxW9U5DlTTpNff3c/B8=
-7,4,1mh9VVUjo6MG08JYDYzAmzMKgyM=,mgu+/HQPqxW9U5DlTTpNff3c/B8=
-7,6,B+NSy77Zddy4oQX/s4OQxiYfQ0U=,mgu+/HQPqxW9U5DlTTpNff3c/B8=
-3,8,B+NSy77Zddy4oQX/s4OQxiYfQ0U=,mgu+/HQPqxW9U5DlTTpNff3c/B8=
-2,8,B+NSy77Zddy4oQX/s4OQxiYfQ0U=,mgu+/HQPqxW9U5DlTTpNff3c/B8=
-9,8,B+NSy77Zddy4oQX/s4OQxiYfQ0U=,mgu+/HQPqxW9U5DlTTpNff3c/B8=
-2,4,BQOTB7OUlrIIrlFSOGcUPx4dMo4=,mgu+/HQPqxW9U5DlTTpNff3c/B8=
-10,7,B+NSy77Zddy4oQX/s4OQxiYfQ0U=,mgu+/HQPqxW9U5DlTTpNff3c/B8=
-8,6,B+NSy77Zddy4oQX/s4OQxiYfQ0U=,mgu+/HQPqxW9U5DlTTpNff3c/B8=
-7,8,B+NSy77Zddy4oQX/s4OQxiYfQ0U=,mgu+/HQPqxW9U5DlTTpNff3c/B8=
-7,1,1mh9VVUjo6MG08JYDYzAmzMKgyM=,mgu+/HQPqxW9U5DlTTpNff3c/B8=
-10,3,1mh9VVUjo6MG08JYDYzAmzMKgyM=,mgu+/HQPqxW9U5DlTTpNff3c/B8=
-7,10,B+NSy77Zddy4oQX/s4OQxiYfQ0U=,mgu+/HQPqxW9U5DlTTpNff3c/B8=
-11,3,1mh9VVUjo6MG08JYDYzAmzMKgyM=,mgu+/HQPqxW9U5DlTTpNff3c/B8=
-6,8,B+NSy77Zddy4oQX/s4OQxiYfQ0U=,mgu+/HQPqxW9U5DlTTpNff3c/B8=
-4,1,BQOTB7OUlrIIrlFSOGcUPx4dMo4=,mgu+/HQPqxW9U5DlTTpNff3c/B8=
-2,3,BQOTB7OUlrIIrlFSOGcUPx4dMo4=,mgu+/HQPqxW9U5DlTTpNff3c/B8=
-8,8,B+NSy77Zddy4oQX/s4OQxiYfQ0U=,mgu+/HQPqxW9U5DlTTpNff3c/B8=
-5,8,B+NSy77Zddy4oQX/s4OQxiYfQ0U=,mgu+/HQPqxW9U5DlTTpNff3c/B8=
-10,5,B+NSy77Zddy4oQX/s4OQxiYfQ0U=,mgu+/HQPqxW9U5DlTTpNff3c/B8=
-5,6,B+NSy77Zddy4oQX/s4OQxiYfQ0U=,mgu+/HQPqxW9U5DlTTpNff3c/B8=
-11,8,B+NSy77Zddy4oQX/s4OQxiYfQ0U=,mgu+/HQPqxW9U5DlTTpNff3c/B8=
-7,5,B+NSy77Zddy4oQX/s4OQxiYfQ0U=,mgu+/HQPqxW9U5DlTTpNff3c/B8=
-10,8,B+NSy77Zddy4oQX/s4OQxiYfQ0U=,mgu+/HQPqxW9U5DlTTpNff3c/B8=
-9,2,1mh9VVUjo6MG08JYDYzAmzMKgyM=,mgu+/HQPqxW9U5DlTTpNff3c/B8=
-2,7,B+NSy77Zddy4oQX/s4OQxiYfQ0U=,mgu+/HQPqxW9U5DlTTpNff3c/B8=
-5,1,BQOTB7OUlrIIrlFSOGcUPx4dMo4=,mgu+/HQPqxW9U5DlTTpNff3c/B8=
-8,2,1mh9VVUjo6MG08JYDYzAmzMKgyM=,mgu+/HQPqxW9U5DlTTpNff3c/B8=
-1,4,BQOTB7OUlrIIrlFSOGcUPx4dMo4=,mgu+/HQPqxW9U5DlTTpNff3c/B8=
-2,6,B+NSy77Zddy4oQX/s4OQxiYfQ0U=,mgu+/HQPqxW9U5DlTTpNff3c/B8=
-1,2,1mh9VVUjo6MG08JYDYzAmzMKgyM=,mgu+/HQPqxW9U5DlTTpNff3c/B8=
-8,5,B+NSy77Zddy4oQX/s4OQxiYfQ0U=,mgu+/HQPqxW9U5DlTTpNff3c/B8=
-4,0,BQOTB7OUlrIIrlFSOGcUPx4dMo4=,mgu+/HQPqxW9U5DlTTpNff3c/B8=
-1,0,1mh9VVUjo6MG08JYDYzAmzMKgyM=,mgu+/HQPqxW9U5DlTTpNff3c/B8=
-6,0,1mh9VVUjo6MG08JYDYzAmzMKgyM=,mgu+/HQPqxW9U5DlTTpNff3c/B8=
-8,4,1mh9VVUjo6MG08JYDYzAmzMKgyM=,mgu+/HQPqxW9U5DlTTpNff3c/B8=
-1,3,BQOTB7OUlrIIrlFSOGcUPx4dMo4=,mgu+/HQPqxW9U5DlTTpNff3c/B8=
-3,3,BQOTB7OUlrIIrlFSOGcUPx4dMo4=,mgu+/HQPqxW9U5DlTTpNff3c/B8=
-1,5,B+NSy77Zddy4oQX/s4OQxiYfQ0U=,mgu+/HQPqxW9U5DlTTpNff3c/B8=
-3,0,1mh9VVUjo6MG08JYDYzAmzMKgyM=,mgu+/HQPqxW9U5DlTTpNff3c/B8=
-4,8,B+NSy77Zddy4oQX/s4OQxiYfQ0U=,mgu+/HQPqxW9U5DlTTpNff3c/B8=
-2,5,B+NSy77Zddy4oQX/s4OQxiYfQ0U=,mgu+/HQPqxW9U5DlTTpNff3c/B8=
-2,0,1mh9VVUjo6MG08JYDYzAmzMKgyM=,mgu+/HQPqxW9U5DlTTpNff3c/B8=
-13,28,P8lCR0xrVsVKwZPK3SVO8jzf/sU=,KSbDjMbz9Mk5EjKSnPvCmzkEDO8=
-12,28,P8lCR0xrVsVKwZPK3SVO8jzf/sU=,KSbDjMbz9Mk5EjKSnPvCmzkEDO8=
-12,27,P8lCR0xrVsVKwZPK3SVO8jzf/sU=,KSbDjMbz9Mk5EjKSnPvCmzkEDO8=
-13,27,P8lCR0xrVsVKwZPK3SVO8jzf/sU=,KSbDjMbz9Mk5EjKSnPvCmzkEDO8=
-10,27,P8lCR0xrVsVKwZPK3SVO8jzf/sU=,KSbDjMbz9Mk5EjKSnPvCmzkEDO8=
-9,27,P8lCR0xrVsVKwZPK3SVO8jzf/sU=,KSbDjMbz9Mk5EjKSnPvCmzkEDO8=
-11,27,P8lCR0xrVsVKwZPK3SVO8jzf/sU=,KSbDjMbz9Mk5EjKSnPvCmzkEDO8=
-5,28,P8lCR0xrVsVKwZPK3SVO8jzf/sU=,mRNquUkpVJzYP/4c/UjNPjNUbBc=
-4,28,P8lCR0xrVsVKwZPK3SVO8jzf/sU=,mRNquUkpVJzYP/4c/UjNPjNUbBc=
-6,28,P8lCR0xrVsVKwZPK3SVO8jzf/sU=,mRNquUkpVJzYP/4c/UjNPjNUbBc=
-7,28,P8lCR0xrVsVKwZPK3SVO8jzf/sU=,mRNquUkpVJzYP/4c/UjNPjNUbBc=
-8,28,P8lCR0xrVsVKwZPK3SVO8jzf/sU=,mRNquUkpVJzYP/4c/UjNPjNUbBc=
-4,27,P8lCR0xrVsVKwZPK3SVO8jzf/sU=,mRNquUkpVJzYP/4c/UjNPjNUbBc=
-9,28,P8lCR0xrVsVKwZPK3SVO8jzf/sU=,KSbDjMbz9Mk5EjKSnPvCmzkEDO8=
-10,28,P8lCR0xrVsVKwZPK3SVO8jzf/sU=,KSbDjMbz9Mk5EjKSnPvCmzkEDO8=
-5,27,P8lCR0xrVsVKwZPK3SVO8jzf/sU=,mRNquUkpVJzYP/4c/UjNPjNUbBc=
-6,27,P8lCR0xrVsVKwZPK3SVO8jzf/sU=,mRNquUkpVJzYP/4c/UjNPjNUbBc=
-7,27,P8lCR0xrVsVKwZPK3SVO8jzf/sU=,mRNquUkpVJzYP/4c/UjNPjNUbBc=
-8,27,P8lCR0xrVsVKwZPK3SVO8jzf/sU=,mRNquUkpVJzYP/4c/UjNPjNUbBc=
-11,28,P8lCR0xrVsVKwZPK3SVO8jzf/sU=,KSbDjMbz9Mk5EjKSnPvCmzkEDO8=
-3,27,P8lCR0xrVsVKwZPK3SVO8jzf/sU=,mRNquUkpVJzYP/4c/UjNPjNUbBc=
-1,28,P8lCR0xrVsVKwZPK3SVO8jzf/sU=,mRNquUkpVJzYP/4c/UjNPjNUbBc=
-2,28,P8lCR0xrVsVKwZPK3SVO8jzf/sU=,mRNquUkpVJzYP/4c/UjNPjNUbBc=
-3,28,P8lCR0xrVsVKwZPK3SVO8jzf/sU=,mRNquUkpVJzYP/4c/UjNPjNUbBc=
-1,27,P8lCR0xrVsVKwZPK3SVO8jzf/sU=,mRNquUkpVJzYP/4c/UjNPjNUbBc=
-2,27,P8lCR0xrVsVKwZPK3SVO8jzf/sU=,mRNquUkpVJzYP/4c/UjNPjNUbBc=
-12,23,orRFrNIRmzXF+X0r+IFHemM2fDo=,mgu+/HQPqxW9U5DlTTpNff3c/B8=
-13,19,orRFrNIRmzXF+X0r+IFHemM2fDo=,mgu+/HQPqxW9U5DlTTpNff3c/B8=
-13,20,orRFrNIRmzXF+X0r+IFHemM2fDo=,mgu+/HQPqxW9U5DlTTpNff3c/B8=
-14,20,3MZ7OmYD5QghUaK9u++2UC6Kt5Q=,mgu+/HQPqxW9U5DlTTpNff3c/B8=
-15,20,3MZ7OmYD5QghUaK9u++2UC6Kt5Q=,mgu+/HQPqxW9U5DlTTpNff3c/B8=
-13,23,orRFrNIRmzXF+X0r+IFHemM2fDo=,mgu+/HQPqxW9U5DlTTpNff3c/B8=
-16,20,3MZ7OmYD5QghUaK9u++2UC6Kt5Q=,mgu+/HQPqxW9U5DlTTpNff3c/B8=
-14,19,3MZ7OmYD5QghUaK9u++2UC6Kt5Q=,mgu+/HQPqxW9U5DlTTpNff3c/B8=
-15,19,3MZ7OmYD5QghUaK9u++2UC6Kt5Q=,mgu+/HQPqxW9U5DlTTpNff3c/B8=
-16,19,3MZ7OmYD5QghUaK9u++2UC6Kt5Q=,mgu+/HQPqxW9U5DlTTpNff3c/B8=
-13,26,9KJ5eOQYgq5e87hLagS2/nNMBts=,KSbDjMbz9Mk5EjKSnPvCmzkEDO8=
-12,22,orRFrNIRmzXF+X0r+IFHemM2fDo=,mgu+/HQPqxW9U5DlTTpNff3c/B8=
-13,22,orRFrNIRmzXF+X0r+IFHemM2fDo=,mgu+/HQPqxW9U5DlTTpNff3c/B8=
-12,25,9KJ5eOQYgq5e87hLagS2/nNMBts=,KSbDjMbz9Mk5EjKSnPvCmzkEDO8=
-13,25,9KJ5eOQYgq5e87hLagS2/nNMBts=,KSbDjMbz9Mk5EjKSnPvCmzkEDO8=
-12,21,orRFrNIRmzXF+X0r+IFHemM2fDo=,mgu+/HQPqxW9U5DlTTpNff3c/B8=
-13,21,orRFrNIRmzXF+X0r+IFHemM2fDo=,mgu+/HQPqxW9U5DlTTpNff3c/B8=
-12,24,9KJ5eOQYgq5e87hLagS2/nNMBts=,KSbDjMbz9Mk5EjKSnPvCmzkEDO8=
-13,24,9KJ5eOQYgq5e87hLagS2/nNMBts=,KSbDjMbz9Mk5EjKSnPvCmzkEDO8=
-12,26,9KJ5eOQYgq5e87hLagS2/nNMBts=,KSbDjMbz9Mk5EjKSnPvCmzkEDO8=
-12,19,orRFrNIRmzXF+X0r+IFHemM2fDo=,mgu+/HQPqxW9U5DlTTpNff3c/B8=
-12,20,orRFrNIRmzXF+X0r+IFHemM2fDo=,mgu+/HQPqxW9U5DlTTpNff3c/B8=
-13,17,3MZ7OmYD5QghUaK9u++2UC6Kt5Q=,mgu+/HQPqxW9U5DlTTpNff3c/B8=
-12,16,3MZ7OmYD5QghUaK9u++2UC6Kt5Q=,mgu+/HQPqxW9U5DlTTpNff3c/B8=
-13,16,3MZ7OmYD5QghUaK9u++2UC6Kt5Q=,mgu+/HQPqxW9U5DlTTpNff3c/B8=
-13,18,3MZ7OmYD5QghUaK9u++2UC6Kt5Q=,mgu+/HQPqxW9U5DlTTpNff3c/B8=
-12,17,3MZ7OmYD5QghUaK9u++2UC6Kt5Q=,mgu+/HQPqxW9U5DlTTpNff3c/B8=
-12,18,3MZ7OmYD5QghUaK9u++2UC6Kt5Q=,mgu+/HQPqxW9U5DlTTpNff3c/B8=
-12,31,FRBs7Ag6CtahfNsKGsKn81nDe2M=,KSbDjMbz9Mk5EjKSnPvCmzkEDO8=
-13,29,FRBs7Ag6CtahfNsKGsKn81nDe2M=,KSbDjMbz9Mk5EjKSnPvCmzkEDO8=
-12,29,FRBs7Ag6CtahfNsKGsKn81nDe2M=,KSbDjMbz9Mk5EjKSnPvCmzkEDO8=
-13,31,FRBs7Ag6CtahfNsKGsKn81nDe2M=,KSbDjMbz9Mk5EjKSnPvCmzkEDO8=
-13,30,FRBs7Ag6CtahfNsKGsKn81nDe2M=,KSbDjMbz9Mk5EjKSnPvCmzkEDO8=
-12,30,FRBs7Ag6CtahfNsKGsKn81nDe2M=,KSbDjMbz9Mk5EjKSnPvCmzkEDO8=
-9,30,FRBs7Ag6CtahfNsKGsKn81nDe2M=,KSbDjMbz9Mk5EjKSnPvCmzkEDO8=
-11,31,FRBs7Ag6CtahfNsKGsKn81nDe2M=,KSbDjMbz9Mk5EjKSnPvCmzkEDO8=
-10,30,FRBs7Ag6CtahfNsKGsKn81nDe2M=,KSbDjMbz9Mk5EjKSnPvCmzkEDO8=
-11,30,FRBs7Ag6CtahfNsKGsKn81nDe2M=,KSbDjMbz9Mk5EjKSnPvCmzkEDO8=
-4,31,FRBs7Ag6CtahfNsKGsKn81nDe2M=,mRNquUkpVJzYP/4c/UjNPjNUbBc=
-5,31,FRBs7Ag6CtahfNsKGsKn81nDe2M=,mRNquUkpVJzYP/4c/UjNPjNUbBc=
-6,31,FRBs7Ag6CtahfNsKGsKn81nDe2M=,mRNquUkpVJzYP/4c/UjNPjNUbBc=
-8,31,FRBs7Ag6CtahfNsKGsKn81nDe2M=,mRNquUkpVJzYP/4c/UjNPjNUbBc=
-7,31,FRBs7Ag6CtahfNsKGsKn81nDe2M=,mRNquUkpVJzYP/4c/UjNPjNUbBc=
-4,30,FRBs7Ag6CtahfNsKGsKn81nDe2M=,mRNquUkpVJzYP/4c/UjNPjNUbBc=
-6,30,FRBs7Ag6CtahfNsKGsKn81nDe2M=,mRNquUkpVJzYP/4c/UjNPjNUbBc=
-5,30,FRBs7Ag6CtahfNsKGsKn81nDe2M=,mRNquUkpVJzYP/4c/UjNPjNUbBc=
-7,30,FRBs7Ag6CtahfNsKGsKn81nDe2M=,mRNquUkpVJzYP/4c/UjNPjNUbBc=
-8,30,FRBs7Ag6CtahfNsKGsKn81nDe2M=,mRNquUkpVJzYP/4c/UjNPjNUbBc=
-10,31,FRBs7Ag6CtahfNsKGsKn81nDe2M=,KSbDjMbz9Mk5EjKSnPvCmzkEDO8=
-5,29,FRBs7Ag6CtahfNsKGsKn81nDe2M=,mRNquUkpVJzYP/4c/UjNPjNUbBc=
-4,29,FRBs7Ag6CtahfNsKGsKn81nDe2M=,mRNquUkpVJzYP/4c/UjNPjNUbBc=
-9,31,FRBs7Ag6CtahfNsKGsKn81nDe2M=,KSbDjMbz9Mk5EjKSnPvCmzkEDO8=
-6,29,FRBs7Ag6CtahfNsKGsKn81nDe2M=,mRNquUkpVJzYP/4c/UjNPjNUbBc=
-7,29,FRBs7Ag6CtahfNsKGsKn81nDe2M=,mRNquUkpVJzYP/4c/UjNPjNUbBc=
-10,29,FRBs7Ag6CtahfNsKGsKn81nDe2M=,KSbDjMbz9Mk5EjKSnPvCmzkEDO8=
-9,29,FRBs7Ag6CtahfNsKGsKn81nDe2M=,KSbDjMbz9Mk5EjKSnPvCmzkEDO8=
-8,29,FRBs7Ag6CtahfNsKGsKn81nDe2M=,mRNquUkpVJzYP/4c/UjNPjNUbBc=
-11,29,FRBs7Ag6CtahfNsKGsKn81nDe2M=,KSbDjMbz9Mk5EjKSnPvCmzkEDO8=
-3,29,FRBs7Ag6CtahfNsKGsKn81nDe2M=,mRNquUkpVJzYP/4c/UjNPjNUbBc=
-1,31,FRBs7Ag6CtahfNsKGsKn81nDe2M=,mRNquUkpVJzYP/4c/UjNPjNUbBc=
-2,31,FRBs7Ag6CtahfNsKGsKn81nDe2M=,mRNquUkpVJzYP/4c/UjNPjNUbBc=
-3,31,FRBs7Ag6CtahfNsKGsKn81nDe2M=,mRNquUkpVJzYP/4c/UjNPjNUbBc=
-1,30,FRBs7Ag6CtahfNsKGsKn81nDe2M=,mRNquUkpVJzYP/4c/UjNPjNUbBc=
-3,30,FRBs7Ag6CtahfNsKGsKn81nDe2M=,mRNquUkpVJzYP/4c/UjNPjNUbBc=
-2,30,FRBs7Ag6CtahfNsKGsKn81nDe2M=,mRNquUkpVJzYP/4c/UjNPjNUbBc=
-1,29,FRBs7Ag6CtahfNsKGsKn81nDe2M=,mRNquUkpVJzYP/4c/UjNPjNUbBc=
-2,29,FRBs7Ag6CtahfNsKGsKn81nDe2M=,mRNquUkpVJzYP/4c/UjNPjNUbBc=
-16,28,FRBs7Ag6CtahfNsKGsKn81nDe2M=,KSbDjMbz9Mk5EjKSnPvCmzkEDO8=
-15,28,FRBs7Ag6CtahfNsKGsKn81nDe2M=,KSbDjMbz9Mk5EjKSnPvCmzkEDO8=
-15,27,FRBs7Ag6CtahfNsKGsKn81nDe2M=,KSbDjMbz9Mk5EjKSnPvCmzkEDO8=
-16,27,FRBs7Ag6CtahfNsKGsKn81nDe2M=,KSbDjMbz9Mk5EjKSnPvCmzkEDO8=
-14,23,3MZ7OmYD5QghUaK9u++2UC6Kt5Q=,mgu+/HQPqxW9U5DlTTpNff3c/B8=
-15,23,3MZ7OmYD5QghUaK9u++2UC6Kt5Q=,mgu+/HQPqxW9U5DlTTpNff3c/B8=
-14,26,FRBs7Ag6CtahfNsKGsKn81nDe2M=,KSbDjMbz9Mk5EjKSnPvCmzkEDO8=
-15,26,FRBs7Ag6CtahfNsKGsKn81nDe2M=,KSbDjMbz9Mk5EjKSnPvCmzkEDO8=
-16,26,FRBs7Ag6CtahfNsKGsKn81nDe2M=,KSbDjMbz9Mk5EjKSnPvCmzkEDO8=
-15,22,3MZ7OmYD5QghUaK9u++2UC6Kt5Q=,mgu+/HQPqxW9U5DlTTpNff3c/B8=
-16,22,3MZ7OmYD5QghUaK9u++2UC6Kt5Q=,mgu+/HQPqxW9U5DlTTpNff3c/B8=
-14,25,FRBs7Ag6CtahfNsKGsKn81nDe2M=,KSbDjMbz9Mk5EjKSnPvCmzkEDO8=
-14,22,3MZ7OmYD5QghUaK9u++2UC6Kt5Q=,mgu+/HQPqxW9U5DlTTpNff3c/B8=
-14,27,FRBs7Ag6CtahfNsKGsKn81nDe2M=,KSbDjMbz9Mk5EjKSnPvCmzkEDO8=
-15,25,FRBs7Ag6CtahfNsKGsKn81nDe2M=,KSbDjMbz9Mk5EjKSnPvCmzkEDO8=
-16,25,FRBs7Ag6CtahfNsKGsKn81nDe2M=,KSbDjMbz9Mk5EjKSnPvCmzkEDO8=
-14,21,3MZ7OmYD5QghUaK9u++2UC6Kt5Q=,mgu+/HQPqxW9U5DlTTpNff3c/B8=
-15,21,3MZ7OmYD5QghUaK9u++2UC6Kt5Q=,mgu+/HQPqxW9U5DlTTpNff3c/B8=
-14,24,FRBs7Ag6CtahfNsKGsKn81nDe2M=,KSbDjMbz9Mk5EjKSnPvCmzkEDO8=
-15,24,FRBs7Ag6CtahfNsKGsKn81nDe2M=,KSbDjMbz9Mk5EjKSnPvCmzkEDO8=
-16,21,3MZ7OmYD5QghUaK9u++2UC6Kt5Q=,mgu+/HQPqxW9U5DlTTpNff3c/B8=
-16,24,FRBs7Ag6CtahfNsKGsKn81nDe2M=,KSbDjMbz9Mk5EjKSnPvCmzkEDO8=
-14,28,FRBs7Ag6CtahfNsKGsKn81nDe2M=,KSbDjMbz9Mk5EjKSnPvCmzkEDO8=
-16,23,3MZ7OmYD5QghUaK9u++2UC6Kt5Q=,mgu+/HQPqxW9U5DlTTpNff3c/B8=
-15,17,3MZ7OmYD5QghUaK9u++2UC6Kt5Q=,mgu+/HQPqxW9U5DlTTpNff3c/B8=
-16,17,3MZ7OmYD5QghUaK9u++2UC6Kt5Q=,mgu+/HQPqxW9U5DlTTpNff3c/B8=
-15,18,3MZ7OmYD5QghUaK9u++2UC6Kt5Q=,mgu+/HQPqxW9U5DlTTpNff3c/B8=
-16,18,3MZ7OmYD5QghUaK9u++2UC6Kt5Q=,mgu+/HQPqxW9U5DlTTpNff3c/B8=
-14,16,3MZ7OmYD5QghUaK9u++2UC6Kt5Q=,mgu+/HQPqxW9U5DlTTpNff3c/B8=
-15,16,3MZ7OmYD5QghUaK9u++2UC6Kt5Q=,mgu+/HQPqxW9U5DlTTpNff3c/B8=
-16,16,3MZ7OmYD5QghUaK9u++2UC6Kt5Q=,mgu+/HQPqxW9U5DlTTpNff3c/B8=
-14,18,3MZ7OmYD5QghUaK9u++2UC6Kt5Q=,mgu+/HQPqxW9U5DlTTpNff3c/B8=
-14,17,3MZ7OmYD5QghUaK9u++2UC6Kt5Q=,mgu+/HQPqxW9U5DlTTpNff3c/B8=
-16,31,FRBs7Ag6CtahfNsKGsKn81nDe2M=,KSbDjMbz9Mk5EjKSnPvCmzkEDO8=
-14,30,FRBs7Ag6CtahfNsKGsKn81nDe2M=,KSbDjMbz9Mk5EjKSnPvCmzkEDO8=
-15,30,FRBs7Ag6CtahfNsKGsKn81nDe2M=,KSbDjMbz9Mk5EjKSnPvCmzkEDO8=
-14,31,FRBs7Ag6CtahfNsKGsKn81nDe2M=,KSbDjMbz9Mk5EjKSnPvCmzkEDO8=
-16,30,FRBs7Ag6CtahfNsKGsKn81nDe2M=,KSbDjMbz9Mk5EjKSnPvCmzkEDO8=
-14,29,FRBs7Ag6CtahfNsKGsKn81nDe2M=,KSbDjMbz9Mk5EjKSnPvCmzkEDO8=
-15,29,FRBs7Ag6CtahfNsKGsKn81nDe2M=,KSbDjMbz9Mk5EjKSnPvCmzkEDO8=
-16,29,FRBs7Ag6CtahfNsKGsKn81nDe2M=,KSbDjMbz9Mk5EjKSnPvCmzkEDO8=
-15,31,FRBs7Ag6CtahfNsKGsKn81nDe2M=,KSbDjMbz9Mk5EjKSnPvCmzkEDO8=
-6,26,quMrTQIpKPW9+BRtRUSK+uOVb3k=,mRNquUkpVJzYP/4c/UjNPjNUbBc=
-1,23,t3vUVaaQE36A9sfXzMTjslU0KOk=,mgu+/HQPqxW9U5DlTTpNff3c/B8=
-4,26,quMrTQIpKPW9+BRtRUSK+uOVb3k=,mRNquUkpVJzYP/4c/UjNPjNUbBc=
-5,26,quMrTQIpKPW9+BRtRUSK+uOVb3k=,mRNquUkpVJzYP/4c/UjNPjNUbBc=
-3,26,quMrTQIpKPW9+BRtRUSK+uOVb3k=,mRNquUkpVJzYP/4c/UjNPjNUbBc=
-4,23,t3vUVaaQE36A9sfXzMTjslU0KOk=,mgu+/HQPqxW9U5DlTTpNff3c/B8=
-3,18,t3vUVaaQE36A9sfXzMTjslU0KOk=,mgu+/HQPqxW9U5DlTTpNff3c/B8=
-7,26,quMrTQIpKPW9+BRtRUSK+uOVb3k=,mRNquUkpVJzYP/4c/UjNPjNUbBc=
-8,18,t3vUVaaQE36A9sfXzMTjslU0KOk=,mgu+/HQPqxW9U5DlTTpNff3c/B8=
-5,18,t3vUVaaQE36A9sfXzMTjslU0KOk=,mgu+/HQPqxW9U5DlTTpNff3c/B8=
-9,26,quMrTQIpKPW9+BRtRUSK+uOVb3k=,KSbDjMbz9Mk5EjKSnPvCmzkEDO8=
-9,18,t3vUVaaQE36A9sfXzMTjslU0KOk=,mgu+/HQPqxW9U5DlTTpNff3c/B8=
-2,18,t3vUVaaQE36A9sfXzMTjslU0KOk=,mgu+/HQPqxW9U5DlTTpNff3c/B8=
-1,25,quMrTQIpKPW9+BRtRUSK+uOVb3k=,mRNquUkpVJzYP/4c/UjNPjNUbBc=
-9,22,t3vUVaaQE36A9sfXzMTjslU0KOk=,mgu+/HQPqxW9U5DlTTpNff3c/B8=
-10,18,t3vUVaaQE36A9sfXzMTjslU0KOk=,mgu+/HQPqxW9U5DlTTpNff3c/B8=
-2,25,quMrTQIpKPW9+BRtRUSK+uOVb3k=,mRNquUkpVJzYP/4c/UjNPjNUbBc=
-5,23,t3vUVaaQE36A9sfXzMTjslU0KOk=,mgu+/HQPqxW9U5DlTTpNff3c/B8=
-3,25,quMrTQIpKPW9+BRtRUSK+uOVb3k=,mRNquUkpVJzYP/4c/UjNPjNUbBc=
-11,22,t3vUVaaQE36A9sfXzMTjslU0KOk=,mgu+/HQPqxW9U5DlTTpNff3c/B8=
-10,22,t3vUVaaQE36A9sfXzMTjslU0KOk=,mgu+/HQPqxW9U5DlTTpNff3c/B8=
-4,25,quMrTQIpKPW9+BRtRUSK+uOVb3k=,mRNquUkpVJzYP/4c/UjNPjNUbBc=
-6,25,quMrTQIpKPW9+BRtRUSK+uOVb3k=,mRNquUkpVJzYP/4c/UjNPjNUbBc=
-5,25,quMrTQIpKPW9+BRtRUSK+uOVb3k=,mRNquUkpVJzYP/4c/UjNPjNUbBc=
-3,23,t3vUVaaQE36A9sfXzMTjslU0KOk=,mgu+/HQPqxW9U5DlTTpNff3c/B8=
-6,17,t3vUVaaQE36A9sfXzMTjslU0KOk=,mgu+/HQPqxW9U5DlTTpNff3c/B8=
-7,25,quMrTQIpKPW9+BRtRUSK+uOVb3k=,mRNquUkpVJzYP/4c/UjNPjNUbBc=
-1,17,t3vUVaaQE36A9sfXzMTjslU0KOk=,mgu+/HQPqxW9U5DlTTpNff3c/B8=
-5,17,t3vUVaaQE36A9sfXzMTjslU0KOk=,mgu+/HQPqxW9U5DlTTpNff3c/B8=
-6,18,t3vUVaaQE36A9sfXzMTjslU0KOk=,mgu+/HQPqxW9U5DlTTpNff3c/B8=
-2,23,t3vUVaaQE36A9sfXzMTjslU0KOk=,mgu+/HQPqxW9U5DlTTpNff3c/B8=
-9,19,t3vUVaaQE36A9sfXzMTjslU0KOk=,mgu+/HQPqxW9U5DlTTpNff3c/B8=
-4,17,t3vUVaaQE36A9sfXzMTjslU0KOk=,mgu+/HQPqxW9U5DlTTpNff3c/B8=
-5,20,t3vUVaaQE36A9sfXzMTjslU0KOk=,mgu+/HQPqxW9U5DlTTpNff3c/B8=
-6,20,t3vUVaaQE36A9sfXzMTjslU0KOk=,mgu+/HQPqxW9U5DlTTpNff3c/B8=
-7,20,t3vUVaaQE36A9sfXzMTjslU0KOk=,mgu+/HQPqxW9U5DlTTpNff3c/B8=
-9,25,quMrTQIpKPW9+BRtRUSK+uOVb3k=,KSbDjMbz9Mk5EjKSnPvCmzkEDO8=
-11,25,quMrTQIpKPW9+BRtRUSK+uOVb3k=,KSbDjMbz9Mk5EjKSnPvCmzkEDO8=
-10,25,quMrTQIpKPW9+BRtRUSK+uOVb3k=,KSbDjMbz9Mk5EjKSnPvCmzkEDO8=
-11,18,t3vUVaaQE36A9sfXzMTjslU0KOk=,mgu+/HQPqxW9U5DlTTpNff3c/B8=
-7,18,t3vUVaaQE36A9sfXzMTjslU0KOk=,mgu+/HQPqxW9U5DlTTpNff3c/B8=
-9,16,t3vUVaaQE36A9sfXzMTjslU0KOk=,mgu+/HQPqxW9U5DlTTpNff3c/B8=
-2,17,t3vUVaaQE36A9sfXzMTjslU0KOk=,mgu+/HQPqxW9U5DlTTpNff3c/B8=
-3,20,t3vUVaaQE36A9sfXzMTjslU0KOk=,mgu+/HQPqxW9U5DlTTpNff3c/B8=
-2,16,t3vUVaaQE36A9sfXzMTjslU0KOk=,mgu+/HQPqxW9U5DlTTpNff3c/B8=
-8,20,t3vUVaaQE36A9sfXzMTjslU0KOk=,mgu+/HQPqxW9U5DlTTpNff3c/B8=
-8,17,t3vUVaaQE36A9sfXzMTjslU0KOk=,mgu+/HQPqxW9U5DlTTpNff3c/B8=
-3,16,t3vUVaaQE36A9sfXzMTjslU0KOk=,mgu+/HQPqxW9U5DlTTpNff3c/B8=
-6,22,t3vUVaaQE36A9sfXzMTjslU0KOk=,mgu+/HQPqxW9U5DlTTpNff3c/B8=
-10,19,t3vUVaaQE36A9sfXzMTjslU0KOk=,mgu+/HQPqxW9U5DlTTpNff3c/B8=
-3,17,t3vUVaaQE36A9sfXzMTjslU0KOk=,mgu+/HQPqxW9U5DlTTpNff3c/B8=
-7,22,t3vUVaaQE36A9sfXzMTjslU0KOk=,mgu+/HQPqxW9U5DlTTpNff3c/B8=
-9,21,t3vUVaaQE36A9sfXzMTjslU0KOk=,mgu+/HQPqxW9U5DlTTpNff3c/B8=
-10,16,t3vUVaaQE36A9sfXzMTjslU0KOk=,mgu+/HQPqxW9U5DlTTpNff3c/B8=
-10,21,t3vUVaaQE36A9sfXzMTjslU0KOk=,mgu+/HQPqxW9U5DlTTpNff3c/B8=
-9,17,t3vUVaaQE36A9sfXzMTjslU0KOk=,mgu+/HQPqxW9U5DlTTpNff3c/B8=
-5,16,t3vUVaaQE36A9sfXzMTjslU0KOk=,mgu+/HQPqxW9U5DlTTpNff3c/B8=
-11,16,t3vUVaaQE36A9sfXzMTjslU0KOk=,mgu+/HQPqxW9U5DlTTpNff3c/B8=
-1,16,t3vUVaaQE36A9sfXzMTjslU0KOk=,mgu+/HQPqxW9U5DlTTpNff3c/B8=
-4,16,t3vUVaaQE36A9sfXzMTjslU0KOk=,mgu+/HQPqxW9U5DlTTpNff3c/B8=
-6,23,t3vUVaaQE36A9sfXzMTjslU0KOk=,mgu+/HQPqxW9U5DlTTpNff3c/B8=
-11,19,t3vUVaaQE36A9sfXzMTjslU0KOk=,mgu+/HQPqxW9U5DlTTpNff3c/B8=
-11,21,t3vUVaaQE36A9sfXzMTjslU0KOk=,mgu+/HQPqxW9U5DlTTpNff3c/B8=
-10,24,quMrTQIpKPW9+BRtRUSK+uOVb3k=,KSbDjMbz9Mk5EjKSnPvCmzkEDO8=
-9,24,quMrTQIpKPW9+BRtRUSK+uOVb3k=,KSbDjMbz9Mk5EjKSnPvCmzkEDO8=
-10,26,quMrTQIpKPW9+BRtRUSK+uOVb3k=,KSbDjMbz9Mk5EjKSnPvCmzkEDO8=
-11,24,quMrTQIpKPW9+BRtRUSK+uOVb3k=,KSbDjMbz9Mk5EjKSnPvCmzkEDO8=
-11,26,quMrTQIpKPW9+BRtRUSK+uOVb3k=,KSbDjMbz9Mk5EjKSnPvCmzkEDO8=
-8,22,t3vUVaaQE36A9sfXzMTjslU0KOk=,mgu+/HQPqxW9U5DlTTpNff3c/B8=
-8,16,t3vUVaaQE36A9sfXzMTjslU0KOk=,mgu+/HQPqxW9U5DlTTpNff3c/B8=
-7,17,t3vUVaaQE36A9sfXzMTjslU0KOk=,mgu+/HQPqxW9U5DlTTpNff3c/B8=
-6,16,t3vUVaaQE36A9sfXzMTjslU0KOk=,mgu+/HQPqxW9U5DlTTpNff3c/B8=
-2,22,t3vUVaaQE36A9sfXzMTjslU0KOk=,mgu+/HQPqxW9U5DlTTpNff3c/B8=
-7,19,t3vUVaaQE36A9sfXzMTjslU0KOk=,mgu+/HQPqxW9U5DlTTpNff3c/B8=
-4,18,t3vUVaaQE36A9sfXzMTjslU0KOk=,mgu+/HQPqxW9U5DlTTpNff3c/B8=
-8,25,quMrTQIpKPW9+BRtRUSK+uOVb3k=,mRNquUkpVJzYP/4c/UjNPjNUbBc=
-1,24,quMrTQIpKPW9+BRtRUSK+uOVb3k=,mRNquUkpVJzYP/4c/UjNPjNUbBc=
-2,24,quMrTQIpKPW9+BRtRUSK+uOVb3k=,mRNquUkpVJzYP/4c/UjNPjNUbBc=
-10,17,t3vUVaaQE36A9sfXzMTjslU0KOk=,mgu+/HQPqxW9U5DlTTpNff3c/B8=
-11,17,t3vUVaaQE36A9sfXzMTjslU0KOk=,mgu+/HQPqxW9U5DlTTpNff3c/B8=
-8,19,t3vUVaaQE36A9sfXzMTjslU0KOk=,mgu+/HQPqxW9U5DlTTpNff3c/B8=
-7,16,t3vUVaaQE36A9sfXzMTjslU0KOk=,mgu+/HQPqxW9U5DlTTpNff3c/B8=
-10,20,t3vUVaaQE36A9sfXzMTjslU0KOk=,mgu+/HQPqxW9U5DlTTpNff3c/B8=
-9,20,t3vUVaaQE36A9sfXzMTjslU0KOk=,mgu+/HQPqxW9U5DlTTpNff3c/B8=
-9,23,t3vUVaaQE36A9sfXzMTjslU0KOk=,mgu+/HQPqxW9U5DlTTpNff3c/B8=
-3,24,quMrTQIpKPW9+BRtRUSK+uOVb3k=,mRNquUkpVJzYP/4c/UjNPjNUbBc=
-11,20,t3vUVaaQE36A9sfXzMTjslU0KOk=,mgu+/HQPqxW9U5DlTTpNff3c/B8=
-5,22,t3vUVaaQE36A9sfXzMTjslU0KOk=,mgu+/HQPqxW9U5DlTTpNff3c/B8=
-7,21,t3vUVaaQE36A9sfXzMTjslU0KOk=,mgu+/HQPqxW9U5DlTTpNff3c/B8=
-6,21,t3vUVaaQE36A9sfXzMTjslU0KOk=,mgu+/HQPqxW9U5DlTTpNff3c/B8=
-4,24,quMrTQIpKPW9+BRtRUSK+uOVb3k=,mRNquUkpVJzYP/4c/UjNPjNUbBc=
-7,23,t3vUVaaQE36A9sfXzMTjslU0KOk=,mgu+/HQPqxW9U5DlTTpNff3c/B8=
-6,24,quMrTQIpKPW9+BRtRUSK+uOVb3k=,mRNquUkpVJzYP/4c/UjNPjNUbBc=
-5,24,quMrTQIpKPW9+BRtRUSK+uOVb3k=,mRNquUkpVJzYP/4c/UjNPjNUbBc=
-7,24,quMrTQIpKPW9+BRtRUSK+uOVb3k=,mRNquUkpVJzYP/4c/UjNPjNUbBc=
-8,24,quMrTQIpKPW9+BRtRUSK+uOVb3k=,mRNquUkpVJzYP/4c/UjNPjNUbBc=
-1,26,quMrTQIpKPW9+BRtRUSK+uOVb3k=,mRNquUkpVJzYP/4c/UjNPjNUbBc=
-8,23,t3vUVaaQE36A9sfXzMTjslU0KOk=,mgu+/HQPqxW9U5DlTTpNff3c/B8=
-2,26,quMrTQIpKPW9+BRtRUSK+uOVb3k=,mRNquUkpVJzYP/4c/UjNPjNUbBc=
-2,20,t3vUVaaQE36A9sfXzMTjslU0KOk=,mgu+/HQPqxW9U5DlTTpNff3c/B8=
-3,19,t3vUVaaQE36A9sfXzMTjslU0KOk=,mgu+/HQPqxW9U5DlTTpNff3c/B8=
-10,23,t3vUVaaQE36A9sfXzMTjslU0KOk=,mgu+/HQPqxW9U5DlTTpNff3c/B8=
-11,23,t3vUVaaQE36A9sfXzMTjslU0KOk=,mgu+/HQPqxW9U5DlTTpNff3c/B8=
-8,21,t3vUVaaQE36A9sfXzMTjslU0KOk=,mgu+/HQPqxW9U5DlTTpNff3c/B8=
-1,19,t3vUVaaQE36A9sfXzMTjslU0KOk=,mgu+/HQPqxW9U5DlTTpNff3c/B8=
-6,19,t3vUVaaQE36A9sfXzMTjslU0KOk=,mgu+/HQPqxW9U5DlTTpNff3c/B8=
-4,20,t3vUVaaQE36A9sfXzMTjslU0KOk=,mgu+/HQPqxW9U5DlTTpNff3c/B8=
-2,19,t3vUVaaQE36A9sfXzMTjslU0KOk=,mgu+/HQPqxW9U5DlTTpNff3c/B8=
-4,22,t3vUVaaQE36A9sfXzMTjslU0KOk=,mgu+/HQPqxW9U5DlTTpNff3c/B8=
-1,20,t3vUVaaQE36A9sfXzMTjslU0KOk=,mgu+/HQPqxW9U5DlTTpNff3c/B8=
-2,21,t3vUVaaQE36A9sfXzMTjslU0KOk=,mgu+/HQPqxW9U5DlTTpNff3c/B8=
-1,18,t3vUVaaQE36A9sfXzMTjslU0KOk=,mgu+/HQPqxW9U5DlTTpNff3c/B8=
-5,19,t3vUVaaQE36A9sfXzMTjslU0KOk=,mgu+/HQPqxW9U5DlTTpNff3c/B8=
-1,22,t3vUVaaQE36A9sfXzMTjslU0KOk=,mgu+/HQPqxW9U5DlTTpNff3c/B8=
-3,22,t3vUVaaQE36A9sfXzMTjslU0KOk=,mgu+/HQPqxW9U5DlTTpNff3c/B8=
-5,21,t3vUVaaQE36A9sfXzMTjslU0KOk=,mgu+/HQPqxW9U5DlTTpNff3c/B8=
-1,21,t3vUVaaQE36A9sfXzMTjslU0KOk=,mgu+/HQPqxW9U5DlTTpNff3c/B8=
-3,21,t3vUVaaQE36A9sfXzMTjslU0KOk=,mgu+/HQPqxW9U5DlTTpNff3c/B8=
-4,19,t3vUVaaQE36A9sfXzMTjslU0KOk=,mgu+/HQPqxW9U5DlTTpNff3c/B8=
-4,21,t3vUVaaQE36A9sfXzMTjslU0KOk=,mgu+/HQPqxW9U5DlTTpNff3c/B8=
-8,26,quMrTQIpKPW9+BRtRUSK+uOVb3k=,mRNquUkpVJzYP/4c/UjNPjNUbBc=
-22,11,iDRt6GPZTibkai86b656TWJnGuc=,mgu+/HQPqxW9U5DlTTpNff3c/B8=
-24,11,iDRt6GPZTibkai86b656TWJnGuc=,mgu+/HQPqxW9U5DlTTpNff3c/B8=
-23,11,iDRt6GPZTibkai86b656TWJnGuc=,mgu+/HQPqxW9U5DlTTpNff3c/B8=
-20,12,iDRt6GPZTibkai86b656TWJnGuc=,mgu+/HQPqxW9U5DlTTpNff3c/B8=
-21,12,iDRt6GPZTibkai86b656TWJnGuc=,mgu+/HQPqxW9U5DlTTpNff3c/B8=
-22,12,iDRt6GPZTibkai86b656TWJnGuc=,mgu+/HQPqxW9U5DlTTpNff3c/B8=
-23,12,iDRt6GPZTibkai86b656TWJnGuc=,mgu+/HQPqxW9U5DlTTpNff3c/B8=
-24,12,iDRt6GPZTibkai86b656TWJnGuc=,mgu+/HQPqxW9U5DlTTpNff3c/B8=
-20,11,iDRt6GPZTibkai86b656TWJnGuc=,mgu+/HQPqxW9U5DlTTpNff3c/B8=
-21,11,iDRt6GPZTibkai86b656TWJnGuc=,mgu+/HQPqxW9U5DlTTpNff3c/B8=
-19,11,HyAycB3FDRIBcegO6KDEqvrHYJo=,mgu+/HQPqxW9U5DlTTpNff3c/B8=
-18,11,HyAycB3FDRIBcegO6KDEqvrHYJo=,mgu+/HQPqxW9U5DlTTpNff3c/B8=
-17,11,HyAycB3FDRIBcegO6KDEqvrHYJo=,mgu+/HQPqxW9U5DlTTpNff3c/B8=
-19,12,HyAycB3FDRIBcegO6KDEqvrHYJo=,mgu+/HQPqxW9U5DlTTpNff3c/B8=
-17,12,HyAycB3FDRIBcegO6KDEqvrHYJo=,mgu+/HQPqxW9U5DlTTpNff3c/B8=
-18,12,HyAycB3FDRIBcegO6KDEqvrHYJo=,mgu+/HQPqxW9U5DlTTpNff3c/B8=
-21,15,HyAycB3FDRIBcegO6KDEqvrHYJo=,mgu+/HQPqxW9U5DlTTpNff3c/B8=
-20,15,HyAycB3FDRIBcegO6KDEqvrHYJo=,mgu+/HQPqxW9U5DlTTpNff3c/B8=
-21,14,HyAycB3FDRIBcegO6KDEqvrHYJo=,mgu+/HQPqxW9U5DlTTpNff3c/B8=
-20,13,HyAycB3FDRIBcegO6KDEqvrHYJo=,mgu+/HQPqxW9U5DlTTpNff3c/B8=
-21,13,HyAycB3FDRIBcegO6KDEqvrHYJo=,mgu+/HQPqxW9U5DlTTpNff3c/B8=
-20,14,HyAycB3FDRIBcegO6KDEqvrHYJo=,mgu+/HQPqxW9U5DlTTpNff3c/B8=
-19,15,HyAycB3FDRIBcegO6KDEqvrHYJo=,mgu+/HQPqxW9U5DlTTpNff3c/B8=
-18,15,HyAycB3FDRIBcegO6KDEqvrHYJo=,mgu+/HQPqxW9U5DlTTpNff3c/B8=
-17,15,HyAycB3FDRIBcegO6KDEqvrHYJo=,mgu+/HQPqxW9U5DlTTpNff3c/B8=
-17,14,HyAycB3FDRIBcegO6KDEqvrHYJo=,mgu+/HQPqxW9U5DlTTpNff3c/B8=
-18,14,HyAycB3FDRIBcegO6KDEqvrHYJo=,mgu+/HQPqxW9U5DlTTpNff3c/B8=
-19,14,HyAycB3FDRIBcegO6KDEqvrHYJo=,mgu+/HQPqxW9U5DlTTpNff3c/B8=
-17,13,HyAycB3FDRIBcegO6KDEqvrHYJo=,mgu+/HQPqxW9U5DlTTpNff3c/B8=
-18,13,HyAycB3FDRIBcegO6KDEqvrHYJo=,mgu+/HQPqxW9U5DlTTpNff3c/B8=
-19,13,HyAycB3FDRIBcegO6KDEqvrHYJo=,mgu+/HQPqxW9U5DlTTpNff3c/B8=
-24,15,HyAycB3FDRIBcegO6KDEqvrHYJo=,mgu+/HQPqxW9U5DlTTpNff3c/B8=
-23,15,HyAycB3FDRIBcegO6KDEqvrHYJo=,mgu+/HQPqxW9U5DlTTpNff3c/B8=
-23,14,HyAycB3FDRIBcegO6KDEqvrHYJo=,mgu+/HQPqxW9U5DlTTpNff3c/B8=
-24,14,HyAycB3FDRIBcegO6KDEqvrHYJo=,mgu+/HQPqxW9U5DlTTpNff3c/B8=
-22,13,HyAycB3FDRIBcegO6KDEqvrHYJo=,mgu+/HQPqxW9U5DlTTpNff3c/B8=
-23,13,HyAycB3FDRIBcegO6KDEqvrHYJo=,mgu+/HQPqxW9U5DlTTpNff3c/B8=
-24,13,HyAycB3FDRIBcegO6KDEqvrHYJo=,mgu+/HQPqxW9U5DlTTpNff3c/B8=
-22,14,HyAycB3FDRIBcegO6KDEqvrHYJo=,mgu+/HQPqxW9U5DlTTpNff3c/B8=
-22,15,HyAycB3FDRIBcegO6KDEqvrHYJo=,mgu+/HQPqxW9U5DlTTpNff3c/B8=
-23,8,WTTnMrb4F0vRiOmMJcHAICjmG3Q=,mgu+/HQPqxW9U5DlTTpNff3c/B8=
-17,10,WTTnMrb4F0vRiOmMJcHAICjmG3Q=,mgu+/HQPqxW9U5DlTTpNff3c/B8=
-18,10,WTTnMrb4F0vRiOmMJcHAICjmG3Q=,mgu+/HQPqxW9U5DlTTpNff3c/B8=
-19,10,WTTnMrb4F0vRiOmMJcHAICjmG3Q=,mgu+/HQPqxW9U5DlTTpNff3c/B8=
-20,10,WTTnMrb4F0vRiOmMJcHAICjmG3Q=,mgu+/HQPqxW9U5DlTTpNff3c/B8=
-24,8,WTTnMrb4F0vRiOmMJcHAICjmG3Q=,mgu+/HQPqxW9U5DlTTpNff3c/B8=
-22,8,WTTnMrb4F0vRiOmMJcHAICjmG3Q=,mgu+/HQPqxW9U5DlTTpNff3c/B8=
-21,10,WTTnMrb4F0vRiOmMJcHAICjmG3Q=,mgu+/HQPqxW9U5DlTTpNff3c/B8=
-22,10,WTTnMrb4F0vRiOmMJcHAICjmG3Q=,mgu+/HQPqxW9U5DlTTpNff3c/B8=
-23,10,WTTnMrb4F0vRiOmMJcHAICjmG3Q=,mgu+/HQPqxW9U5DlTTpNff3c/B8=
-24,10,WTTnMrb4F0vRiOmMJcHAICjmG3Q=,mgu+/HQPqxW9U5DlTTpNff3c/B8=
-17,9,WTTnMrb4F0vRiOmMJcHAICjmG3Q=,mgu+/HQPqxW9U5DlTTpNff3c/B8=
-18,9,WTTnMrb4F0vRiOmMJcHAICjmG3Q=,mgu+/HQPqxW9U5DlTTpNff3c/B8=
-19,9,WTTnMrb4F0vRiOmMJcHAICjmG3Q=,mgu+/HQPqxW9U5DlTTpNff3c/B8=
-20,9,WTTnMrb4F0vRiOmMJcHAICjmG3Q=,mgu+/HQPqxW9U5DlTTpNff3c/B8=
-21,9,WTTnMrb4F0vRiOmMJcHAICjmG3Q=,mgu+/HQPqxW9U5DlTTpNff3c/B8=
-20,8,WTTnMrb4F0vRiOmMJcHAICjmG3Q=,mgu+/HQPqxW9U5DlTTpNff3c/B8=
-19,8,WTTnMrb4F0vRiOmMJcHAICjmG3Q=,mgu+/HQPqxW9U5DlTTpNff3c/B8=
-22,9,WTTnMrb4F0vRiOmMJcHAICjmG3Q=,mgu+/HQPqxW9U5DlTTpNff3c/B8=
-18,8,WTTnMrb4F0vRiOmMJcHAICjmG3Q=,mgu+/HQPqxW9U5DlTTpNff3c/B8=
-24,9,WTTnMrb4F0vRiOmMJcHAICjmG3Q=,mgu+/HQPqxW9U5DlTTpNff3c/B8=
-17,8,WTTnMrb4F0vRiOmMJcHAICjmG3Q=,mgu+/HQPqxW9U5DlTTpNff3c/B8=
-23,9,WTTnMrb4F0vRiOmMJcHAICjmG3Q=,mgu+/HQPqxW9U5DlTTpNff3c/B8=
-21,8,WTTnMrb4F0vRiOmMJcHAICjmG3Q=,mgu+/HQPqxW9U5DlTTpNff3c/B8=
