-12,-5,NLKnM9Hpb3xQMrolaFkIkxFXtpc=,1iQ/6waB4Irjo0vnUButLV+lv0k=
-13,-5,NLKnM9Hpb3xQMrolaFkIkxFXtpc=,1iQ/6waB4Irjo0vnUButLV+lv0k=
-12,-4,NLKnM9Hpb3xQMrolaFkIkxFXtpc=,1iQ/6waB4Irjo0vnUButLV+lv0k=
-13,-4,NLKnM9Hpb3xQMrolaFkIkxFXtpc=,1iQ/6waB4Irjo0vnUButLV+lv0k=
-4,-13,AvA/7U4/frPA2ay+J9iUfX+8/f4=,8pvOME/2qjysIB2UKyAPBg00JjQ=
-5,-13,AvA/7U4/frPA2ay+J9iUfX+8/f4=,8pvOME/2qjysIB2UKyAPBg00JjQ=
-5,-12,AvA/7U4/frPA2ay+J9iUfX+8/f4=,8pvOME/2qjysIB2UKyAPBg00JjQ=
-4,-12,AvA/7U4/frPA2ay+J9iUfX+8/f4=,8pvOME/2qjysIB2UKyAPBg00JjQ=
-13,-6,38TQta0zYFWoiXM0nHc1U8N4zhc=,1iQ/6waB4Irjo0vnUButLV+lv0k=
-12,-6,38TQta0zYFWoiXM0nHc1U8N4zhc=,1iQ/6waB4Irjo0vnUButLV+lv0k=
-12,-7,38TQta0zYFWoiXM0nHc1U8N4zhc=,1iQ/6waB4Irjo0vnUButLV+lv0k=
-13,-7,38TQta0zYFWoiXM0nHc1U8N4zhc=,1iQ/6waB4Irjo0vnUButLV+lv0k=
-6,-13,38TQta0zYFWoiXM0nHc1U8N4zhc=,8pvOME/2qjysIB2UKyAPBg00JjQ=
-12,-8,38TQta0zYFWoiXM0nHc1U8N4zhc=,1iQ/6waB4Irjo0vnUButLV+lv0k=
-13,-8,38TQta0zYFWoiXM0nHc1U8N4zhc=,1iQ/6waB4Irjo0vnUButLV+lv0k=
-6,-12,38TQta0zYFWoiXM0nHc1U8N4zhc=,8pvOME/2qjysIB2UKyAPBg00JjQ=
-7,-13,38TQta0zYFWoiXM0nHc1U8N4zhc=,8pvOME/2qjysIB2UKyAPBg00JjQ=
-12,-9,38TQta0zYFWoiXM0nHc1U8N4zhc=,rrBDmCMqbTNItx2cazqzkm0Og0Q=
-13,-10,38TQta0zYFWoiXM0nHc1U8N4zhc=,rrBDmCMqbTNItx2cazqzkm0Og0Q=
-8,-13,38TQta0zYFWoiXM0nHc1U8N4zhc=,8pvOME/2qjysIB2UKyAPBg00JjQ=
-12,-10,38TQta0zYFWoiXM0nHc1U8N4zhc=,rrBDmCMqbTNItx2cazqzkm0Og0Q=
-9,-12,38TQta0zYFWoiXM0nHc1U8N4zhc=,rrBDmCMqbTNItx2cazqzkm0Og0Q=
-13,-9,38TQta0zYFWoiXM0nHc1U8N4zhc=,rrBDmCMqbTNItx2cazqzkm0Og0Q=
-13,-13,38TQta0zYFWoiXM0nHc1U8N4zhc=,rrBDmCMqbTNItx2cazqzkm0Og0Q=
-12,-11,38TQta0zYFWoiXM0nHc1U8N4zhc=,rrBDmCMqbTNItx2cazqzkm0Og0Q=
-7,-12,38TQta0zYFWoiXM0nHc1U8N4zhc=,8pvOME/2qjysIB2UKyAPBg00JjQ=
-13,-11,38TQta0zYFWoiXM0nHc1U8N4zhc=,rrBDmCMqbTNItx2cazqzkm0Og0Q=
-10,-12,38TQta0zYFWoiXM0nHc1U8N4zhc=,rrBDmCMqbTNItx2cazqzkm0Og0Q=
-12,-13,38TQta0zYFWoiXM0nHc1U8N4zhc=,rrBDmCMqbTNItx2cazqzkm0Og0Q=
-12,-12,38TQta0zYFWoiXM0nHc1U8N4zhc=,rrBDmCMqbTNItx2cazqzkm0Og0Q=
-11,-13,38TQta0zYFWoiXM0nHc1U8N4zhc=,rrBDmCMqbTNItx2cazqzkm0Og0Q=
-8,-12,38TQta0zYFWoiXM0nHc1U8N4zhc=,8pvOME/2qjysIB2UKyAPBg00JjQ=
-11,-12,38TQta0zYFWoiXM0nHc1U8N4zhc=,rrBDmCMqbTNItx2cazqzkm0Og0Q=
-9,-13,38TQta0zYFWoiXM0nHc1U8N4zhc=,rrBDmCMqbTNItx2cazqzkm0Og0Q=
-13,-12,38TQta0zYFWoiXM0nHc1U8N4zhc=,rrBDmCMqbTNItx2cazqzkm0Og0Q=
-10,-13,38TQta0zYFWoiXM0nHc1U8N4zhc=,rrBDmCMqbTNItx2cazqzkm0Og0Q=
-5,-9,38TQta0zYFWoiXM0nHc1U8N4zhc=,8pvOME/2qjysIB2UKyAPBg00JjQ=
-6,-4,38TQta0zYFWoiXM0nHc1U8N4zhc=,9lLAtcu5jo1gaEhENnXYHSr8+VI=
-5,-11,38TQta0zYFWoiXM0nHc1U8N4zhc=,8pvOME/2qjysIB2UKyAPBg00JjQ=
-11,-6,38TQta0zYFWoiXM0nHc1U8N4zhc=,1iQ/6waB4Irjo0vnUButLV+lv0k=
-10,-6,38TQta0zYFWoiXM0nHc1U8N4zhc=,1iQ/6waB4Irjo0vnUButLV+lv0k=
-9,-6,38TQta0zYFWoiXM0nHc1U8N4zhc=,1iQ/6waB4Irjo0vnUButLV+lv0k=
-7,-4,38TQta0zYFWoiXM0nHc1U8N4zhc=,9lLAtcu5jo1gaEhENnXYHSr8+VI=
-9,-4,38TQta0zYFWoiXM0nHc1U8N4zhc=,1iQ/6waB4Irjo0vnUButLV+lv0k=
-5,-4,38TQta0zYFWoiXM0nHc1U8N4zhc=,9lLAtcu5jo1gaEhENnXYHSr8+VI=
-7,-9,9HDbPPtYTm+vCIVENH0RSobMN30=,8pvOME/2qjysIB2UKyAPBg00JjQ=
-10,-4,9HDbPPtYTm+vCIVENH0RSobMN30=,1iQ/6waB4Irjo0vnUButLV+lv0k=
-11,-4,9HDbPPtYTm+vCIVENH0RSobMN30=,1iQ/6waB4Irjo0vnUButLV+lv0k=
-6,-11,9HDbPPtYTm+vCIVENH0RSobMN30=,8pvOME/2qjysIB2UKyAPBg00JjQ=
-4,-11,9HDbPPtYTm+vCIVENH0RSobMN30=,8pvOME/2qjysIB2UKyAPBg00JjQ=
-9,-7,9HDbPPtYTm+vCIVENH0RSobMN30=,1iQ/6waB4Irjo0vnUButLV+lv0k=
-10,-7,9HDbPPtYTm+vCIVENH0RSobMN30=,1iQ/6waB4Irjo0vnUButLV+lv0k=
-8,-9,9HDbPPtYTm+vCIVENH0RSobMN30=,8pvOME/2qjysIB2UKyAPBg00JjQ=
-6,-5,9HDbPPtYTm+vCIVENH0RSobMN30=,9lLAtcu5jo1gaEhENnXYHSr8+VI=
-7,-6,9HDbPPtYTm+vCIVENH0RSobMN30=,9lLAtcu5jo1gaEhENnXYHSr8+VI=
-6,-9,9HDbPPtYTm+vCIVENH0RSobMN30=,8pvOME/2qjysIB2UKyAPBg00JjQ=
-7,-7,9HDbPPtYTm+vCIVENH0RSobMN30=,9lLAtcu5jo1gaEhENnXYHSr8+VI=
-8,-7,9HDbPPtYTm+vCIVENH0RSobMN30=,9lLAtcu5jo1gaEhENnXYHSr8+VI=
-11,-7,9HDbPPtYTm+vCIVENH0RSobMN30=,1iQ/6waB4Irjo0vnUButLV+lv0k=
-4,-4,9HDbPPtYTm+vCIVENH0RSobMN30=,9lLAtcu5jo1gaEhENnXYHSr8+VI=
-8,-4,9HDbPPtYTm+vCIVENH0RSobMN30=,9lLAtcu5jo1gaEhENnXYHSr8+VI=
-6,-7,9HDbPPtYTm+vCIVENH0RSobMN30=,9lLAtcu5jo1gaEhENnXYHSr8+VI=
-8,-5,9HDbPPtYTm+vCIVENH0RSobMN30=,9lLAtcu5jo1gaEhENnXYHSr8+VI=
-5,-7,9HDbPPtYTm+vCIVENH0RSobMN30=,9lLAtcu5jo1gaEhENnXYHSr8+VI=
-7,-5,9HDbPPtYTm+vCIVENH0RSobMN30=,9lLAtcu5jo1gaEhENnXYHSr8+VI=
-9,-8,9HDbPPtYTm+vCIVENH0RSobMN30=,1iQ/6waB4Irjo0vnUButLV+lv0k=
-10,-8,9HDbPPtYTm+vCIVENH0RSobMN30=,1iQ/6waB4Irjo0vnUButLV+lv0k=
-11,-8,9HDbPPtYTm+vCIVENH0RSobMN30=,1iQ/6waB4Irjo0vnUButLV+lv0k=
-8,-6,9HDbPPtYTm+vCIVENH0RSobMN30=,9lLAtcu5jo1gaEhENnXYHSr8+VI=
-4,-8,9HDbPPtYTm+vCIVENH0RSobMN30=,9lLAtcu5jo1gaEhENnXYHSr8+VI=
-4,-9,9HDbPPtYTm+vCIVENH0RSobMN30=,8pvOME/2qjysIB2UKyAPBg00JjQ=
-7,-11,9HDbPPtYTm+vCIVENH0RSobMN30=,8pvOME/2qjysIB2UKyAPBg00JjQ=
-8,-11,9HDbPPtYTm+vCIVENH0RSobMN30=,8pvOME/2qjysIB2UKyAPBg00JjQ=
-11,-9,9HDbPPtYTm+vCIVENH0RSobMN30=,rrBDmCMqbTNItx2cazqzkm0Og0Q=
-5,-8,9HDbPPtYTm+vCIVENH0RSobMN30=,9lLAtcu5jo1gaEhENnXYHSr8+VI=
-8,-10,9HDbPPtYTm+vCIVENH0RSobMN30=,8pvOME/2qjysIB2UKyAPBg00JjQ=
-9,-9,9HDbPPtYTm+vCIVENH0RSobMN30=,rrBDmCMqbTNItx2cazqzkm0Og0Q=
-11,-5,9HDbPPtYTm+vCIVENH0RSobMN30=,1iQ/6waB4Irjo0vnUButLV+lv0k=
-10,-9,9HDbPPtYTm+vCIVENH0RSobMN30=,rrBDmCMqbTNItx2cazqzkm0Og0Q=
-11,-10,9HDbPPtYTm+vCIVENH0RSobMN30=,rrBDmCMqbTNItx2cazqzkm0Og0Q=
-7,-10,9HDbPPtYTm+vCIVENH0RSobMN30=,8pvOME/2qjysIB2UKyAPBg00JjQ=
-10,-5,9HDbPPtYTm+vCIVENH0RSobMN30=,1iQ/6waB4Irjo0vnUButLV+lv0k=
-9,-11,9HDbPPtYTm+vCIVENH0RSobMN30=,rrBDmCMqbTNItx2cazqzkm0Og0Q=
-10,-11,9HDbPPtYTm+vCIVENH0RSobMN30=,rrBDmCMqbTNItx2cazqzkm0Og0Q=
-10,-10,9HDbPPtYTm+vCIVENH0RSobMN30=,rrBDmCMqbTNItx2cazqzkm0Og0Q=
-11,-11,9HDbPPtYTm+vCIVENH0RSobMN30=,rrBDmCMqbTNItx2cazqzkm0Og0Q=
-4,-10,9HDbPPtYTm+vCIVENH0RSobMN30=,8pvOME/2qjysIB2UKyAPBg00JjQ=
-4,-6,9HDbPPtYTm+vCIVENH0RSobMN30=,9lLAtcu5jo1gaEhENnXYHSr8+VI=
-7,-8,9HDbPPtYTm+vCIVENH0RSobMN30=,9lLAtcu5jo1gaEhENnXYHSr8+VI=
-4,-5,9HDbPPtYTm+vCIVENH0RSobMN30=,9lLAtcu5jo1gaEhENnXYHSr8+VI=
-5,-6,9HDbPPtYTm+vCIVENH0RSobMN30=,9lLAtcu5jo1gaEhENnXYHSr8+VI=
-6,-8,9HDbPPtYTm+vCIVENH0RSobMN30=,9lLAtcu5jo1gaEhENnXYHSr8+VI=
-6,-10,9HDbPPtYTm+vCIVENH0RSobMN30=,8pvOME/2qjysIB2UKyAPBg00JjQ=
-9,-10,9HDbPPtYTm+vCIVENH0RSobMN30=,rrBDmCMqbTNItx2cazqzkm0Og0Q=
-5,-10,9HDbPPtYTm+vCIVENH0RSobMN30=,8pvOME/2qjysIB2UKyAPBg00JjQ=
-5,-5,9HDbPPtYTm+vCIVENH0RSobMN30=,9lLAtcu5jo1gaEhENnXYHSr8+VI=
-8,-8,9HDbPPtYTm+vCIVENH0RSobMN30=,9lLAtcu5jo1gaEhENnXYHSr8+VI=
-6,-6,9HDbPPtYTm+vCIVENH0RSobMN30=,9lLAtcu5jo1gaEhENnXYHSr8+VI=
-9,-5,9HDbPPtYTm+vCIVENH0RSobMN30=,1iQ/6waB4Irjo0vnUButLV+lv0k=
-4,-7,9HDbPPtYTm+vCIVENH0RSobMN30=,9lLAtcu5jo1gaEhENnXYHSr8+VI=
-12,-3,9HDbPPtYTm+vCIVENH0RSobMN30=,1iQ/6waB4Irjo0vnUButLV+lv0k=
-13,-3,9HDbPPtYTm+vCIVENH0RSobMN30=,1iQ/6waB4Irjo0vnUButLV+lv0k=
-13,-2,9HDbPPtYTm+vCIVENH0RSobMN30=,1iQ/6waB4Irjo0vnUButLV+lv0k=
-12,-2,9HDbPPtYTm+vCIVENH0RSobMN30=,1iQ/6waB4Irjo0vnUButLV+lv0k=
-12,-1,9HDbPPtYTm+vCIVENH0RSobMN30=,1iQ/6waB4Irjo0vnUButLV+lv0k=
-13,-1,9HDbPPtYTm+vCIVENH0RSobMN30=,1iQ/6waB4Irjo0vnUButLV+lv0k=
-1,-13,xZIU+5HOXeZuDAPCq90ClXC0FHw=,8pvOME/2qjysIB2UKyAPBg00JjQ=
-3,-12,xZIU+5HOXeZuDAPCq90ClXC0FHw=,8pvOME/2qjysIB2UKyAPBg00JjQ=
-2,-13,xZIU+5HOXeZuDAPCq90ClXC0FHw=,8pvOME/2qjysIB2UKyAPBg00JjQ=
-2,-12,xZIU+5HOXeZuDAPCq90ClXC0FHw=,8pvOME/2qjysIB2UKyAPBg00JjQ=
-3,-13,xZIU+5HOXeZuDAPCq90ClXC0FHw=,8pvOME/2qjysIB2UKyAPBg00JjQ=
-1,-12,xZIU+5HOXeZuDAPCq90ClXC0FHw=,8pvOME/2qjysIB2UKyAPBg00JjQ=
-16,-4,xZIU+5HOXeZuDAPCq90ClXC0FHw=,1iQ/6waB4Irjo0vnUButLV+lv0k=
-15,-4,xZIU+5HOXeZuDAPCq90ClXC0FHw=,1iQ/6waB4Irjo0vnUButLV+lv0k=
-14,-5,xZIU+5HOXeZuDAPCq90ClXC0FHw=,1iQ/6waB4Irjo0vnUButLV+lv0k=
-16,-5,xZIU+5HOXeZuDAPCq90ClXC0FHw=,1iQ/6waB4Irjo0vnUButLV+lv0k=
-15,-5,xZIU+5HOXeZuDAPCq90ClXC0FHw=,1iQ/6waB4Irjo0vnUButLV+lv0k=
-14,-4,xZIU+5HOXeZuDAPCq90ClXC0FHw=,1iQ/6waB4Irjo0vnUButLV+lv0k=
-14,-1,xZIU+5HOXeZuDAPCq90ClXC0FHw=,1iQ/6waB4Irjo0vnUButLV+lv0k=
-15,-1,xZIU+5HOXeZuDAPCq90ClXC0FHw=,1iQ/6waB4Irjo0vnUButLV+lv0k=
-15,-3,xZIU+5HOXeZuDAPCq90ClXC0FHw=,1iQ/6waB4Irjo0vnUButLV+lv0k=
-16,-3,xZIU+5HOXeZuDAPCq90ClXC0FHw=,1iQ/6waB4Irjo0vnUButLV+lv0k=
-14,-3,xZIU+5HOXeZuDAPCq90ClXC0FHw=,1iQ/6waB4Irjo0vnUButLV+lv0k=
-16,-1,xZIU+5HOXeZuDAPCq90ClXC0FHw=,1iQ/6waB4Irjo0vnUButLV+lv0k=
-15,-2,xZIU+5HOXeZuDAPCq90ClXC0FHw=,1iQ/6waB4Irjo0vnUButLV+lv0k=
-14,-2,xZIU+5HOXeZuDAPCq90ClXC0FHw=,1iQ/6waB4Irjo0vnUButLV+lv0k=
-16,-2,xZIU+5HOXeZuDAPCq90ClXC0FHw=,1iQ/6waB4Irjo0vnUButLV+lv0k=
-1,-9,qeTld6+D3pon4/M8aiwOGuoqBjo=,8pvOME/2qjysIB2UKyAPBg00JjQ=
-2,-4,qeTld6+D3pon4/M8aiwOGuoqBjo=,9lLAtcu5jo1gaEhENnXYHSr8+VI=
-1,-4,qeTld6+D3pon4/M8aiwOGuoqBjo=,9lLAtcu5jo1gaEhENnXYHSr8+VI=
-1,-8,qeTld6+D3pon4/M8aiwOGuoqBjo=,9lLAtcu5jo1gaEhENnXYHSr8+VI=
-3,-4,qeTld6+D3pon4/M8aiwOGuoqBjo=,9lLAtcu5jo1gaEhENnXYHSr8+VI=
-1,-5,qeTld6+D3pon4/M8aiwOGuoqBjo=,9lLAtcu5jo1gaEhENnXYHSr8+VI=
-3,-11,qeTld6+D3pon4/M8aiwOGuoqBjo=,8pvOME/2qjysIB2UKyAPBg00JjQ=
-2,-8,qeTld6+D3pon4/M8aiwOGuoqBjo=,9lLAtcu5jo1gaEhENnXYHSr8+VI=
-2,-9,qeTld6+D3pon4/M8aiwOGuoqBjo=,8pvOME/2qjysIB2UKyAPBg00JjQ=
-3,-8,qeTld6+D3pon4/M8aiwOGuoqBjo=,9lLAtcu5jo1gaEhENnXYHSr8+VI=
-1,-10,qeTld6+D3pon4/M8aiwOGuoqBjo=,8pvOME/2qjysIB2UKyAPBg00JjQ=
-3,-9,qeTld6+D3pon4/M8aiwOGuoqBjo=,8pvOME/2qjysIB2UKyAPBg00JjQ=
-2,-11,qeTld6+D3pon4/M8aiwOGuoqBjo=,8pvOME/2qjysIB2UKyAPBg00JjQ=
-1,-7,qeTld6+D3pon4/M8aiwOGuoqBjo=,9lLAtcu5jo1gaEhENnXYHSr8+VI=
-2,-5,qeTld6+D3pon4/M8aiwOGuoqBjo=,9lLAtcu5jo1gaEhENnXYHSr8+VI=
-2,-6,qeTld6+D3pon4/M8aiwOGuoqBjo=,9lLAtcu5jo1gaEhENnXYHSr8+VI=
-2,-10,qeTld6+D3pon4/M8aiwOGuoqBjo=,8pvOME/2qjysIB2UKyAPBg00JjQ=
-1,-6,qeTld6+D3pon4/M8aiwOGuoqBjo=,9lLAtcu5jo1gaEhENnXYHSr8+VI=
-3,-10,qeTld6+D3pon4/M8aiwOGuoqBjo=,8pvOME/2qjysIB2UKyAPBg00JjQ=
-3,-7,qeTld6+D3pon4/M8aiwOGuoqBjo=,9lLAtcu5jo1gaEhENnXYHSr8+VI=
-2,-7,qeTld6+D3pon4/M8aiwOGuoqBjo=,9lLAtcu5jo1gaEhENnXYHSr8+VI=
-3,-6,qeTld6+D3pon4/M8aiwOGuoqBjo=,9lLAtcu5jo1gaEhENnXYHSr8+VI=
-3,-5,qeTld6+D3pon4/M8aiwOGuoqBjo=,9lLAtcu5jo1gaEhENnXYHSr8+VI=
-1,-11,qeTld6+D3pon4/M8aiwOGuoqBjo=,8pvOME/2qjysIB2UKyAPBg00JjQ=
-7,-3,VLVPfoumOVHS88abcw9tv3MJ4yg=,9lLAtcu5jo1gaEhENnXYHSr8+VI=
-10,-1,VLVPfoumOVHS88abcw9tv3MJ4yg=,1iQ/6waB4Irjo0vnUButLV+lv0k=
-11,-1,VLVPfoumOVHS88abcw9tv3MJ4yg=,1iQ/6waB4Irjo0vnUButLV+lv0k=
-9,-1,VLVPfoumOVHS88abcw9tv3MJ4yg=,1iQ/6waB4Irjo0vnUButLV+lv0k=
-9,-2,VLVPfoumOVHS88abcw9tv3MJ4yg=,1iQ/6waB4Irjo0vnUButLV+lv0k=
-5,-1,VLVPfoumOVHS88abcw9tv3MJ4yg=,9lLAtcu5jo1gaEhENnXYHSr8+VI=
-11,-2,VLVPfoumOVHS88abcw9tv3MJ4yg=,1iQ/6waB4Irjo0vnUButLV+lv0k=
-6,-1,VLVPfoumOVHS88abcw9tv3MJ4yg=,9lLAtcu5jo1gaEhENnXYHSr8+VI=
-8,-1,VLVPfoumOVHS88abcw9tv3MJ4yg=,9lLAtcu5jo1gaEhENnXYHSr8+VI=
-9,-3,VLVPfoumOVHS88abcw9tv3MJ4yg=,1iQ/6waB4Irjo0vnUButLV+lv0k=
-8,-3,VLVPfoumOVHS88abcw9tv3MJ4yg=,9lLAtcu5jo1gaEhENnXYHSr8+VI=
-7,-1,VLVPfoumOVHS88abcw9tv3MJ4yg=,9lLAtcu5jo1gaEhENnXYHSr8+VI=
-10,-2,VLVPfoumOVHS88abcw9tv3MJ4yg=,1iQ/6waB4Irjo0vnUButLV+lv0k=
-4,-1,VLVPfoumOVHS88abcw9tv3MJ4yg=,9lLAtcu5jo1gaEhENnXYHSr8+VI=
-6,-2,VLVPfoumOVHS88abcw9tv3MJ4yg=,9lLAtcu5jo1gaEhENnXYHSr8+VI=
-11,-3,VLVPfoumOVHS88abcw9tv3MJ4yg=,1iQ/6waB4Irjo0vnUButLV+lv0k=
-7,-2,VLVPfoumOVHS88abcw9tv3MJ4yg=,9lLAtcu5jo1gaEhENnXYHSr8+VI=
-6,-3,VLVPfoumOVHS88abcw9tv3MJ4yg=,9lLAtcu5jo1gaEhENnXYHSr8+VI=
-10,-3,VLVPfoumOVHS88abcw9tv3MJ4yg=,1iQ/6waB4Irjo0vnUButLV+lv0k=
-5,-2,VLVPfoumOVHS88abcw9tv3MJ4yg=,9lLAtcu5jo1gaEhENnXYHSr8+VI=
-5,-3,VLVPfoumOVHS88abcw9tv3MJ4yg=,9lLAtcu5jo1gaEhENnXYHSr8+VI=
-8,-2,VLVPfoumOVHS88abcw9tv3MJ4yg=,9lLAtcu5jo1gaEhENnXYHSr8+VI=
-4,-3,VLVPfoumOVHS88abcw9tv3MJ4yg=,9lLAtcu5jo1gaEhENnXYHSr8+VI=
-4,-2,VLVPfoumOVHS88abcw9tv3MJ4yg=,9lLAtcu5jo1gaEhENnXYHSr8+VI=
-1,-1,dNTLr/vQp2xny9WVHJsRiqlqRk0=,9lLAtcu5jo1gaEhENnXYHSr8+VI=
-2,-2,dNTLr/vQp2xny9WVHJsRiqlqRk0=,9lLAtcu5jo1gaEhENnXYHSr8+VI=
-14,-6,dNTLr/vQp2xny9WVHJsRiqlqRk0=,1iQ/6waB4Irjo0vnUButLV+lv0k=
-3,-2,dNTLr/vQp2xny9WVHJsRiqlqRk0=,9lLAtcu5jo1gaEhENnXYHSr8+VI=
-16,-6,dNTLr/vQp2xny9WVHJsRiqlqRk0=,1iQ/6waB4Irjo0vnUButLV+lv0k=
-14,-7,dNTLr/vQp2xny9WVHJsRiqlqRk0=,1iQ/6waB4Irjo0vnUButLV+lv0k=
-15,-7,dNTLr/vQp2xny9WVHJsRiqlqRk0=,1iQ/6waB4Irjo0vnUButLV+lv0k=
-15,-6,dNTLr/vQp2xny9WVHJsRiqlqRk0=,1iQ/6waB4Irjo0vnUButLV+lv0k=
-14,-13,dNTLr/vQp2xny9WVHJsRiqlqRk0=,rrBDmCMqbTNItx2cazqzkm0Og0Q=
-16,-13,dNTLr/vQp2xny9WVHJsRiqlqRk0=,rrBDmCMqbTNItx2cazqzkm0Og0Q=
-16,-7,dNTLr/vQp2xny9WVHJsRiqlqRk0=,1iQ/6waB4Irjo0vnUButLV+lv0k=
-14,-8,dNTLr/vQp2xny9WVHJsRiqlqRk0=,1iQ/6waB4Irjo0vnUButLV+lv0k=
-14,-9,dNTLr/vQp2xny9WVHJsRiqlqRk0=,rrBDmCMqbTNItx2cazqzkm0Og0Q=
-3,-1,dNTLr/vQp2xny9WVHJsRiqlqRk0=,9lLAtcu5jo1gaEhENnXYHSr8+VI=
-2,-3,dNTLr/vQp2xny9WVHJsRiqlqRk0=,9lLAtcu5jo1gaEhENnXYHSr8+VI=
-16,-12,dNTLr/vQp2xny9WVHJsRiqlqRk0=,rrBDmCMqbTNItx2cazqzkm0Og0Q=
-1,-2,dNTLr/vQp2xny9WVHJsRiqlqRk0=,9lLAtcu5jo1gaEhENnXYHSr8+VI=
-15,-13,dNTLr/vQp2xny9WVHJsRiqlqRk0=,rrBDmCMqbTNItx2cazqzkm0Og0Q=
-16,-8,dNTLr/vQp2xny9WVHJsRiqlqRk0=,1iQ/6waB4Irjo0vnUButLV+lv0k=
-15,-10,dNTLr/vQp2xny9WVHJsRiqlqRk0=,rrBDmCMqbTNItx2cazqzkm0Og0Q=
-2,-1,dNTLr/vQp2xny9WVHJsRiqlqRk0=,9lLAtcu5jo1gaEhENnXYHSr8+VI=
-15,-9,dNTLr/vQp2xny9WVHJsRiqlqRk0=,rrBDmCMqbTNItx2cazqzkm0Og0Q=
-3,-3,dNTLr/vQp2xny9WVHJsRiqlqRk0=,9lLAtcu5jo1gaEhENnXYHSr8+VI=
-16,-11,dNTLr/vQp2xny9WVHJsRiqlqRk0=,rrBDmCMqbTNItx2cazqzkm0Og0Q=
-14,-10,dNTLr/vQp2xny9WVHJsRiqlqRk0=,rrBDmCMqbTNItx2cazqzkm0Og0Q=
-15,-12,dNTLr/vQp2xny9WVHJsRiqlqRk0=,rrBDmCMqbTNItx2cazqzkm0Og0Q=
-15,-8,dNTLr/vQp2xny9WVHJsRiqlqRk0=,1iQ/6waB4Irjo0vnUButLV+lv0k=
-14,-11,dNTLr/vQp2xny9WVHJsRiqlqRk0=,rrBDmCMqbTNItx2cazqzkm0Og0Q=
-16,-9,dNTLr/vQp2xny9WVHJsRiqlqRk0=,rrBDmCMqbTNItx2cazqzkm0Og0Q=
-16,-10,dNTLr/vQp2xny9WVHJsRiqlqRk0=,rrBDmCMqbTNItx2cazqzkm0Og0Q=
-15,-11,dNTLr/vQp2xny9WVHJsRiqlqRk0=,rrBDmCMqbTNItx2cazqzkm0Og0Q=
-14,-12,dNTLr/vQp2xny9WVHJsRiqlqRk0=,rrBDmCMqbTNItx2cazqzkm0Og0Q=
-1,-3,dNTLr/vQp2xny9WVHJsRiqlqRk0=,9lLAtcu5jo1gaEhENnXYHSr8+VI=
-16,-14,dNTLr/vQp2xny9WVHJsRiqlqRk0=,rrBDmCMqbTNItx2cazqzkm0Og0Q=
-15,-14,dNTLr/vQp2xny9WVHJsRiqlqRk0=,rrBDmCMqbTNItx2cazqzkm0Og0Q=
-13,-16,dNTLr/vQp2xny9WVHJsRiqlqRk0=,rrBDmCMqbTNItx2cazqzkm0Og0Q=
-12,-16,dNTLr/vQp2xny9WVHJsRiqlqRk0=,rrBDmCMqbTNItx2cazqzkm0Og0Q=
-16,-16,dNTLr/vQp2xny9WVHJsRiqlqRk0=,rrBDmCMqbTNItx2cazqzkm0Og0Q=
-15,-16,dNTLr/vQp2xny9WVHJsRiqlqRk0=,rrBDmCMqbTNItx2cazqzkm0Og0Q=
-13,-14,dNTLr/vQp2xny9WVHJsRiqlqRk0=,rrBDmCMqbTNItx2cazqzkm0Og0Q=
-16,-15,dNTLr/vQp2xny9WVHJsRiqlqRk0=,rrBDmCMqbTNItx2cazqzkm0Og0Q=
-14,-16,dNTLr/vQp2xny9WVHJsRiqlqRk0=,rrBDmCMqbTNItx2cazqzkm0Og0Q=
-12,-14,dNTLr/vQp2xny9WVHJsRiqlqRk0=,rrBDmCMqbTNItx2cazqzkm0Og0Q=
-15,-15,dNTLr/vQp2xny9WVHJsRiqlqRk0=,rrBDmCMqbTNItx2cazqzkm0Og0Q=
-14,-15,dNTLr/vQp2xny9WVHJsRiqlqRk0=,rrBDmCMqbTNItx2cazqzkm0Og0Q=
-12,-15,dNTLr/vQp2xny9WVHJsRiqlqRk0=,rrBDmCMqbTNItx2cazqzkm0Og0Q=
-13,-15,dNTLr/vQp2xny9WVHJsRiqlqRk0=,rrBDmCMqbTNItx2cazqzkm0Og0Q=
-14,-14,dNTLr/vQp2xny9WVHJsRiqlqRk0=,rrBDmCMqbTNItx2cazqzkm0Og0Q=
-10,-15,dNTLr/vQp2xny9WVHJsRiqlqRk0=,rrBDmCMqbTNItx2cazqzkm0Og0Q=
-9,-15,dNTLr/vQp2xny9WVHJsRiqlqRk0=,rrBDmCMqbTNItx2cazqzkm0Og0Q=
-8,-15,dNTLr/vQp2xny9WVHJsRiqlqRk0=,8pvOME/2qjysIB2UKyAPBg00JjQ=
-10,-16,dNTLr/vQp2xny9WVHJsRiqlqRk0=,rrBDmCMqbTNItx2cazqzkm0Og0Q=
-11,-14,dNTLr/vQp2xny9WVHJsRiqlqRk0=,rrBDmCMqbTNItx2cazqzkm0Og0Q=
-1,-16,dNTLr/vQp2xny9WVHJsRiqlqRk0=,8pvOME/2qjysIB2UKyAPBg00JjQ=
-2,-16,dNTLr/vQp2xny9WVHJsRiqlqRk0=,8pvOME/2qjysIB2UKyAPBg00JjQ=
-1,-14,dNTLr/vQp2xny9WVHJsRiqlqRk0=,8pvOME/2qjysIB2UKyAPBg00JjQ=
-11,-16,dNTLr/vQp2xny9WVHJsRiqlqRk0=,rrBDmCMqbTNItx2cazqzkm0Og0Q=
-9,-16,dNTLr/vQp2xny9WVHJsRiqlqRk0=,rrBDmCMqbTNItx2cazqzkm0Og0Q=
-7,-15,dNTLr/vQp2xny9WVHJsRiqlqRk0=,8pvOME/2qjysIB2UKyAPBg00JjQ=
-5,-14,dNTLr/vQp2xny9WVHJsRiqlqRk0=,8pvOME/2qjysIB2UKyAPBg00JjQ=
-4,-14,dNTLr/vQp2xny9WVHJsRiqlqRk0=,8pvOME/2qjysIB2UKyAPBg00JjQ=
-6,-14,dNTLr/vQp2xny9WVHJsRiqlqRk0=,8pvOME/2qjysIB2UKyAPBg00JjQ=
-4,-16,dNTLr/vQp2xny9WVHJsRiqlqRk0=,8pvOME/2qjysIB2UKyAPBg00JjQ=
-8,-14,dNTLr/vQp2xny9WVHJsRiqlqRk0=,8pvOME/2qjysIB2UKyAPBg00JjQ=
-7,-14,dNTLr/vQp2xny9WVHJsRiqlqRk0=,8pvOME/2qjysIB2UKyAPBg00JjQ=
-7,-16,dNTLr/vQp2xny9WVHJsRiqlqRk0=,8pvOME/2qjysIB2UKyAPBg00JjQ=
-9,-14,dNTLr/vQp2xny9WVHJsRiqlqRk0=,rrBDmCMqbTNItx2cazqzkm0Og0Q=
-3,-14,dNTLr/vQp2xny9WVHJsRiqlqRk0=,8pvOME/2qjysIB2UKyAPBg00JjQ=
-8,-16,dNTLr/vQp2xny9WVHJsRiqlqRk0=,8pvOME/2qjysIB2UKyAPBg00JjQ=
-2,-14,dNTLr/vQp2xny9WVHJsRiqlqRk0=,8pvOME/2qjysIB2UKyAPBg00JjQ=
-4,-15,dNTLr/vQp2xny9WVHJsRiqlqRk0=,8pvOME/2qjysIB2UKyAPBg00JjQ=
-5,-15,dNTLr/vQp2xny9WVHJsRiqlqRk0=,8pvOME/2qjysIB2UKyAPBg00JjQ=
-5,-16,dNTLr/vQp2xny9WVHJsRiqlqRk0=,8pvOME/2qjysIB2UKyAPBg00JjQ=
-1,-15,dNTLr/vQp2xny9WVHJsRiqlqRk0=,8pvOME/2qjysIB2UKyAPBg00JjQ=
-3,-15,dNTLr/vQp2xny9WVHJsRiqlqRk0=,8pvOME/2qjysIB2UKyAPBg00JjQ=
-2,-15,dNTLr/vQp2xny9WVHJsRiqlqRk0=,8pvOME/2qjysIB2UKyAPBg00JjQ=
-11,-15,dNTLr/vQp2xny9WVHJsRiqlqRk0=,rrBDmCMqbTNItx2cazqzkm0Og0Q=
-6,-16,dNTLr/vQp2xny9WVHJsRiqlqRk0=,8pvOME/2qjysIB2UKyAPBg00JjQ=
-10,-14,dNTLr/vQp2xny9WVHJsRiqlqRk0=,rrBDmCMqbTNItx2cazqzkm0Og0Q=
-6,-15,dNTLr/vQp2xny9WVHJsRiqlqRk0=,8pvOME/2qjysIB2UKyAPBg00JjQ=
-3,-16,dNTLr/vQp2xny9WVHJsRiqlqRk0=,8pvOME/2qjysIB2UKyAPBg00JjQ=
-4,-20,5C+lxaUWKqzt1yZza6WQ6w4wlD4=,NSBNSu0GA62X+zyG2RuvHwgsP3A=
-5,-20,5C+lxaUWKqzt1yZza6WQ6w4wlD4=,NSBNSu0GA62X+zyG2RuvHwgsP3A=
-5,-21,5C+lxaUWKqzt1yZza6WQ6w4wlD4=,NSBNSu0GA62X+zyG2RuvHwgsP3A=
-4,-21,5C+lxaUWKqzt1yZza6WQ6w4wlD4=,NSBNSu0GA62X+zyG2RuvHwgsP3A=
-4,-23,IH+AefORBtiAd/mGHM0AOxlkJTA=,NSBNSu0GA62X+zyG2RuvHwgsP3A=
-5,-29,IH+AefORBtiAd/mGHM0AOxlkJTA=,P31WqVndkwFtogwo7P92846UK+I=
-4,-29,IH+AefORBtiAd/mGHM0AOxlkJTA=,P31WqVndkwFtogwo7P92846UK+I=
-4,-26,IH+AefORBtiAd/mGHM0AOxlkJTA=,P31WqVndkwFtogwo7P92846UK+I=
-5,-28,IH+AefORBtiAd/mGHM0AOxlkJTA=,P31WqVndkwFtogwo7P92846UK+I=
-4,-27,IH+AefORBtiAd/mGHM0AOxlkJTA=,P31WqVndkwFtogwo7P92846UK+I=
-5,-23,IH+AefORBtiAd/mGHM0AOxlkJTA=,NSBNSu0GA62X+zyG2RuvHwgsP3A=
-5,-24,IH+AefORBtiAd/mGHM0AOxlkJTA=,NSBNSu0GA62X+zyG2RuvHwgsP3A=
-5,-26,IH+AefORBtiAd/mGHM0AOxlkJTA=,P31WqVndkwFtogwo7P92846UK+I=
-5,-22,IH+AefORBtiAd/mGHM0AOxlkJTA=,NSBNSu0GA62X+zyG2RuvHwgsP3A=
-5,-27,IH+AefORBtiAd/mGHM0AOxlkJTA=,P31WqVndkwFtogwo7P92846UK+I=
-4,-24,IH+AefORBtiAd/mGHM0AOxlkJTA=,NSBNSu0GA62X+zyG2RuvHwgsP3A=
-4,-28,IH+AefORBtiAd/mGHM0AOxlkJTA=,P31WqVndkwFtogwo7P92846UK+I=
-5,-25,IH+AefORBtiAd/mGHM0AOxlkJTA=,P31WqVndkwFtogwo7P92846UK+I=
-4,-22,IH+AefORBtiAd/mGHM0AOxlkJTA=,NSBNSu0GA62X+zyG2RuvHwgsP3A=
-4,-25,IH+AefORBtiAd/mGHM0AOxlkJTA=,P31WqVndkwFtogwo7P92846UK+I=
-13,-29,J5hLzWNNbhhtNlmHAS8a5KZuvAU=,kBo+j0kv8Vg1DhrkbdYnHJXewrQ=
-7,-29,J5hLzWNNbhhtNlmHAS8a5KZuvAU=,P31WqVndkwFtogwo7P92846UK+I=
-13,-21,J5hLzWNNbhhtNlmHAS8a5KZuvAU=,NPwryqS/wqOpbH3vQG/EAXSIGkg=
-8,-29,J5hLzWNNbhhtNlmHAS8a5KZuvAU=,P31WqVndkwFtogwo7P92846UK+I=
-12,-29,J5hLzWNNbhhtNlmHAS8a5KZuvAU=,kBo+j0kv8Vg1DhrkbdYnHJXewrQ=
-12,-21,J5hLzWNNbhhtNlmHAS8a5KZuvAU=,NPwryqS/wqOpbH3vQG/EAXSIGkg=
-9,-28,J5hLzWNNbhhtNlmHAS8a5KZuvAU=,kBo+j0kv8Vg1DhrkbdYnHJXewrQ=
-9,-22,J5hLzWNNbhhtNlmHAS8a5KZuvAU=,NPwryqS/wqOpbH3vQG/EAXSIGkg=
-6,-21,J5hLzWNNbhhtNlmHAS8a5KZuvAU=,NSBNSu0GA62X+zyG2RuvHwgsP3A=
-6,-29,J5hLzWNNbhhtNlmHAS8a5KZuvAU=,P31WqVndkwFtogwo7P92846UK+I=
-10,-28,J5hLzWNNbhhtNlmHAS8a5KZuvAU=,kBo+j0kv8Vg1DhrkbdYnHJXewrQ=
-7,-21,J5hLzWNNbhhtNlmHAS8a5KZuvAU=,NSBNSu0GA62X+zyG2RuvHwgsP3A=
-8,-25,J5hLzWNNbhhtNlmHAS8a5KZuvAU=,P31WqVndkwFtogwo7P92846UK+I=
-11,-29,J5hLzWNNbhhtNlmHAS8a5KZuvAU=,kBo+j0kv8Vg1DhrkbdYnHJXewrQ=
-11,-28,J5hLzWNNbhhtNlmHAS8a5KZuvAU=,kBo+j0kv8Vg1DhrkbdYnHJXewrQ=
-12,-28,J5hLzWNNbhhtNlmHAS8a5KZuvAU=,kBo+j0kv8Vg1DhrkbdYnHJXewrQ=
-9,-29,J5hLzWNNbhhtNlmHAS8a5KZuvAU=,kBo+j0kv8Vg1DhrkbdYnHJXewrQ=
-6,-26,J5hLzWNNbhhtNlmHAS8a5KZuvAU=,P31WqVndkwFtogwo7P92846UK+I=
-13,-22,J5hLzWNNbhhtNlmHAS8a5KZuvAU=,NPwryqS/wqOpbH3vQG/EAXSIGkg=
-11,-22,J5hLzWNNbhhtNlmHAS8a5KZuvAU=,NPwryqS/wqOpbH3vQG/EAXSIGkg=
-12,-22,J5hLzWNNbhhtNlmHAS8a5KZuvAU=,NPwryqS/wqOpbH3vQG/EAXSIGkg=
-7,-22,J5hLzWNNbhhtNlmHAS8a5KZuvAU=,NSBNSu0GA62X+zyG2RuvHwgsP3A=
-7,-26,J5hLzWNNbhhtNlmHAS8a5KZuvAU=,P31WqVndkwFtogwo7P92846UK+I=
-10,-22,J5hLzWNNbhhtNlmHAS8a5KZuvAU=,NPwryqS/wqOpbH3vQG/EAXSIGkg=
-8,-22,J5hLzWNNbhhtNlmHAS8a5KZuvAU=,NSBNSu0GA62X+zyG2RuvHwgsP3A=
-7,-25,J5hLzWNNbhhtNlmHAS8a5KZuvAU=,P31WqVndkwFtogwo7P92846UK+I=
-6,-28,J5hLzWNNbhhtNlmHAS8a5KZuvAU=,P31WqVndkwFtogwo7P92846UK+I=
-8,-28,J5hLzWNNbhhtNlmHAS8a5KZuvAU=,P31WqVndkwFtogwo7P92846UK+I=
-11,-21,J5hLzWNNbhhtNlmHAS8a5KZuvAU=,NPwryqS/wqOpbH3vQG/EAXSIGkg=
-9,-23,J5hLzWNNbhhtNlmHAS8a5KZuvAU=,NPwryqS/wqOpbH3vQG/EAXSIGkg=
-12,-23,J5hLzWNNbhhtNlmHAS8a5KZuvAU=,NPwryqS/wqOpbH3vQG/EAXSIGkg=
-10,-23,J5hLzWNNbhhtNlmHAS8a5KZuvAU=,NPwryqS/wqOpbH3vQG/EAXSIGkg=
-11,-23,J5hLzWNNbhhtNlmHAS8a5KZuvAU=,NPwryqS/wqOpbH3vQG/EAXSIGkg=
-10,-29,J5hLzWNNbhhtNlmHAS8a5KZuvAU=,kBo+j0kv8Vg1DhrkbdYnHJXewrQ=
-9,-24,J5hLzWNNbhhtNlmHAS8a5KZuvAU=,NPwryqS/wqOpbH3vQG/EAXSIGkg=
-8,-21,J5hLzWNNbhhtNlmHAS8a5KZuvAU=,NSBNSu0GA62X+zyG2RuvHwgsP3A=
-7,-28,J5hLzWNNbhhtNlmHAS8a5KZuvAU=,P31WqVndkwFtogwo7P92846UK+I=
-13,-28,J5hLzWNNbhhtNlmHAS8a5KZuvAU=,kBo+j0kv8Vg1DhrkbdYnHJXewrQ=
-13,-23,J5hLzWNNbhhtNlmHAS8a5KZuvAU=,NPwryqS/wqOpbH3vQG/EAXSIGkg=
-10,-24,J5hLzWNNbhhtNlmHAS8a5KZuvAU=,NPwryqS/wqOpbH3vQG/EAXSIGkg=
-10,-21,J5hLzWNNbhhtNlmHAS8a5KZuvAU=,NPwryqS/wqOpbH3vQG/EAXSIGkg=
-11,-24,J5hLzWNNbhhtNlmHAS8a5KZuvAU=,NPwryqS/wqOpbH3vQG/EAXSIGkg=
-13,-24,J5hLzWNNbhhtNlmHAS8a5KZuvAU=,NPwryqS/wqOpbH3vQG/EAXSIGkg=
-9,-20,J5hLzWNNbhhtNlmHAS8a5KZuvAU=,NPwryqS/wqOpbH3vQG/EAXSIGkg=
-8,-26,J5hLzWNNbhhtNlmHAS8a5KZuvAU=,P31WqVndkwFtogwo7P92846UK+I=
-11,-20,J5hLzWNNbhhtNlmHAS8a5KZuvAU=,NPwryqS/wqOpbH3vQG/EAXSIGkg=
-12,-24,J5hLzWNNbhhtNlmHAS8a5KZuvAU=,NPwryqS/wqOpbH3vQG/EAXSIGkg=
-9,-25,J5hLzWNNbhhtNlmHAS8a5KZuvAU=,kBo+j0kv8Vg1DhrkbdYnHJXewrQ=
-6,-23,J5hLzWNNbhhtNlmHAS8a5KZuvAU=,NSBNSu0GA62X+zyG2RuvHwgsP3A=
-6,-25,J5hLzWNNbhhtNlmHAS8a5KZuvAU=,P31WqVndkwFtogwo7P92846UK+I=
-10,-20,J5hLzWNNbhhtNlmHAS8a5KZuvAU=,NPwryqS/wqOpbH3vQG/EAXSIGkg=
-12,-20,J5hLzWNNbhhtNlmHAS8a5KZuvAU=,NPwryqS/wqOpbH3vQG/EAXSIGkg=
-10,-25,J5hLzWNNbhhtNlmHAS8a5KZuvAU=,kBo+j0kv8Vg1DhrkbdYnHJXewrQ=
-11,-25,J5hLzWNNbhhtNlmHAS8a5KZuvAU=,kBo+j0kv8Vg1DhrkbdYnHJXewrQ=
-6,-20,J5hLzWNNbhhtNlmHAS8a5KZuvAU=,NSBNSu0GA62X+zyG2RuvHwgsP3A=
-12,-25,J5hLzWNNbhhtNlmHAS8a5KZuvAU=,kBo+j0kv8Vg1DhrkbdYnHJXewrQ=
-8,-23,J5hLzWNNbhhtNlmHAS8a5KZuvAU=,NSBNSu0GA62X+zyG2RuvHwgsP3A=
-7,-23,J5hLzWNNbhhtNlmHAS8a5KZuvAU=,NSBNSu0GA62X+zyG2RuvHwgsP3A=
-9,-21,J5hLzWNNbhhtNlmHAS8a5KZuvAU=,NPwryqS/wqOpbH3vQG/EAXSIGkg=
-7,-20,J5hLzWNNbhhtNlmHAS8a5KZuvAU=,NSBNSu0GA62X+zyG2RuvHwgsP3A=
-8,-20,J5hLzWNNbhhtNlmHAS8a5KZuvAU=,NSBNSu0GA62X+zyG2RuvHwgsP3A=
-9,-26,J5hLzWNNbhhtNlmHAS8a5KZuvAU=,kBo+j0kv8Vg1DhrkbdYnHJXewrQ=
-10,-26,J5hLzWNNbhhtNlmHAS8a5KZuvAU=,kBo+j0kv8Vg1DhrkbdYnHJXewrQ=
-13,-25,J5hLzWNNbhhtNlmHAS8a5KZuvAU=,kBo+j0kv8Vg1DhrkbdYnHJXewrQ=
-8,-27,J5hLzWNNbhhtNlmHAS8a5KZuvAU=,P31WqVndkwFtogwo7P92846UK+I=
-6,-24,J5hLzWNNbhhtNlmHAS8a5KZuvAU=,NSBNSu0GA62X+zyG2RuvHwgsP3A=
-7,-24,J5hLzWNNbhhtNlmHAS8a5KZuvAU=,NSBNSu0GA62X+zyG2RuvHwgsP3A=
-13,-26,J5hLzWNNbhhtNlmHAS8a5KZuvAU=,kBo+j0kv8Vg1DhrkbdYnHJXewrQ=
-11,-26,J5hLzWNNbhhtNlmHAS8a5KZuvAU=,kBo+j0kv8Vg1DhrkbdYnHJXewrQ=
-12,-26,J5hLzWNNbhhtNlmHAS8a5KZuvAU=,kBo+j0kv8Vg1DhrkbdYnHJXewrQ=
-11,-27,J5hLzWNNbhhtNlmHAS8a5KZuvAU=,kBo+j0kv8Vg1DhrkbdYnHJXewrQ=
-9,-27,J5hLzWNNbhhtNlmHAS8a5KZuvAU=,kBo+j0kv8Vg1DhrkbdYnHJXewrQ=
-10,-27,J5hLzWNNbhhtNlmHAS8a5KZuvAU=,kBo+j0kv8Vg1DhrkbdYnHJXewrQ=
-6,-27,J5hLzWNNbhhtNlmHAS8a5KZuvAU=,P31WqVndkwFtogwo7P92846UK+I=
-12,-27,J5hLzWNNbhhtNlmHAS8a5KZuvAU=,kBo+j0kv8Vg1DhrkbdYnHJXewrQ=
-13,-20,J5hLzWNNbhhtNlmHAS8a5KZuvAU=,NPwryqS/wqOpbH3vQG/EAXSIGkg=
-7,-27,J5hLzWNNbhhtNlmHAS8a5KZuvAU=,P31WqVndkwFtogwo7P92846UK+I=
-6,-22,J5hLzWNNbhhtNlmHAS8a5KZuvAU=,NSBNSu0GA62X+zyG2RuvHwgsP3A=
-8,-24,J5hLzWNNbhhtNlmHAS8a5KZuvAU=,NSBNSu0GA62X+zyG2RuvHwgsP3A=
-13,-27,J5hLzWNNbhhtNlmHAS8a5KZuvAU=,kBo+j0kv8Vg1DhrkbdYnHJXewrQ=
-13,-19,5pPpXViwbBLAmmSq1kTTeVbqOdI=,NPwryqS/wqOpbH3vQG/EAXSIGkg=
-12,-18,5pPpXViwbBLAmmSq1kTTeVbqOdI=,NPwryqS/wqOpbH3vQG/EAXSIGkg=
-13,-17,5pPpXViwbBLAmmSq1kTTeVbqOdI=,NPwryqS/wqOpbH3vQG/EAXSIGkg=
-12,-17,5pPpXViwbBLAmmSq1kTTeVbqOdI=,NPwryqS/wqOpbH3vQG/EAXSIGkg=
-12,-19,5pPpXViwbBLAmmSq1kTTeVbqOdI=,NPwryqS/wqOpbH3vQG/EAXSIGkg=
-13,-18,5pPpXViwbBLAmmSq1kTTeVbqOdI=,NPwryqS/wqOpbH3vQG/EAXSIGkg=
-3,-28,t+VIgd3WrlgETmivLpU0FfdeE8U=,P31WqVndkwFtogwo7P92846UK+I=
-3,-29,t+VIgd3WrlgETmivLpU0FfdeE8U=,P31WqVndkwFtogwo7P92846UK+I=
-1,-28,t+VIgd3WrlgETmivLpU0FfdeE8U=,P31WqVndkwFtogwo7P92846UK+I=
-1,-29,t+VIgd3WrlgETmivLpU0FfdeE8U=,P31WqVndkwFtogwo7P92846UK+I=
-2,-29,t+VIgd3WrlgETmivLpU0FfdeE8U=,P31WqVndkwFtogwo7P92846UK+I=
-2,-28,t+VIgd3WrlgETmivLpU0FfdeE8U=,P31WqVndkwFtogwo7P92846UK+I=
-7,-18,n0Uo7VhNvX+j8ush4mq0mA5BHLQ=,NSBNSu0GA62X+zyG2RuvHwgsP3A=
-10,-18,n0Uo7VhNvX+j8ush4mq0mA5BHLQ=,NPwryqS/wqOpbH3vQG/EAXSIGkg=
-8,-18,n0Uo7VhNvX+j8ush4mq0mA5BHLQ=,NSBNSu0GA62X+zyG2RuvHwgsP3A=
-9,-17,n0Uo7VhNvX+j8ush4mq0mA5BHLQ=,NPwryqS/wqOpbH3vQG/EAXSIGkg=
-4,-19,n0Uo7VhNvX+j8ush4mq0mA5BHLQ=,NSBNSu0GA62X+zyG2RuvHwgsP3A=
-9,-18,n0Uo7VhNvX+j8ush4mq0mA5BHLQ=,NPwryqS/wqOpbH3vQG/EAXSIGkg=
-11,-18,n0Uo7VhNvX+j8ush4mq0mA5BHLQ=,NPwryqS/wqOpbH3vQG/EAXSIGkg=
-6,-18,n0Uo7VhNvX+j8ush4mq0mA5BHLQ=,NSBNSu0GA62X+zyG2RuvHwgsP3A=
-4,-17,n0Uo7VhNvX+j8ush4mq0mA5BHLQ=,NSBNSu0GA62X+zyG2RuvHwgsP3A=
-7,-17,n0Uo7VhNvX+j8ush4mq0mA5BHLQ=,NSBNSu0GA62X+zyG2RuvHwgsP3A=
-8,-17,n0Uo7VhNvX+j8ush4mq0mA5BHLQ=,NSBNSu0GA62X+zyG2RuvHwgsP3A=
-11,-17,n0Uo7VhNvX+j8ush4mq0mA5BHLQ=,NPwryqS/wqOpbH3vQG/EAXSIGkg=
-5,-17,n0Uo7VhNvX+j8ush4mq0mA5BHLQ=,NSBNSu0GA62X+zyG2RuvHwgsP3A=
-5,-19,n0Uo7VhNvX+j8ush4mq0mA5BHLQ=,NSBNSu0GA62X+zyG2RuvHwgsP3A=
-6,-19,n0Uo7VhNvX+j8ush4mq0mA5BHLQ=,NSBNSu0GA62X+zyG2RuvHwgsP3A=
-10,-17,n0Uo7VhNvX+j8ush4mq0mA5BHLQ=,NPwryqS/wqOpbH3vQG/EAXSIGkg=
-7,-19,n0Uo7VhNvX+j8ush4mq0mA5BHLQ=,NSBNSu0GA62X+zyG2RuvHwgsP3A=
-11,-19,n0Uo7VhNvX+j8ush4mq0mA5BHLQ=,NPwryqS/wqOpbH3vQG/EAXSIGkg=
-6,-17,n0Uo7VhNvX+j8ush4mq0mA5BHLQ=,NSBNSu0GA62X+zyG2RuvHwgsP3A=
-4,-18,n0Uo7VhNvX+j8ush4mq0mA5BHLQ=,NSBNSu0GA62X+zyG2RuvHwgsP3A=
-8,-19,n0Uo7VhNvX+j8ush4mq0mA5BHLQ=,NSBNSu0GA62X+zyG2RuvHwgsP3A=
-10,-19,n0Uo7VhNvX+j8ush4mq0mA5BHLQ=,NPwryqS/wqOpbH3vQG/EAXSIGkg=
-5,-18,n0Uo7VhNvX+j8ush4mq0mA5BHLQ=,NSBNSu0GA62X+zyG2RuvHwgsP3A=
-9,-19,n0Uo7VhNvX+j8ush4mq0mA5BHLQ=,NPwryqS/wqOpbH3vQG/EAXSIGkg=
-15,-21,n0Uo7VhNvX+j8ush4mq0mA5BHLQ=,NPwryqS/wqOpbH3vQG/EAXSIGkg=
-16,-21,n0Uo7VhNvX+j8ush4mq0mA5BHLQ=,NPwryqS/wqOpbH3vQG/EAXSIGkg=
-16,-20,n0Uo7VhNvX+j8ush4mq0mA5BHLQ=,NPwryqS/wqOpbH3vQG/EAXSIGkg=
-14,-20,n0Uo7VhNvX+j8ush4mq0mA5BHLQ=,NPwryqS/wqOpbH3vQG/EAXSIGkg=
-14,-21,n0Uo7VhNvX+j8ush4mq0mA5BHLQ=,NPwryqS/wqOpbH3vQG/EAXSIGkg=
-15,-20,n0Uo7VhNvX+j8ush4mq0mA5BHLQ=,NPwryqS/wqOpbH3vQG/EAXSIGkg=
-16,-17,SaEczY+HcqFs0Ver1PdFgokCa7c=,NPwryqS/wqOpbH3vQG/EAXSIGkg=
-15,-19,SaEczY+HcqFs0Ver1PdFgokCa7c=,NPwryqS/wqOpbH3vQG/EAXSIGkg=
-15,-17,SaEczY+HcqFs0Ver1PdFgokCa7c=,NPwryqS/wqOpbH3vQG/EAXSIGkg=
-16,-18,SaEczY+HcqFs0Ver1PdFgokCa7c=,NPwryqS/wqOpbH3vQG/EAXSIGkg=
-14,-19,SaEczY+HcqFs0Ver1PdFgokCa7c=,NPwryqS/wqOpbH3vQG/EAXSIGkg=
-15,-18,SaEczY+HcqFs0Ver1PdFgokCa7c=,NPwryqS/wqOpbH3vQG/EAXSIGkg=
-14,-17,SaEczY+HcqFs0Ver1PdFgokCa7c=,NPwryqS/wqOpbH3vQG/EAXSIGkg=
-16,-19,SaEczY+HcqFs0Ver1PdFgokCa7c=,NPwryqS/wqOpbH3vQG/EAXSIGkg=
-14,-18,SaEczY+HcqFs0Ver1PdFgokCa7c=,NPwryqS/wqOpbH3vQG/EAXSIGkg=
-3,-26,SaEczY+HcqFs0Ver1PdFgokCa7c=,P31WqVndkwFtogwo7P92846UK+I=
-3,-21,SaEczY+HcqFs0Ver1PdFgokCa7c=,NSBNSu0GA62X+zyG2RuvHwgsP3A=
-1,-26,SaEczY+HcqFs0Ver1PdFgokCa7c=,P31WqVndkwFtogwo7P92846UK+I=
-1,-22,SaEczY+HcqFs0Ver1PdFgokCa7c=,NSBNSu0GA62X+zyG2RuvHwgsP3A=
-1,-23,SaEczY+HcqFs0Ver1PdFgokCa7c=,NSBNSu0GA62X+zyG2RuvHwgsP3A=
-2,-23,SaEczY+HcqFs0Ver1PdFgokCa7c=,NSBNSu0GA62X+zyG2RuvHwgsP3A=
-2,-22,SaEczY+HcqFs0Ver1PdFgokCa7c=,NSBNSu0GA62X+zyG2RuvHwgsP3A=
-3,-23,SaEczY+HcqFs0Ver1PdFgokCa7c=,NSBNSu0GA62X+zyG2RuvHwgsP3A=
-2,-26,SaEczY+HcqFs0Ver1PdFgokCa7c=,P31WqVndkwFtogwo7P92846UK+I=
-3,-22,SaEczY+HcqFs0Ver1PdFgokCa7c=,NSBNSu0GA62X+zyG2RuvHwgsP3A=
-3,-25,SaEczY+HcqFs0Ver1PdFgokCa7c=,P31WqVndkwFtogwo7P92846UK+I=
-3,-20,SaEczY+HcqFs0Ver1PdFgokCa7c=,NSBNSu0GA62X+zyG2RuvHwgsP3A=
-1,-20,SaEczY+HcqFs0Ver1PdFgokCa7c=,NSBNSu0GA62X+zyG2RuvHwgsP3A=
-2,-24,SaEczY+HcqFs0Ver1PdFgokCa7c=,NSBNSu0GA62X+zyG2RuvHwgsP3A=
-1,-24,SaEczY+HcqFs0Ver1PdFgokCa7c=,NSBNSu0GA62X+zyG2RuvHwgsP3A=
-2,-21,SaEczY+HcqFs0Ver1PdFgokCa7c=,NSBNSu0GA62X+zyG2RuvHwgsP3A=
-3,-24,SaEczY+HcqFs0Ver1PdFgokCa7c=,NSBNSu0GA62X+zyG2RuvHwgsP3A=
-2,-20,SaEczY+HcqFs0Ver1PdFgokCa7c=,NSBNSu0GA62X+zyG2RuvHwgsP3A=
-3,-27,SaEczY+HcqFs0Ver1PdFgokCa7c=,P31WqVndkwFtogwo7P92846UK+I=
-2,-25,SaEczY+HcqFs0Ver1PdFgokCa7c=,P31WqVndkwFtogwo7P92846UK+I=
-2,-27,SaEczY+HcqFs0Ver1PdFgokCa7c=,P31WqVndkwFtogwo7P92846UK+I=
-1,-27,SaEczY+HcqFs0Ver1PdFgokCa7c=,P31WqVndkwFtogwo7P92846UK+I=
-1,-21,SaEczY+HcqFs0Ver1PdFgokCa7c=,NSBNSu0GA62X+zyG2RuvHwgsP3A=
-1,-25,SaEczY+HcqFs0Ver1PdFgokCa7c=,P31WqVndkwFtogwo7P92846UK+I=
-1,-17,XrFZJS5E/4H+w5V2OQHnfF7BG+c=,NSBNSu0GA62X+zyG2RuvHwgsP3A=
-3,-18,XrFZJS5E/4H+w5V2OQHnfF7BG+c=,NSBNSu0GA62X+zyG2RuvHwgsP3A=
-2,-17,XrFZJS5E/4H+w5V2OQHnfF7BG+c=,NSBNSu0GA62X+zyG2RuvHwgsP3A=
-1,-19,XrFZJS5E/4H+w5V2OQHnfF7BG+c=,NSBNSu0GA62X+zyG2RuvHwgsP3A=
-1,-18,XrFZJS5E/4H+w5V2OQHnfF7BG+c=,NSBNSu0GA62X+zyG2RuvHwgsP3A=
-2,-19,XrFZJS5E/4H+w5V2OQHnfF7BG+c=,NSBNSu0GA62X+zyG2RuvHwgsP3A=
-3,-17,XrFZJS5E/4H+w5V2OQHnfF7BG+c=,NSBNSu0GA62X+zyG2RuvHwgsP3A=
-3,-19,XrFZJS5E/4H+w5V2OQHnfF7BG+c=,NSBNSu0GA62X+zyG2RuvHwgsP3A=
-2,-18,XrFZJS5E/4H+w5V2OQHnfF7BG+c=,NSBNSu0GA62X+zyG2RuvHwgsP3A=
-14,-23,XrFZJS5E/4H+w5V2OQHnfF7BG+c=,NPwryqS/wqOpbH3vQG/EAXSIGkg=
-16,-22,XrFZJS5E/4H+w5V2OQHnfF7BG+c=,NPwryqS/wqOpbH3vQG/EAXSIGkg=
-16,-29,XrFZJS5E/4H+w5V2OQHnfF7BG+c=,kBo+j0kv8Vg1DhrkbdYnHJXewrQ=
-14,-22,XrFZJS5E/4H+w5V2OQHnfF7BG+c=,NPwryqS/wqOpbH3vQG/EAXSIGkg=
-16,-23,XrFZJS5E/4H+w5V2OQHnfF7BG+c=,NPwryqS/wqOpbH3vQG/EAXSIGkg=
-14,-29,XrFZJS5E/4H+w5V2OQHnfF7BG+c=,kBo+j0kv8Vg1DhrkbdYnHJXewrQ=
-15,-29,XrFZJS5E/4H+w5V2OQHnfF7BG+c=,kBo+j0kv8Vg1DhrkbdYnHJXewrQ=
-15,-22,XrFZJS5E/4H+w5V2OQHnfF7BG+c=,NPwryqS/wqOpbH3vQG/EAXSIGkg=
-16,-28,XrFZJS5E/4H+w5V2OQHnfF7BG+c=,kBo+j0kv8Vg1DhrkbdYnHJXewrQ=
-14,-24,XrFZJS5E/4H+w5V2OQHnfF7BG+c=,NPwryqS/wqOpbH3vQG/EAXSIGkg=
-15,-23,XrFZJS5E/4H+w5V2OQHnfF7BG+c=,NPwryqS/wqOpbH3vQG/EAXSIGkg=
-14,-26,XrFZJS5E/4H+w5V2OQHnfF7BG+c=,kBo+j0kv8Vg1DhrkbdYnHJXewrQ=
-16,-24,XrFZJS5E/4H+w5V2OQHnfF7BG+c=,NPwryqS/wqOpbH3vQG/EAXSIGkg=
-15,-24,XrFZJS5E/4H+w5V2OQHnfF7BG+c=,NPwryqS/wqOpbH3vQG/EAXSIGkg=
-15,-28,XrFZJS5E/4H+w5V2OQHnfF7BG+c=,kBo+j0kv8Vg1DhrkbdYnHJXewrQ=
-14,-25,XrFZJS5E/4H+w5V2OQHnfF7BG+c=,kBo+j0kv8Vg1DhrkbdYnHJXewrQ=
-15,-25,XrFZJS5E/4H+w5V2OQHnfF7BG+c=,kBo+j0kv8Vg1DhrkbdYnHJXewrQ=
-15,-26,XrFZJS5E/4H+w5V2OQHnfF7BG+c=,kBo+j0kv8Vg1DhrkbdYnHJXewrQ=
-15,-27,XrFZJS5E/4H+w5V2OQHnfF7BG+c=,kBo+j0kv8Vg1DhrkbdYnHJXewrQ=
-14,-27,XrFZJS5E/4H+w5V2OQHnfF7BG+c=,kBo+j0kv8Vg1DhrkbdYnHJXewrQ=
-16,-25,XrFZJS5E/4H+w5V2OQHnfF7BG+c=,kBo+j0kv8Vg1DhrkbdYnHJXewrQ=
-14,-28,XrFZJS5E/4H+w5V2OQHnfF7BG+c=,kBo+j0kv8Vg1DhrkbdYnHJXewrQ=
-16,-26,XrFZJS5E/4H+w5V2OQHnfF7BG+c=,kBo+j0kv8Vg1DhrkbdYnHJXewrQ=
-16,-27,XrFZJS5E/4H+w5V2OQHnfF7BG+c=,kBo+j0kv8Vg1DhrkbdYnHJXewrQ=
-14,-31,xChU7OnkucUUJhq5Yzzm0vTmq3U=,kBo+j0kv8Vg1DhrkbdYnHJXewrQ=
-13,-31,xChU7OnkucUUJhq5Yzzm0vTmq3U=,kBo+j0kv8Vg1DhrkbdYnHJXewrQ=
-12,-32,xChU7OnkucUUJhq5Yzzm0vTmq3U=,kBo+j0kv8Vg1DhrkbdYnHJXewrQ=
-14,-32,xChU7OnkucUUJhq5Yzzm0vTmq3U=,kBo+j0kv8Vg1DhrkbdYnHJXewrQ=
-12,-30,xChU7OnkucUUJhq5Yzzm0vTmq3U=,kBo+j0kv8Vg1DhrkbdYnHJXewrQ=
-15,-31,xChU7OnkucUUJhq5Yzzm0vTmq3U=,kBo+j0kv8Vg1DhrkbdYnHJXewrQ=
-15,-30,xChU7OnkucUUJhq5Yzzm0vTmq3U=,kBo+j0kv8Vg1DhrkbdYnHJXewrQ=
-13,-30,xChU7OnkucUUJhq5Yzzm0vTmq3U=,kBo+j0kv8Vg1DhrkbdYnHJXewrQ=
-16,-32,xChU7OnkucUUJhq5Yzzm0vTmq3U=,kBo+j0kv8Vg1DhrkbdYnHJXewrQ=
-13,-32,xChU7OnkucUUJhq5Yzzm0vTmq3U=,kBo+j0kv8Vg1DhrkbdYnHJXewrQ=
-14,-30,xChU7OnkucUUJhq5Yzzm0vTmq3U=,kBo+j0kv8Vg1DhrkbdYnHJXewrQ=
-12,-31,xChU7OnkucUUJhq5Yzzm0vTmq3U=,kBo+j0kv8Vg1DhrkbdYnHJXewrQ=
-15,-32,xChU7OnkucUUJhq5Yzzm0vTmq3U=,kBo+j0kv8Vg1DhrkbdYnHJXewrQ=
-16,-30,xChU7OnkucUUJhq5Yzzm0vTmq3U=,kBo+j0kv8Vg1DhrkbdYnHJXewrQ=
-16,-31,xChU7OnkucUUJhq5Yzzm0vTmq3U=,kBo+j0kv8Vg1DhrkbdYnHJXewrQ=
-9,-31,xChU7OnkucUUJhq5Yzzm0vTmq3U=,kBo+j0kv8Vg1DhrkbdYnHJXewrQ=
-10,-31,xChU7OnkucUUJhq5Yzzm0vTmq3U=,kBo+j0kv8Vg1DhrkbdYnHJXewrQ=
-7,-32,xChU7OnkucUUJhq5Yzzm0vTmq3U=,P31WqVndkwFtogwo7P92846UK+I=
-11,-30,xChU7OnkucUUJhq5Yzzm0vTmq3U=,kBo+j0kv8Vg1DhrkbdYnHJXewrQ=
-5,-30,xChU7OnkucUUJhq5Yzzm0vTmq3U=,P31WqVndkwFtogwo7P92846UK+I=
-1,-30,xChU7OnkucUUJhq5Yzzm0vTmq3U=,P31WqVndkwFtogwo7P92846UK+I=
-6,-30,xChU7OnkucUUJhq5Yzzm0vTmq3U=,P31WqVndkwFtogwo7P92846UK+I=
-4,-30,xChU7OnkucUUJhq5Yzzm0vTmq3U=,P31WqVndkwFtogwo7P92846UK+I=
-11,-31,xChU7OnkucUUJhq5Yzzm0vTmq3U=,kBo+j0kv8Vg1DhrkbdYnHJXewrQ=
-8,-30,xChU7OnkucUUJhq5Yzzm0vTmq3U=,P31WqVndkwFtogwo7P92846UK+I=
-7,-30,xChU7OnkucUUJhq5Yzzm0vTmq3U=,P31WqVndkwFtogwo7P92846UK+I=
-9,-32,xChU7OnkucUUJhq5Yzzm0vTmq3U=,kBo+j0kv8Vg1DhrkbdYnHJXewrQ=
-10,-30,xChU7OnkucUUJhq5Yzzm0vTmq3U=,kBo+j0kv8Vg1DhrkbdYnHJXewrQ=
-10,-32,xChU7OnkucUUJhq5Yzzm0vTmq3U=,kBo+j0kv8Vg1DhrkbdYnHJXewrQ=
-3,-30,xChU7OnkucUUJhq5Yzzm0vTmq3U=,P31WqVndkwFtogwo7P92846UK+I=
-11,-32,xChU7OnkucUUJhq5Yzzm0vTmq3U=,kBo+j0kv8Vg1DhrkbdYnHJXewrQ=
-9,-30,xChU7OnkucUUJhq5Yzzm0vTmq3U=,kBo+j0kv8Vg1DhrkbdYnHJXewrQ=
-4,-32,xChU7OnkucUUJhq5Yzzm0vTmq3U=,P31WqVndkwFtogwo7P92846UK+I=
-8,-32,xChU7OnkucUUJhq5Yzzm0vTmq3U=,P31WqVndkwFtogwo7P92846UK+I=
-7,-31,xChU7OnkucUUJhq5Yzzm0vTmq3U=,P31WqVndkwFtogwo7P92846UK+I=
-2,-32,xChU7OnkucUUJhq5Yzzm0vTmq3U=,P31WqVndkwFtogwo7P92846UK+I=
-6,-32,xChU7OnkucUUJhq5Yzzm0vTmq3U=,P31WqVndkwFtogwo7P92846UK+I=
-5,-31,xChU7OnkucUUJhq5Yzzm0vTmq3U=,P31WqVndkwFtogwo7P92846UK+I=
-2,-30,xChU7OnkucUUJhq5Yzzm0vTmq3U=,P31WqVndkwFtogwo7P92846UK+I=
-2,-31,xChU7OnkucUUJhq5Yzzm0vTmq3U=,P31WqVndkwFtogwo7P92846UK+I=
-3,-32,xChU7OnkucUUJhq5Yzzm0vTmq3U=,P31WqVndkwFtogwo7P92846UK+I=
-1,-32,xChU7OnkucUUJhq5Yzzm0vTmq3U=,P31WqVndkwFtogwo7P92846UK+I=
-8,-31,xChU7OnkucUUJhq5Yzzm0vTmq3U=,P31WqVndkwFtogwo7P92846UK+I=
-4,-31,xChU7OnkucUUJhq5Yzzm0vTmq3U=,P31WqVndkwFtogwo7P92846UK+I=
-5,-32,xChU7OnkucUUJhq5Yzzm0vTmq3U=,P31WqVndkwFtogwo7P92846UK+I=
-1,-31,xChU7OnkucUUJhq5Yzzm0vTmq3U=,P31WqVndkwFtogwo7P92846UK+I=
-3,-31,xChU7OnkucUUJhq5Yzzm0vTmq3U=,P31WqVndkwFtogwo7P92846UK+I=
-6,-31,xChU7OnkucUUJhq5Yzzm0vTmq3U=,P31WqVndkwFtogwo7P92846UK+I=
-29,-29,N5U4C3Zdd/dxalL07wxpA1hbK/I=,MwqZlP9LZbwTqJ8GaIiKPgt6MMo=
-28,-29,N5U4C3Zdd/dxalL07wxpA1hbK/I=,MwqZlP9LZbwTqJ8GaIiKPgt6MMo=
-28,-28,N5U4C3Zdd/dxalL07wxpA1hbK/I=,MwqZlP9LZbwTqJ8GaIiKPgt6MMo=
-29,-28,N5U4C3Zdd/dxalL07wxpA1hbK/I=,MwqZlP9LZbwTqJ8GaIiKPgt6MMo=
-29,-21,AhiZvSCne4sF3QZfyglnir8wr20=,FEiNtXQUNRIECzgRAYSJQBIaSfY=
-29,-22,AhiZvSCne4sF3QZfyglnir8wr20=,FEiNtXQUNRIECzgRAYSJQBIaSfY=
-28,-23,AhiZvSCne4sF3QZfyglnir8wr20=,FEiNtXQUNRIECzgRAYSJQBIaSfY=
-28,-20,AhiZvSCne4sF3QZfyglnir8wr20=,FEiNtXQUNRIECzgRAYSJQBIaSfY=
-28,-22,AhiZvSCne4sF3QZfyglnir8wr20=,FEiNtXQUNRIECzgRAYSJQBIaSfY=
-29,-19,AhiZvSCne4sF3QZfyglnir8wr20=,FEiNtXQUNRIECzgRAYSJQBIaSfY=
-28,-21,AhiZvSCne4sF3QZfyglnir8wr20=,FEiNtXQUNRIECzgRAYSJQBIaSfY=
-29,-20,AhiZvSCne4sF3QZfyglnir8wr20=,FEiNtXQUNRIECzgRAYSJQBIaSfY=
-28,-18,AhiZvSCne4sF3QZfyglnir8wr20=,FEiNtXQUNRIECzgRAYSJQBIaSfY=
-29,-23,AhiZvSCne4sF3QZfyglnir8wr20=,FEiNtXQUNRIECzgRAYSJQBIaSfY=
-28,-19,AhiZvSCne4sF3QZfyglnir8wr20=,FEiNtXQUNRIECzgRAYSJQBIaSfY=
-28,-24,AhiZvSCne4sF3QZfyglnir8wr20=,FEiNtXQUNRIECzgRAYSJQBIaSfY=
-29,-24,AhiZvSCne4sF3QZfyglnir8wr20=,FEiNtXQUNRIECzgRAYSJQBIaSfY=
-29,-18,AhiZvSCne4sF3QZfyglnir8wr20=,FEiNtXQUNRIECzgRAYSJQBIaSfY=
-29,-27,AhiZvSCne4sF3QZfyglnir8wr20=,MwqZlP9LZbwTqJ8GaIiKPgt6MMo=
-29,-25,AhiZvSCne4sF3QZfyglnir8wr20=,MwqZlP9LZbwTqJ8GaIiKPgt6MMo=
-29,-17,AhiZvSCne4sF3QZfyglnir8wr20=,FEiNtXQUNRIECzgRAYSJQBIaSfY=
-28,-17,AhiZvSCne4sF3QZfyglnir8wr20=,FEiNtXQUNRIECzgRAYSJQBIaSfY=
-28,-25,AhiZvSCne4sF3QZfyglnir8wr20=,MwqZlP9LZbwTqJ8GaIiKPgt6MMo=
-29,-26,AhiZvSCne4sF3QZfyglnir8wr20=,MwqZlP9LZbwTqJ8GaIiKPgt6MMo=
-28,-26,AhiZvSCne4sF3QZfyglnir8wr20=,MwqZlP9LZbwTqJ8GaIiKPgt6MMo=
-28,-27,AhiZvSCne4sF3QZfyglnir8wr20=,MwqZlP9LZbwTqJ8GaIiKPgt6MMo=
-29,-32,6KrcuGKK0bYDL6KmslZlsG64rv4=,MwqZlP9LZbwTqJ8GaIiKPgt6MMo=
-29,-30,6KrcuGKK0bYDL6KmslZlsG64rv4=,MwqZlP9LZbwTqJ8GaIiKPgt6MMo=
-28,-31,6KrcuGKK0bYDL6KmslZlsG64rv4=,MwqZlP9LZbwTqJ8GaIiKPgt6MMo=
-29,-31,6KrcuGKK0bYDL6KmslZlsG64rv4=,MwqZlP9LZbwTqJ8GaIiKPgt6MMo=
-28,-32,6KrcuGKK0bYDL6KmslZlsG64rv4=,MwqZlP9LZbwTqJ8GaIiKPgt6MMo=
-28,-30,6KrcuGKK0bYDL6KmslZlsG64rv4=,MwqZlP9LZbwTqJ8GaIiKPgt6MMo=
-26,-30,6KrcuGKK0bYDL6KmslZlsG64rv4=,MwqZlP9LZbwTqJ8GaIiKPgt6MMo=
-25,-30,6KrcuGKK0bYDL6KmslZlsG64rv4=,MwqZlP9LZbwTqJ8GaIiKPgt6MMo=
-20,-28,6KrcuGKK0bYDL6KmslZlsG64rv4=,SXNLt3a+JvJEDdlZN0onuMubkFM=
-21,-28,6KrcuGKK0bYDL6KmslZlsG64rv4=,SXNLt3a+JvJEDdlZN0onuMubkFM=
-27,-30,6KrcuGKK0bYDL6KmslZlsG64rv4=,MwqZlP9LZbwTqJ8GaIiKPgt6MMo=
-24,-31,6KrcuGKK0bYDL6KmslZlsG64rv4=,SXNLt3a+JvJEDdlZN0onuMubkFM=
-22,-28,6KrcuGKK0bYDL6KmslZlsG64rv4=,SXNLt3a+JvJEDdlZN0onuMubkFM=
-19,-28,6KrcuGKK0bYDL6KmslZlsG64rv4=,SXNLt3a+JvJEDdlZN0onuMubkFM=
-21,-31,6KrcuGKK0bYDL6KmslZlsG64rv4=,SXNLt3a+JvJEDdlZN0onuMubkFM=
-20,-31,6KrcuGKK0bYDL6KmslZlsG64rv4=,SXNLt3a+JvJEDdlZN0onuMubkFM=
-22,-32,6KrcuGKK0bYDL6KmslZlsG64rv4=,SXNLt3a+JvJEDdlZN0onuMubkFM=
-20,-32,6KrcuGKK0bYDL6KmslZlsG64rv4=,SXNLt3a+JvJEDdlZN0onuMubkFM=
-21,-32,6KrcuGKK0bYDL6KmslZlsG64rv4=,SXNLt3a+JvJEDdlZN0onuMubkFM=
-25,-31,6KrcuGKK0bYDL6KmslZlsG64rv4=,MwqZlP9LZbwTqJ8GaIiKPgt6MMo=
-23,-32,6KrcuGKK0bYDL6KmslZlsG64rv4=,SXNLt3a+JvJEDdlZN0onuMubkFM=
-24,-28,6KrcuGKK0bYDL6KmslZlsG64rv4=,SXNLt3a+JvJEDdlZN0onuMubkFM=
-26,-31,6KrcuGKK0bYDL6KmslZlsG64rv4=,MwqZlP9LZbwTqJ8GaIiKPgt6MMo=
-27,-31,6KrcuGKK0bYDL6KmslZlsG64rv4=,MwqZlP9LZbwTqJ8GaIiKPgt6MMo=
-23,-31,6KrcuGKK0bYDL6KmslZlsG64rv4=,SXNLt3a+JvJEDdlZN0onuMubkFM=
-24,-32,6KrcuGKK0bYDL6KmslZlsG64rv4=,SXNLt3a+JvJEDdlZN0onuMubkFM=
-23,-28,6KrcuGKK0bYDL6KmslZlsG64rv4=,SXNLt3a+JvJEDdlZN0onuMubkFM=
-22,-31,6KrcuGKK0bYDL6KmslZlsG64rv4=,SXNLt3a+JvJEDdlZN0onuMubkFM=
-19,-29,6KrcuGKK0bYDL6KmslZlsG64rv4=,SXNLt3a+JvJEDdlZN0onuMubkFM=
-18,-29,6KrcuGKK0bYDL6KmslZlsG64rv4=,SXNLt3a+JvJEDdlZN0onuMubkFM=
-25,-32,6KrcuGKK0bYDL6KmslZlsG64rv4=,MwqZlP9LZbwTqJ8GaIiKPgt6MMo=
-20,-29,6KrcuGKK0bYDL6KmslZlsG64rv4=,SXNLt3a+JvJEDdlZN0onuMubkFM=
-17,-29,6KrcuGKK0bYDL6KmslZlsG64rv4=,SXNLt3a+JvJEDdlZN0onuMubkFM=
-18,-28,6KrcuGKK0bYDL6KmslZlsG64rv4=,SXNLt3a+JvJEDdlZN0onuMubkFM=
-27,-32,6KrcuGKK0bYDL6KmslZlsG64rv4=,MwqZlP9LZbwTqJ8GaIiKPgt6MMo=
-24,-29,6KrcuGKK0bYDL6KmslZlsG64rv4=,SXNLt3a+JvJEDdlZN0onuMubkFM=
-22,-29,6KrcuGKK0bYDL6KmslZlsG64rv4=,SXNLt3a+JvJEDdlZN0onuMubkFM=
-21,-29,6KrcuGKK0bYDL6KmslZlsG64rv4=,SXNLt3a+JvJEDdlZN0onuMubkFM=
-23,-29,6KrcuGKK0bYDL6KmslZlsG64rv4=,SXNLt3a+JvJEDdlZN0onuMubkFM=
-17,-28,6KrcuGKK0bYDL6KmslZlsG64rv4=,SXNLt3a+JvJEDdlZN0onuMubkFM=
-26,-32,6KrcuGKK0bYDL6KmslZlsG64rv4=,MwqZlP9LZbwTqJ8GaIiKPgt6MMo=
-20,-30,6KrcuGKK0bYDL6KmslZlsG64rv4=,SXNLt3a+JvJEDdlZN0onuMubkFM=
-25,-28,6KrcuGKK0bYDL6KmslZlsG64rv4=,MwqZlP9LZbwTqJ8GaIiKPgt6MMo=
-26,-28,6KrcuGKK0bYDL6KmslZlsG64rv4=,MwqZlP9LZbwTqJ8GaIiKPgt6MMo=
-21,-30,6KrcuGKK0bYDL6KmslZlsG64rv4=,SXNLt3a+JvJEDdlZN0onuMubkFM=
-27,-28,6KrcuGKK0bYDL6KmslZlsG64rv4=,MwqZlP9LZbwTqJ8GaIiKPgt6MMo=
-27,-29,6KrcuGKK0bYDL6KmslZlsG64rv4=,MwqZlP9LZbwTqJ8GaIiKPgt6MMo=
-22,-30,6KrcuGKK0bYDL6KmslZlsG64rv4=,SXNLt3a+JvJEDdlZN0onuMubkFM=
-24,-30,6KrcuGKK0bYDL6KmslZlsG64rv4=,SXNLt3a+JvJEDdlZN0onuMubkFM=
-25,-29,6KrcuGKK0bYDL6KmslZlsG64rv4=,MwqZlP9LZbwTqJ8GaIiKPgt6MMo=
-23,-30,6KrcuGKK0bYDL6KmslZlsG64rv4=,SXNLt3a+JvJEDdlZN0onuMubkFM=
-26,-29,6KrcuGKK0bYDL6KmslZlsG64rv4=,MwqZlP9LZbwTqJ8GaIiKPgt6MMo=
-32,-29,6KrcuGKK0bYDL6KmslZlsG64rv4=,MwqZlP9LZbwTqJ8GaIiKPgt6MMo=
-31,-29,6KrcuGKK0bYDL6KmslZlsG64rv4=,MwqZlP9LZbwTqJ8GaIiKPgt6MMo=
-30,-28,6KrcuGKK0bYDL6KmslZlsG64rv4=,MwqZlP9LZbwTqJ8GaIiKPgt6MMo=
-31,-28,6KrcuGKK0bYDL6KmslZlsG64rv4=,MwqZlP9LZbwTqJ8GaIiKPgt6MMo=
-32,-28,6KrcuGKK0bYDL6KmslZlsG64rv4=,MwqZlP9LZbwTqJ8GaIiKPgt6MMo=
-30,-29,6KrcuGKK0bYDL6KmslZlsG64rv4=,MwqZlP9LZbwTqJ8GaIiKPgt6MMo=
-17,-31,6KrcuGKK0bYDL6KmslZlsG64rv4=,SXNLt3a+JvJEDdlZN0onuMubkFM=
-19,-30,6KrcuGKK0bYDL6KmslZlsG64rv4=,SXNLt3a+JvJEDdlZN0onuMubkFM=
-18,-30,6KrcuGKK0bYDL6KmslZlsG64rv4=,SXNLt3a+JvJEDdlZN0onuMubkFM=
-19,-32,6KrcuGKK0bYDL6KmslZlsG64rv4=,SXNLt3a+JvJEDdlZN0onuMubkFM=
-18,-32,6KrcuGKK0bYDL6KmslZlsG64rv4=,SXNLt3a+JvJEDdlZN0onuMubkFM=
-17,-30,6KrcuGKK0bYDL6KmslZlsG64rv4=,SXNLt3a+JvJEDdlZN0onuMubkFM=
-18,-31,6KrcuGKK0bYDL6KmslZlsG64rv4=,SXNLt3a+JvJEDdlZN0onuMubkFM=
-19,-31,6KrcuGKK0bYDL6KmslZlsG64rv4=,SXNLt3a+JvJEDdlZN0onuMubkFM=
-17,-32,6KrcuGKK0bYDL6KmslZlsG64rv4=,SXNLt3a+JvJEDdlZN0onuMubkFM=
-21,-17,6KrcuGKK0bYDL6KmslZlsG64rv4=,oTDyHa6RPTWseQUkJHoM3xwsvAA=
-27,-20,6KrcuGKK0bYDL6KmslZlsG64rv4=,FEiNtXQUNRIECzgRAYSJQBIaSfY=
-27,-22,6KrcuGKK0bYDL6KmslZlsG64rv4=,FEiNtXQUNRIECzgRAYSJQBIaSfY=
-25,-17,6KrcuGKK0bYDL6KmslZlsG64rv4=,FEiNtXQUNRIECzgRAYSJQBIaSfY=
-27,-18,6KrcuGKK0bYDL6KmslZlsG64rv4=,FEiNtXQUNRIECzgRAYSJQBIaSfY=
-25,-23,6KrcuGKK0bYDL6KmslZlsG64rv4=,FEiNtXQUNRIECzgRAYSJQBIaSfY=
-26,-23,6KrcuGKK0bYDL6KmslZlsG64rv4=,FEiNtXQUNRIECzgRAYSJQBIaSfY=
-27,-23,6KrcuGKK0bYDL6KmslZlsG64rv4=,FEiNtXQUNRIECzgRAYSJQBIaSfY=
-18,-25,6KrcuGKK0bYDL6KmslZlsG64rv4=,SXNLt3a+JvJEDdlZN0onuMubkFM=
-17,-25,6KrcuGKK0bYDL6KmslZlsG64rv4=,SXNLt3a+JvJEDdlZN0onuMubkFM=
-22,-17,6KrcuGKK0bYDL6KmslZlsG64rv4=,oTDyHa6RPTWseQUkJHoM3xwsvAA=
-23,-17,7e0po4c9RYtLf267L/bfcKY5/34=,oTDyHa6RPTWseQUkJHoM3xwsvAA=
-22,-25,7e0po4c9RYtLf267L/bfcKY5/34=,SXNLt3a+JvJEDdlZN0onuMubkFM=
-21,-25,7e0po4c9RYtLf267L/bfcKY5/34=,SXNLt3a+JvJEDdlZN0onuMubkFM=
-23,-21,7e0po4c9RYtLf267L/bfcKY5/34=,oTDyHa6RPTWseQUkJHoM3xwsvAA=
-21,-27,7e0po4c9RYtLf267L/bfcKY5/34=,SXNLt3a+JvJEDdlZN0onuMubkFM=
-23,-22,7e0po4c9RYtLf267L/bfcKY5/34=,oTDyHa6RPTWseQUkJHoM3xwsvAA=
-24,-21,7e0po4c9RYtLf267L/bfcKY5/34=,oTDyHa6RPTWseQUkJHoM3xwsvAA=
-22,-20,7e0po4c9RYtLf267L/bfcKY5/34=,oTDyHa6RPTWseQUkJHoM3xwsvAA=
-19,-17,7e0po4c9RYtLf267L/bfcKY5/34=,oTDyHa6RPTWseQUkJHoM3xwsvAA=
-21,-20,7e0po4c9RYtLf267L/bfcKY5/34=,oTDyHa6RPTWseQUkJHoM3xwsvAA=
-27,-17,7e0po4c9RYtLf267L/bfcKY5/34=,FEiNtXQUNRIECzgRAYSJQBIaSfY=
-22,-21,7e0po4c9RYtLf267L/bfcKY5/34=,oTDyHa6RPTWseQUkJHoM3xwsvAA=
-20,-17,7e0po4c9RYtLf267L/bfcKY5/34=,oTDyHa6RPTWseQUkJHoM3xwsvAA=
-24,-22,7e0po4c9RYtLf267L/bfcKY5/34=,oTDyHa6RPTWseQUkJHoM3xwsvAA=
-26,-22,7e0po4c9RYtLf267L/bfcKY5/34=,FEiNtXQUNRIECzgRAYSJQBIaSfY=
-24,-17,7e0po4c9RYtLf267L/bfcKY5/34=,oTDyHa6RPTWseQUkJHoM3xwsvAA=
-26,-17,7e0po4c9RYtLf267L/bfcKY5/34=,FEiNtXQUNRIECzgRAYSJQBIaSfY=
-25,-24,7e0po4c9RYtLf267L/bfcKY5/34=,FEiNtXQUNRIECzgRAYSJQBIaSfY=
-18,-23,7e0po4c9RYtLf267L/bfcKY5/34=,oTDyHa6RPTWseQUkJHoM3xwsvAA=
-17,-23,7e0po4c9RYtLf267L/bfcKY5/34=,oTDyHa6RPTWseQUkJHoM3xwsvAA=
-26,-24,7e0po4c9RYtLf267L/bfcKY5/34=,FEiNtXQUNRIECzgRAYSJQBIaSfY=
-22,-27,7e0po4c9RYtLf267L/bfcKY5/34=,SXNLt3a+JvJEDdlZN0onuMubkFM=
-19,-23,7e0po4c9RYtLf267L/bfcKY5/34=,oTDyHa6RPTWseQUkJHoM3xwsvAA=
-26,-20,7e0po4c9RYtLf267L/bfcKY5/34=,FEiNtXQUNRIECzgRAYSJQBIaSfY=
-27,-24,7e0po4c9RYtLf267L/bfcKY5/34=,FEiNtXQUNRIECzgRAYSJQBIaSfY=
-18,-17,7e0po4c9RYtLf267L/bfcKY5/34=,oTDyHa6RPTWseQUkJHoM3xwsvAA=
-23,-25,7e0po4c9RYtLf267L/bfcKY5/34=,SXNLt3a+JvJEDdlZN0onuMubkFM=
-23,-20,7e0po4c9RYtLf267L/bfcKY5/34=,oTDyHa6RPTWseQUkJHoM3xwsvAA=
-19,-19,7e0po4c9RYtLf267L/bfcKY5/34=,oTDyHa6RPTWseQUkJHoM3xwsvAA=
-27,-25,7e0po4c9RYtLf267L/bfcKY5/34=,MwqZlP9LZbwTqJ8GaIiKPgt6MMo=
-25,-20,7e0po4c9RYtLf267L/bfcKY5/34=,FEiNtXQUNRIECzgRAYSJQBIaSfY=
-26,-25,7e0po4c9RYtLf267L/bfcKY5/34=,MwqZlP9LZbwTqJ8GaIiKPgt6MMo=
-24,-20,7e0po4c9RYtLf267L/bfcKY5/34=,oTDyHa6RPTWseQUkJHoM3xwsvAA=
-25,-22,7e0po4c9RYtLf267L/bfcKY5/34=,FEiNtXQUNRIECzgRAYSJQBIaSfY=
-24,-25,7e0po4c9RYtLf267L/bfcKY5/34=,SXNLt3a+JvJEDdlZN0onuMubkFM=
-23,-27,7e0po4c9RYtLf267L/bfcKY5/34=,SXNLt3a+JvJEDdlZN0onuMubkFM=
-23,-19,7e0po4c9RYtLf267L/bfcKY5/34=,oTDyHa6RPTWseQUkJHoM3xwsvAA=
-25,-25,7e0po4c9RYtLf267L/bfcKY5/34=,MwqZlP9LZbwTqJ8GaIiKPgt6MMo=
-18,-18,7e0po4c9RYtLf267L/bfcKY5/34=,oTDyHa6RPTWseQUkJHoM3xwsvAA=
-27,-26,7e0po4c9RYtLf267L/bfcKY5/34=,MwqZlP9LZbwTqJ8GaIiKPgt6MMo=
-17,-26,7e0po4c9RYtLf267L/bfcKY5/34=,SXNLt3a+JvJEDdlZN0onuMubkFM=
-17,-17,7e0po4c9RYtLf267L/bfcKY5/34=,oTDyHa6RPTWseQUkJHoM3xwsvAA=
-24,-23,7e0po4c9RYtLf267L/bfcKY5/34=,oTDyHa6RPTWseQUkJHoM3xwsvAA=
-18,-26,7e0po4c9RYtLf267L/bfcKY5/34=,SXNLt3a+JvJEDdlZN0onuMubkFM=
-18,-19,7e0po4c9RYtLf267L/bfcKY5/34=,oTDyHa6RPTWseQUkJHoM3xwsvAA=
-17,-19,7e0po4c9RYtLf267L/bfcKY5/34=,oTDyHa6RPTWseQUkJHoM3xwsvAA=
-17,-21,7e0po4c9RYtLf267L/bfcKY5/34=,oTDyHa6RPTWseQUkJHoM3xwsvAA=
-19,-18,7e0po4c9RYtLf267L/bfcKY5/34=,oTDyHa6RPTWseQUkJHoM3xwsvAA=
-17,-18,7e0po4c9RYtLf267L/bfcKY5/34=,oTDyHa6RPTWseQUkJHoM3xwsvAA=
-24,-27,7e0po4c9RYtLf267L/bfcKY5/34=,SXNLt3a+JvJEDdlZN0onuMubkFM=
-26,-26,7e0po4c9RYtLf267L/bfcKY5/34=,MwqZlP9LZbwTqJ8GaIiKPgt6MMo=
-24,-19,7e0po4c9RYtLf267L/bfcKY5/34=,oTDyHa6RPTWseQUkJHoM3xwsvAA=
-17,-24,7e0po4c9RYtLf267L/bfcKY5/34=,oTDyHa6RPTWseQUkJHoM3xwsvAA=
-20,-18,7e0po4c9RYtLf267L/bfcKY5/34=,oTDyHa6RPTWseQUkJHoM3xwsvAA=
-24,-24,7e0po4c9RYtLf267L/bfcKY5/34=,oTDyHa6RPTWseQUkJHoM3xwsvAA=
-18,-21,7e0po4c9RYtLf267L/bfcKY5/34=,oTDyHa6RPTWseQUkJHoM3xwsvAA=
-25,-26,7e0po4c9RYtLf267L/bfcKY5/34=,MwqZlP9LZbwTqJ8GaIiKPgt6MMo=
-18,-22,7e0po4c9RYtLf267L/bfcKY5/34=,oTDyHa6RPTWseQUkJHoM3xwsvAA=
-21,-18,7e0po4c9RYtLf267L/bfcKY5/34=,oTDyHa6RPTWseQUkJHoM3xwsvAA=
-25,-27,7e0po4c9RYtLf267L/bfcKY5/34=,MwqZlP9LZbwTqJ8GaIiKPgt6MMo=
-17,-22,7e0po4c9RYtLf267L/bfcKY5/34=,oTDyHa6RPTWseQUkJHoM3xwsvAA=
-19,-26,7e0po4c9RYtLf267L/bfcKY5/34=,SXNLt3a+JvJEDdlZN0onuMubkFM=
-22,-18,7e0po4c9RYtLf267L/bfcKY5/34=,oTDyHa6RPTWseQUkJHoM3xwsvAA=
-20,-26,7e0po4c9RYtLf267L/bfcKY5/34=,SXNLt3a+JvJEDdlZN0onuMubkFM=
-20,-23,7e0po4c9RYtLf267L/bfcKY5/34=,oTDyHa6RPTWseQUkJHoM3xwsvAA=
-21,-26,7e0po4c9RYtLf267L/bfcKY5/34=,SXNLt3a+JvJEDdlZN0onuMubkFM=
-17,-20,7e0po4c9RYtLf267L/bfcKY5/34=,oTDyHa6RPTWseQUkJHoM3xwsvAA=
-26,-27,7e0po4c9RYtLf267L/bfcKY5/34=,MwqZlP9LZbwTqJ8GaIiKPgt6MMo=
-22,-26,7e0po4c9RYtLf267L/bfcKY5/34=,SXNLt3a+JvJEDdlZN0onuMubkFM=
-20,-27,7e0po4c9RYtLf267L/bfcKY5/34=,SXNLt3a+JvJEDdlZN0onuMubkFM=
-18,-24,7e0po4c9RYtLf267L/bfcKY5/34=,oTDyHa6RPTWseQUkJHoM3xwsvAA=
-20,-24,7e0po4c9RYtLf267L/bfcKY5/34=,oTDyHa6RPTWseQUkJHoM3xwsvAA=
-23,-18,7e0po4c9RYtLf267L/bfcKY5/34=,oTDyHa6RPTWseQUkJHoM3xwsvAA=
-23,-23,7e0po4c9RYtLf267L/bfcKY5/34=,oTDyHa6RPTWseQUkJHoM3xwsvAA=
-19,-20,7e0po4c9RYtLf267L/bfcKY5/34=,oTDyHa6RPTWseQUkJHoM3xwsvAA=
-21,-23,7e0po4c9RYtLf267L/bfcKY5/34=,oTDyHa6RPTWseQUkJHoM3xwsvAA=
-27,-27,7e0po4c9RYtLf267L/bfcKY5/34=,MwqZlP9LZbwTqJ8GaIiKPgt6MMo=
-20,-19,7e0po4c9RYtLf267L/bfcKY5/34=,oTDyHa6RPTWseQUkJHoM3xwsvAA=
-19,-24,7e0po4c9RYtLf267L/bfcKY5/34=,oTDyHa6RPTWseQUkJHoM3xwsvAA=
-25,-19,7e0po4c9RYtLf267L/bfcKY5/34=,FEiNtXQUNRIECzgRAYSJQBIaSfY=
-26,-21,7e0po4c9RYtLf267L/bfcKY5/34=,FEiNtXQUNRIECzgRAYSJQBIaSfY=
-19,-27,7e0po4c9RYtLf267L/bfcKY5/34=,SXNLt3a+JvJEDdlZN0onuMubkFM=
-23,-26,7e0po4c9RYtLf267L/bfcKY5/34=,SXNLt3a+JvJEDdlZN0onuMubkFM=
-20,-21,7e0po4c9RYtLf267L/bfcKY5/34=,oTDyHa6RPTWseQUkJHoM3xwsvAA=
-18,-20,7e0po4c9RYtLf267L/bfcKY5/34=,oTDyHa6RPTWseQUkJHoM3xwsvAA=
-21,-21,7e0po4c9RYtLf267L/bfcKY5/34=,oTDyHa6RPTWseQUkJHoM3xwsvAA=
-27,-21,7e0po4c9RYtLf267L/bfcKY5/34=,FEiNtXQUNRIECzgRAYSJQBIaSfY=
-24,-18,7e0po4c9RYtLf267L/bfcKY5/34=,oTDyHa6RPTWseQUkJHoM3xwsvAA=
-32,-21,7e0po4c9RYtLf267L/bfcKY5/34=,FEiNtXQUNRIECzgRAYSJQBIaSfY=
-31,-21,7e0po4c9RYtLf267L/bfcKY5/34=,FEiNtXQUNRIECzgRAYSJQBIaSfY=
-25,-21,7e0po4c9RYtLf267L/bfcKY5/34=,FEiNtXQUNRIECzgRAYSJQBIaSfY=
-30,-21,7e0po4c9RYtLf267L/bfcKY5/34=,FEiNtXQUNRIECzgRAYSJQBIaSfY=
-32,-27,7e0po4c9RYtLf267L/bfcKY5/34=,MwqZlP9LZbwTqJ8GaIiKPgt6MMo=
-31,-27,7e0po4c9RYtLf267L/bfcKY5/34=,MwqZlP9LZbwTqJ8GaIiKPgt6MMo=
-32,-20,7e0po4c9RYtLf267L/bfcKY5/34=,FEiNtXQUNRIECzgRAYSJQBIaSfY=
-30,-27,7e0po4c9RYtLf267L/bfcKY5/34=,MwqZlP9LZbwTqJ8GaIiKPgt6MMo=
-31,-26,7e0po4c9RYtLf267L/bfcKY5/34=,MwqZlP9LZbwTqJ8GaIiKPgt6MMo=
-32,-26,7e0po4c9RYtLf267L/bfcKY5/34=,MwqZlP9LZbwTqJ8GaIiKPgt6MMo=
-30,-26,7e0po4c9RYtLf267L/bfcKY5/34=,MwqZlP9LZbwTqJ8GaIiKPgt6MMo=
-31,-20,7e0po4c9RYtLf267L/bfcKY5/34=,FEiNtXQUNRIECzgRAYSJQBIaSfY=
-32,-25,7e0po4c9RYtLf267L/bfcKY5/34=,MwqZlP9LZbwTqJ8GaIiKPgt6MMo=
-19,-25,7e0po4c9RYtLf267L/bfcKY5/34=,SXNLt3a+JvJEDdlZN0onuMubkFM=
-20,-20,7e0po4c9RYtLf267L/bfcKY5/34=,oTDyHa6RPTWseQUkJHoM3xwsvAA=
-21,-24,7e0po4c9RYtLf267L/bfcKY5/34=,oTDyHa6RPTWseQUkJHoM3xwsvAA=
-25,-18,7e0po4c9RYtLf267L/bfcKY5/34=,FEiNtXQUNRIECzgRAYSJQBIaSfY=
-32,-22,7e0po4c9RYtLf267L/bfcKY5/34=,FEiNtXQUNRIECzgRAYSJQBIaSfY=
-31,-22,7e0po4c9RYtLf267L/bfcKY5/34=,FEiNtXQUNRIECzgRAYSJQBIaSfY=
-19,-21,7e0po4c9RYtLf267L/bfcKY5/34=,oTDyHa6RPTWseQUkJHoM3xwsvAA=
-22,-23,7e0po4c9RYtLf267L/bfcKY5/34=,oTDyHa6RPTWseQUkJHoM3xwsvAA=
-32,-23,7e0po4c9RYtLf267L/bfcKY5/34=,FEiNtXQUNRIECzgRAYSJQBIaSfY=
-20,-22,7e0po4c9RYtLf267L/bfcKY5/34=,oTDyHa6RPTWseQUkJHoM3xwsvAA=
-19,-22,7e0po4c9RYtLf267L/bfcKY5/34=,oTDyHa6RPTWseQUkJHoM3xwsvAA=
-32,-24,7e0po4c9RYtLf267L/bfcKY5/34=,FEiNtXQUNRIECzgRAYSJQBIaSfY=
-31,-24,7e0po4c9RYtLf267L/bfcKY5/34=,FEiNtXQUNRIECzgRAYSJQBIaSfY=
-30,-24,7e0po4c9RYtLf267L/bfcKY5/34=,FEiNtXQUNRIECzgRAYSJQBIaSfY=
-31,-25,7e0po4c9RYtLf267L/bfcKY5/34=,MwqZlP9LZbwTqJ8GaIiKPgt6MMo=
-26,-18,7e0po4c9RYtLf267L/bfcKY5/34=,FEiNtXQUNRIECzgRAYSJQBIaSfY=
-23,-24,7e0po4c9RYtLf267L/bfcKY5/34=,oTDyHa6RPTWseQUkJHoM3xwsvAA=
-17,-27,7e0po4c9RYtLf267L/bfcKY5/34=,SXNLt3a+JvJEDdlZN0onuMubkFM=
-30,-23,7e0po4c9RYtLf267L/bfcKY5/34=,FEiNtXQUNRIECzgRAYSJQBIaSfY=
-20,-25,7e0po4c9RYtLf267L/bfcKY5/34=,SXNLt3a+JvJEDdlZN0onuMubkFM=
-21,-19,7e0po4c9RYtLf267L/bfcKY5/34=,oTDyHa6RPTWseQUkJHoM3xwsvAA=
-31,-23,7e0po4c9RYtLf267L/bfcKY5/34=,FEiNtXQUNRIECzgRAYSJQBIaSfY=
-18,-27,7e0po4c9RYtLf267L/bfcKY5/34=,SXNLt3a+JvJEDdlZN0onuMubkFM=
-30,-25,7e0po4c9RYtLf267L/bfcKY5/34=,MwqZlP9LZbwTqJ8GaIiKPgt6MMo=
-22,-24,7e0po4c9RYtLf267L/bfcKY5/34=,oTDyHa6RPTWseQUkJHoM3xwsvAA=
-21,-22,7e0po4c9RYtLf267L/bfcKY5/34=,oTDyHa6RPTWseQUkJHoM3xwsvAA=
-22,-22,7e0po4c9RYtLf267L/bfcKY5/34=,oTDyHa6RPTWseQUkJHoM3xwsvAA=
-27,-19,7e0po4c9RYtLf267L/bfcKY5/34=,FEiNtXQUNRIECzgRAYSJQBIaSfY=
-26,-19,7e0po4c9RYtLf267L/bfcKY5/34=,FEiNtXQUNRIECzgRAYSJQBIaSfY=
-30,-22,7e0po4c9RYtLf267L/bfcKY5/34=,FEiNtXQUNRIECzgRAYSJQBIaSfY=
-22,-19,7e0po4c9RYtLf267L/bfcKY5/34=,oTDyHa6RPTWseQUkJHoM3xwsvAA=
-32,-19,7e0po4c9RYtLf267L/bfcKY5/34=,FEiNtXQUNRIECzgRAYSJQBIaSfY=
-24,-26,7e0po4c9RYtLf267L/bfcKY5/34=,SXNLt3a+JvJEDdlZN0onuMubkFM=
-31,-19,7e0po4c9RYtLf267L/bfcKY5/34=,FEiNtXQUNRIECzgRAYSJQBIaSfY=
-30,-17,7e0po4c9RYtLf267L/bfcKY5/34=,FEiNtXQUNRIECzgRAYSJQBIaSfY=
-30,-18,7e0po4c9RYtLf267L/bfcKY5/34=,FEiNtXQUNRIECzgRAYSJQBIaSfY=
-32,-18,7e0po4c9RYtLf267L/bfcKY5/34=,FEiNtXQUNRIECzgRAYSJQBIaSfY=
-30,-19,7e0po4c9RYtLf267L/bfcKY5/34=,FEiNtXQUNRIECzgRAYSJQBIaSfY=
-31,-18,7e0po4c9RYtLf267L/bfcKY5/34=,FEiNtXQUNRIECzgRAYSJQBIaSfY=
-32,-17,7e0po4c9RYtLf267L/bfcKY5/34=,FEiNtXQUNRIECzgRAYSJQBIaSfY=
-31,-17,7e0po4c9RYtLf267L/bfcKY5/34=,FEiNtXQUNRIECzgRAYSJQBIaSfY=
-30,-30,7e0po4c9RYtLf267L/bfcKY5/34=,MwqZlP9LZbwTqJ8GaIiKPgt6MMo=
-32,-30,7e0po4c9RYtLf267L/bfcKY5/34=,MwqZlP9LZbwTqJ8GaIiKPgt6MMo=
-30,-31,7e0po4c9RYtLf267L/bfcKY5/34=,MwqZlP9LZbwTqJ8GaIiKPgt6MMo=
-32,-31,7e0po4c9RYtLf267L/bfcKY5/34=,MwqZlP9LZbwTqJ8GaIiKPgt6MMo=
-31,-31,7e0po4c9RYtLf267L/bfcKY5/34=,MwqZlP9LZbwTqJ8GaIiKPgt6MMo=
-31,-32,7e0po4c9RYtLf267L/bfcKY5/34=,MwqZlP9LZbwTqJ8GaIiKPgt6MMo=
-30,-32,7e0po4c9RYtLf267L/bfcKY5/34=,MwqZlP9LZbwTqJ8GaIiKPgt6MMo=
-32,-32,7e0po4c9RYtLf267L/bfcKY5/34=,MwqZlP9LZbwTqJ8GaIiKPgt6MMo=
-31,-30,7e0po4c9RYtLf267L/bfcKY5/34=,MwqZlP9LZbwTqJ8GaIiKPgt6MMo=
-30,-20,7e0po4c9RYtLf267L/bfcKY5/34=,FEiNtXQUNRIECzgRAYSJQBIaSfY=
-21,-5,H5VOFDEdyg3k1Ouc3GabIotq/Nw=,x1DPgtRj6reW7Nu/R74fHwCZUMs=
-20,-5,H5VOFDEdyg3k1Ouc3GabIotq/Nw=,x1DPgtRj6reW7Nu/R74fHwCZUMs=
-20,-4,H5VOFDEdyg3k1Ouc3GabIotq/Nw=,x1DPgtRj6reW7Nu/R74fHwCZUMs=
-21,-4,H5VOFDEdyg3k1Ouc3GabIotq/Nw=,x1DPgtRj6reW7Nu/R74fHwCZUMs=
-32,-5,vn3uMReFcHhZid10efpNA/UzAng=,XPppiL2kEPNQf/gOGceEn+prKOA=
-22,-4,vn3uMReFcHhZid10efpNA/UzAng=,x1DPgtRj6reW7Nu/R74fHwCZUMs=
-29,-5,vn3uMReFcHhZid10efpNA/UzAng=,XPppiL2kEPNQf/gOGceEn+prKOA=
-23,-4,vn3uMReFcHhZid10efpNA/UzAng=,x1DPgtRj6reW7Nu/R74fHwCZUMs=
-31,-5,vn3uMReFcHhZid10efpNA/UzAng=,XPppiL2kEPNQf/gOGceEn+prKOA=
-29,-4,vn3uMReFcHhZid10efpNA/UzAng=,XPppiL2kEPNQf/gOGceEn+prKOA=
-30,-5,vn3uMReFcHhZid10efpNA/UzAng=,XPppiL2kEPNQf/gOGceEn+prKOA=
-22,-5,vn3uMReFcHhZid10efpNA/UzAng=,x1DPgtRj6reW7Nu/R74fHwCZUMs=
-30,-4,vn3uMReFcHhZid10efpNA/UzAng=,XPppiL2kEPNQf/gOGceEn+prKOA=
-24,-4,vn3uMReFcHhZid10efpNA/UzAng=,x1DPgtRj6reW7Nu/R74fHwCZUMs=
-31,-4,Wg0wu1CbCAY16Ul2a1LSgZMKyAA=,XPppiL2kEPNQf/gOGceEn+prKOA=
-32,-4,Wg0wu1CbCAY16Ul2a1LSgZMKyAA=,XPppiL2kEPNQf/gOGceEn+prKOA=
-27,-4,Wg0wu1CbCAY16Ul2a1LSgZMKyAA=,XPppiL2kEPNQf/gOGceEn+prKOA=
-26,-4,Wg0wu1CbCAY16Ul2a1LSgZMKyAA=,XPppiL2kEPNQf/gOGceEn+prKOA=
-25,-4,Wg0wu1CbCAY16Ul2a1LSgZMKyAA=,XPppiL2kEPNQf/gOGceEn+prKOA=
-25,-5,Wg0wu1CbCAY16Ul2a1LSgZMKyAA=,XPppiL2kEPNQf/gOGceEn+prKOA=
-23,-5,Wg0wu1CbCAY16Ul2a1LSgZMKyAA=,x1DPgtRj6reW7Nu/R74fHwCZUMs=
-28,-4,Wg0wu1CbCAY16Ul2a1LSgZMKyAA=,XPppiL2kEPNQf/gOGceEn+prKOA=
-27,-5,Wg0wu1CbCAY16Ul2a1LSgZMKyAA=,XPppiL2kEPNQf/gOGceEn+prKOA=
-28,-5,Wg0wu1CbCAY16Ul2a1LSgZMKyAA=,XPppiL2kEPNQf/gOGceEn+prKOA=
-24,-5,Wg0wu1CbCAY16Ul2a1LSgZMKyAA=,x1DPgtRj6reW7Nu/R74fHwCZUMs=
-26,-5,Wg0wu1CbCAY16Ul2a1LSgZMKyAA=,XPppiL2kEPNQf/gOGceEn+prKOA=
-21,-9,4rmo7USCM+QTBpZiH0Lnl09CyK4=,j2UbMYFBUpTuUEjVgtBwdleSGf8=
-20,-10,4rmo7USCM+QTBpZiH0Lnl09CyK4=,j2UbMYFBUpTuUEjVgtBwdleSGf8=
-21,-14,4rmo7USCM+QTBpZiH0Lnl09CyK4=,j2UbMYFBUpTuUEjVgtBwdleSGf8=
-20,-14,4rmo7USCM+QTBpZiH0Lnl09CyK4=,j2UbMYFBUpTuUEjVgtBwdleSGf8=
-20,-11,4rmo7USCM+QTBpZiH0Lnl09CyK4=,j2UbMYFBUpTuUEjVgtBwdleSGf8=
-20,-8,4rmo7USCM+QTBpZiH0Lnl09CyK4=,x1DPgtRj6reW7Nu/R74fHwCZUMs=
-17,-12,4rmo7USCM+QTBpZiH0Lnl09CyK4=,j2UbMYFBUpTuUEjVgtBwdleSGf8=
-18,-12,4rmo7USCM+QTBpZiH0Lnl09CyK4=,j2UbMYFBUpTuUEjVgtBwdleSGf8=
-19,-12,4rmo7USCM+QTBpZiH0Lnl09CyK4=,j2UbMYFBUpTuUEjVgtBwdleSGf8=
-21,-8,I3jkxhKssy5Eu1i9y623urdyoQY=,x1DPgtRj6reW7Nu/R74fHwCZUMs=
-20,-7,I3jkxhKssy5Eu1i9y623urdyoQY=,x1DPgtRj6reW7Nu/R74fHwCZUMs=
-21,-11,I3jkxhKssy5Eu1i9y623urdyoQY=,j2UbMYFBUpTuUEjVgtBwdleSGf8=
-20,-9,I3jkxhKssy5Eu1i9y623urdyoQY=,j2UbMYFBUpTuUEjVgtBwdleSGf8=
-17,-13,I3jkxhKssy5Eu1i9y623urdyoQY=,j2UbMYFBUpTuUEjVgtBwdleSGf8=
-21,-7,I3jkxhKssy5Eu1i9y623urdyoQY=,x1DPgtRj6reW7Nu/R74fHwCZUMs=
-20,-12,I3jkxhKssy5Eu1i9y623urdyoQY=,j2UbMYFBUpTuUEjVgtBwdleSGf8=
-20,-15,I3jkxhKssy5Eu1i9y623urdyoQY=,j2UbMYFBUpTuUEjVgtBwdleSGf8=
-20,-6,I3jkxhKssy5Eu1i9y623urdyoQY=,x1DPgtRj6reW7Nu/R74fHwCZUMs=
-21,-6,I3jkxhKssy5Eu1i9y623urdyoQY=,x1DPgtRj6reW7Nu/R74fHwCZUMs=
-18,-13,I3jkxhKssy5Eu1i9y623urdyoQY=,j2UbMYFBUpTuUEjVgtBwdleSGf8=
-21,-13,I3jkxhKssy5Eu1i9y623urdyoQY=,j2UbMYFBUpTuUEjVgtBwdleSGf8=
-20,-16,I3jkxhKssy5Eu1i9y623urdyoQY=,j2UbMYFBUpTuUEjVgtBwdleSGf8=
-19,-13,I3jkxhKssy5Eu1i9y623urdyoQY=,j2UbMYFBUpTuUEjVgtBwdleSGf8=
-21,-10,I3jkxhKssy5Eu1i9y623urdyoQY=,j2UbMYFBUpTuUEjVgtBwdleSGf8=
-21,-16,I3jkxhKssy5Eu1i9y623urdyoQY=,j2UbMYFBUpTuUEjVgtBwdleSGf8=
-21,-15,I3jkxhKssy5Eu1i9y623urdyoQY=,j2UbMYFBUpTuUEjVgtBwdleSGf8=
-21,-12,I3jkxhKssy5Eu1i9y623urdyoQY=,j2UbMYFBUpTuUEjVgtBwdleSGf8=
-20,-13,I3jkxhKssy5Eu1i9y623urdyoQY=,j2UbMYFBUpTuUEjVgtBwdleSGf8=
-29,-1,I3jkxhKssy5Eu1i9y623urdyoQY=,XPppiL2kEPNQf/gOGceEn+prKOA=
-28,-2,I3jkxhKssy5Eu1i9y623urdyoQY=,XPppiL2kEPNQf/gOGceEn+prKOA=
-29,-2,I3jkxhKssy5Eu1i9y623urdyoQY=,XPppiL2kEPNQf/gOGceEn+prKOA=
-28,-1,I3jkxhKssy5Eu1i9y623urdyoQY=,XPppiL2kEPNQf/gOGceEn+prKOA=
-28,-3,I3jkxhKssy5Eu1i9y623urdyoQY=,XPppiL2kEPNQf/gOGceEn+prKOA=
-29,-3,I3jkxhKssy5Eu1i9y623urdyoQY=,XPppiL2kEPNQf/gOGceEn+prKOA=
-32,-2,vbIOE4MJi2/zL7NHwAJROLh5RBs=,XPppiL2kEPNQf/gOGceEn+prKOA=
-31,-2,vbIOE4MJi2/zL7NHwAJROLh5RBs=,XPppiL2kEPNQf/gOGceEn+prKOA=
-31,-3,vbIOE4MJi2/zL7NHwAJROLh5RBs=,XPppiL2kEPNQf/gOGceEn+prKOA=
-32,-3,vbIOE4MJi2/zL7NHwAJROLh5RBs=,XPppiL2kEPNQf/gOGceEn+prKOA=
-30,-3,vbIOE4MJi2/zL7NHwAJROLh5RBs=,XPppiL2kEPNQf/gOGceEn+prKOA=
-31,-1,vbIOE4MJi2/zL7NHwAJROLh5RBs=,XPppiL2kEPNQf/gOGceEn+prKOA=
-32,-1,vbIOE4MJi2/zL7NHwAJROLh5RBs=,XPppiL2kEPNQf/gOGceEn+prKOA=
-30,-2,vbIOE4MJi2/zL7NHwAJROLh5RBs=,XPppiL2kEPNQf/gOGceEn+prKOA=
-30,-1,vbIOE4MJi2/zL7NHwAJROLh5RBs=,XPppiL2kEPNQf/gOGceEn+prKOA=
-17,-14,vbIOE4MJi2/zL7NHwAJROLh5RBs=,j2UbMYFBUpTuUEjVgtBwdleSGf8=
-18,-14,vbIOE4MJi2/zL7NHwAJROLh5RBs=,j2UbMYFBUpTuUEjVgtBwdleSGf8=
-18,-15,vbIOE4MJi2/zL7NHwAJROLh5RBs=,j2UbMYFBUpTuUEjVgtBwdleSGf8=
-17,-15,vbIOE4MJi2/zL7NHwAJROLh5RBs=,j2UbMYFBUpTuUEjVgtBwdleSGf8=
-17,-16,vbIOE4MJi2/zL7NHwAJROLh5RBs=,j2UbMYFBUpTuUEjVgtBwdleSGf8=
-19,-16,vbIOE4MJi2/zL7NHwAJROLh5RBs=,j2UbMYFBUpTuUEjVgtBwdleSGf8=
-19,-14,vbIOE4MJi2/zL7NHwAJROLh5RBs=,j2UbMYFBUpTuUEjVgtBwdleSGf8=
-19,-15,vbIOE4MJi2/zL7NHwAJROLh5RBs=,j2UbMYFBUpTuUEjVgtBwdleSGf8=
-18,-16,vbIOE4MJi2/zL7NHwAJROLh5RBs=,j2UbMYFBUpTuUEjVgtBwdleSGf8=
-19,-4,JauEWbASJT15QOgt4Erl3YBqoDw=,x1DPgtRj6reW7Nu/R74fHwCZUMs=
-17,-8,JauEWbASJT15QOgt4Erl3YBqoDw=,x1DPgtRj6reW7Nu/R74fHwCZUMs=
-18,-4,JauEWbASJT15QOgt4Erl3YBqoDw=,x1DPgtRj6reW7Nu/R74fHwCZUMs=
-18,-10,JauEWbASJT15QOgt4Erl3YBqoDw=,j2UbMYFBUpTuUEjVgtBwdleSGf8=
-18,-8,JauEWbASJT15QOgt4Erl3YBqoDw=,x1DPgtRj6reW7Nu/R74fHwCZUMs=
-17,-4,JauEWbASJT15QOgt4Erl3YBqoDw=,x1DPgtRj6reW7Nu/R74fHwCZUMs=
-18,-5,JauEWbASJT15QOgt4Erl3YBqoDw=,x1DPgtRj6reW7Nu/R74fHwCZUMs=
-19,-5,JauEWbASJT15QOgt4Erl3YBqoDw=,x1DPgtRj6reW7Nu/R74fHwCZUMs=
-17,-5,JauEWbASJT15QOgt4Erl3YBqoDw=,x1DPgtRj6reW7Nu/R74fHwCZUMs=
-17,-11,JauEWbASJT15QOgt4Erl3YBqoDw=,j2UbMYFBUpTuUEjVgtBwdleSGf8=
-18,-7,JauEWbASJT15QOgt4Erl3YBqoDw=,x1DPgtRj6reW7Nu/R74fHwCZUMs=
-19,-7,JauEWbASJT15QOgt4Erl3YBqoDw=,x1DPgtRj6reW7Nu/R74fHwCZUMs=
-17,-7,JauEWbASJT15QOgt4Erl3YBqoDw=,x1DPgtRj6reW7Nu/R74fHwCZUMs=
-18,-6,JauEWbASJT15QOgt4Erl3YBqoDw=,x1DPgtRj6reW7Nu/R74fHwCZUMs=
-19,-6,JauEWbASJT15QOgt4Erl3YBqoDw=,x1DPgtRj6reW7Nu/R74fHwCZUMs=
-18,-11,JauEWbASJT15QOgt4Erl3YBqoDw=,j2UbMYFBUpTuUEjVgtBwdleSGf8=
-17,-6,JauEWbASJT15QOgt4Erl3YBqoDw=,x1DPgtRj6reW7Nu/R74fHwCZUMs=
-19,-8,JauEWbASJT15QOgt4Erl3YBqoDw=,x1DPgtRj6reW7Nu/R74fHwCZUMs=
-19,-9,JauEWbASJT15QOgt4Erl3YBqoDw=,j2UbMYFBUpTuUEjVgtBwdleSGf8=
-17,-9,JauEWbASJT15QOgt4Erl3YBqoDw=,j2UbMYFBUpTuUEjVgtBwdleSGf8=
-19,-10,JauEWbASJT15QOgt4Erl3YBqoDw=,j2UbMYFBUpTuUEjVgtBwdleSGf8=
-17,-10,JauEWbASJT15QOgt4Erl3YBqoDw=,j2UbMYFBUpTuUEjVgtBwdleSGf8=
-18,-9,JauEWbASJT15QOgt4Erl3YBqoDw=,j2UbMYFBUpTuUEjVgtBwdleSGf8=
-19,-11,JauEWbASJT15QOgt4Erl3YBqoDw=,j2UbMYFBUpTuUEjVgtBwdleSGf8=
-22,-16,JauEWbASJT15QOgt4Erl3YBqoDw=,j2UbMYFBUpTuUEjVgtBwdleSGf8=
-23,-13,JauEWbASJT15QOgt4Erl3YBqoDw=,j2UbMYFBUpTuUEjVgtBwdleSGf8=
-23,-16,JauEWbASJT15QOgt4Erl3YBqoDw=,j2UbMYFBUpTuUEjVgtBwdleSGf8=
-24,-13,JauEWbASJT15QOgt4Erl3YBqoDw=,j2UbMYFBUpTuUEjVgtBwdleSGf8=
-29,-14,JauEWbASJT15QOgt4Erl3YBqoDw=,7Ha4BnUFN9LwEMX5f69RqWmM8dQ=
-24,-16,JauEWbASJT15QOgt4Erl3YBqoDw=,j2UbMYFBUpTuUEjVgtBwdleSGf8=
-24,-7,JauEWbASJT15QOgt4Erl3YBqoDw=,x1DPgtRj6reW7Nu/R74fHwCZUMs=
-28,-14,JauEWbASJT15QOgt4Erl3YBqoDw=,7Ha4BnUFN9LwEMX5f69RqWmM8dQ=
-23,-10,JauEWbASJT15QOgt4Erl3YBqoDw=,j2UbMYFBUpTuUEjVgtBwdleSGf8=
-24,-10,JauEWbASJT15QOgt4Erl3YBqoDw=,j2UbMYFBUpTuUEjVgtBwdleSGf8=
-27,-14,JauEWbASJT15QOgt4Erl3YBqoDw=,7Ha4BnUFN9LwEMX5f69RqWmM8dQ=
-30,-6,JauEWbASJT15QOgt4Erl3YBqoDw=,XPppiL2kEPNQf/gOGceEn+prKOA=
-25,-15,JauEWbASJT15QOgt4Erl3YBqoDw=,7Ha4BnUFN9LwEMX5f69RqWmM8dQ=
-26,-6,JauEWbASJT15QOgt4Erl3YBqoDw=,XPppiL2kEPNQf/gOGceEn+prKOA=
-32,-6,JauEWbASJT15QOgt4Erl3YBqoDw=,XPppiL2kEPNQf/gOGceEn+prKOA=
-31,-14,JauEWbASJT15QOgt4Erl3YBqoDw=,7Ha4BnUFN9LwEMX5f69RqWmM8dQ=
-27,-6,JauEWbASJT15QOgt4Erl3YBqoDw=,XPppiL2kEPNQf/gOGceEn+prKOA=
-31,-6,JauEWbASJT15QOgt4Erl3YBqoDw=,XPppiL2kEPNQf/gOGceEn+prKOA=
-30,-14,JauEWbASJT15QOgt4Erl3YBqoDw=,7Ha4BnUFN9LwEMX5f69RqWmM8dQ=
-22,-9,JauEWbASJT15QOgt4Erl3YBqoDw=,j2UbMYFBUpTuUEjVgtBwdleSGf8=
-29,-13,JauEWbASJT15QOgt4Erl3YBqoDw=,7Ha4BnUFN9LwEMX5f69RqWmM8dQ=
-32,-14,JauEWbASJT15QOgt4Erl3YBqoDw=,7Ha4BnUFN9LwEMX5f69RqWmM8dQ=
-25,-6,JauEWbASJT15QOgt4Erl3YBqoDw=,XPppiL2kEPNQf/gOGceEn+prKOA=
-29,-6,JauEWbASJT15QOgt4Erl3YBqoDw=,XPppiL2kEPNQf/gOGceEn+prKOA=
-28,-13,JauEWbASJT15QOgt4Erl3YBqoDw=,7Ha4BnUFN9LwEMX5f69RqWmM8dQ=
-23,-6,JauEWbASJT15QOgt4Erl3YBqoDw=,x1DPgtRj6reW7Nu/R74fHwCZUMs=
-26,-15,JauEWbASJT15QOgt4Erl3YBqoDw=,7Ha4BnUFN9LwEMX5f69RqWmM8dQ=
-26,-7,JauEWbASJT15QOgt4Erl3YBqoDw=,XPppiL2kEPNQf/gOGceEn+prKOA=
-25,-7,JauEWbASJT15QOgt4Erl3YBqoDw=,XPppiL2kEPNQf/gOGceEn+prKOA=
-23,-7,JauEWbASJT15QOgt4Erl3YBqoDw=,x1DPgtRj6reW7Nu/R74fHwCZUMs=
-23,-14,JauEWbASJT15QOgt4Erl3YBqoDw=,j2UbMYFBUpTuUEjVgtBwdleSGf8=
-27,-7,JauEWbASJT15QOgt4Erl3YBqoDw=,XPppiL2kEPNQf/gOGceEn+prKOA=
-30,-13,JauEWbASJT15QOgt4Erl3YBqoDw=,7Ha4BnUFN9LwEMX5f69RqWmM8dQ=
-29,-7,JauEWbASJT15QOgt4Erl3YBqoDw=,XPppiL2kEPNQf/gOGceEn+prKOA=
-28,-7,JauEWbASJT15QOgt4Erl3YBqoDw=,XPppiL2kEPNQf/gOGceEn+prKOA=
-28,-6,JauEWbASJT15QOgt4Erl3YBqoDw=,XPppiL2kEPNQf/gOGceEn+prKOA=
-32,-7,JauEWbASJT15QOgt4Erl3YBqoDw=,XPppiL2kEPNQf/gOGceEn+prKOA=
-30,-7,JauEWbASJT15QOgt4Erl3YBqoDw=,XPppiL2kEPNQf/gOGceEn+prKOA=
-24,-14,JauEWbASJT15QOgt4Erl3YBqoDw=,j2UbMYFBUpTuUEjVgtBwdleSGf8=
-31,-13,JauEWbASJT15QOgt4Erl3YBqoDw=,7Ha4BnUFN9LwEMX5f69RqWmM8dQ=
-22,-14,JauEWbASJT15QOgt4Erl3YBqoDw=,j2UbMYFBUpTuUEjVgtBwdleSGf8=
-25,-8,JauEWbASJT15QOgt4Erl3YBqoDw=,XPppiL2kEPNQf/gOGceEn+prKOA=
-27,-13,JauEWbASJT15QOgt4Erl3YBqoDw=,7Ha4BnUFN9LwEMX5f69RqWmM8dQ=
-30,-8,JauEWbASJT15QOgt4Erl3YBqoDw=,XPppiL2kEPNQf/gOGceEn+prKOA=
-27,-8,JauEWbASJT15QOgt4Erl3YBqoDw=,XPppiL2kEPNQf/gOGceEn+prKOA=
-26,-8,JauEWbASJT15QOgt4Erl3YBqoDw=,XPppiL2kEPNQf/gOGceEn+prKOA=
-29,-8,JauEWbASJT15QOgt4Erl3YBqoDw=,XPppiL2kEPNQf/gOGceEn+prKOA=
-31,-7,JauEWbASJT15QOgt4Erl3YBqoDw=,XPppiL2kEPNQf/gOGceEn+prKOA=
-28,-8,JauEWbASJT15QOgt4Erl3YBqoDw=,XPppiL2kEPNQf/gOGceEn+prKOA=
-27,-15,JauEWbASJT15QOgt4Erl3YBqoDw=,7Ha4BnUFN9LwEMX5f69RqWmM8dQ=
-32,-13,JauEWbASJT15QOgt4Erl3YBqoDw=,7Ha4BnUFN9LwEMX5f69RqWmM8dQ=
-23,-11,JauEWbASJT15QOgt4Erl3YBqoDw=,j2UbMYFBUpTuUEjVgtBwdleSGf8=
-31,-8,JauEWbASJT15QOgt4Erl3YBqoDw=,XPppiL2kEPNQf/gOGceEn+prKOA=
-26,-9,JauEWbASJT15QOgt4Erl3YBqoDw=,7Ha4BnUFN9LwEMX5f69RqWmM8dQ=
-22,-11,JauEWbASJT15QOgt4Erl3YBqoDw=,j2UbMYFBUpTuUEjVgtBwdleSGf8=
-22,-7,JauEWbASJT15QOgt4Erl3YBqoDw=,x1DPgtRj6reW7Nu/R74fHwCZUMs=
-25,-9,JauEWbASJT15QOgt4Erl3YBqoDw=,7Ha4BnUFN9LwEMX5f69RqWmM8dQ=
-28,-9,JauEWbASJT15QOgt4Erl3YBqoDw=,7Ha4BnUFN9LwEMX5f69RqWmM8dQ=
-29,-9,JauEWbASJT15QOgt4Erl3YBqoDw=,7Ha4BnUFN9LwEMX5f69RqWmM8dQ=
-28,-15,JauEWbASJT15QOgt4Erl3YBqoDw=,7Ha4BnUFN9LwEMX5f69RqWmM8dQ=
-24,-6,JauEWbASJT15QOgt4Erl3YBqoDw=,x1DPgtRj6reW7Nu/R74fHwCZUMs=
-32,-8,JauEWbASJT15QOgt4Erl3YBqoDw=,XPppiL2kEPNQf/gOGceEn+prKOA=
-24,-11,JauEWbASJT15QOgt4Erl3YBqoDw=,j2UbMYFBUpTuUEjVgtBwdleSGf8=
-30,-9,JauEWbASJT15QOgt4Erl3YBqoDw=,7Ha4BnUFN9LwEMX5f69RqWmM8dQ=
-27,-9,JauEWbASJT15QOgt4Erl3YBqoDw=,7Ha4BnUFN9LwEMX5f69RqWmM8dQ=
-22,-12,JauEWbASJT15QOgt4Erl3YBqoDw=,j2UbMYFBUpTuUEjVgtBwdleSGf8=
-30,-15,JauEWbASJT15QOgt4Erl3YBqoDw=,7Ha4BnUFN9LwEMX5f69RqWmM8dQ=
-22,-15,JauEWbASJT15QOgt4Erl3YBqoDw=,j2UbMYFBUpTuUEjVgtBwdleSGf8=
-32,-9,JauEWbASJT15QOgt4Erl3YBqoDw=,7Ha4BnUFN9LwEMX5f69RqWmM8dQ=
-32,-10,JauEWbASJT15QOgt4Erl3YBqoDw=,7Ha4BnUFN9LwEMX5f69RqWmM8dQ=
-25,-16,JauEWbASJT15QOgt4Erl3YBqoDw=,7Ha4BnUFN9LwEMX5f69RqWmM8dQ=
-32,-15,JauEWbASJT15QOgt4Erl3YBqoDw=,7Ha4BnUFN9LwEMX5f69RqWmM8dQ=
-31,-10,JauEWbASJT15QOgt4Erl3YBqoDw=,7Ha4BnUFN9LwEMX5f69RqWmM8dQ=
-24,-12,JauEWbASJT15QOgt4Erl3YBqoDw=,j2UbMYFBUpTuUEjVgtBwdleSGf8=
-31,-9,JauEWbASJT15QOgt4Erl3YBqoDw=,7Ha4BnUFN9LwEMX5f69RqWmM8dQ=
-25,-10,JauEWbASJT15QOgt4Erl3YBqoDw=,7Ha4BnUFN9LwEMX5f69RqWmM8dQ=
-26,-13,JauEWbASJT15QOgt4Erl3YBqoDw=,7Ha4BnUFN9LwEMX5f69RqWmM8dQ=
-23,-12,JauEWbASJT15QOgt4Erl3YBqoDw=,j2UbMYFBUpTuUEjVgtBwdleSGf8=
-26,-16,JauEWbASJT15QOgt4Erl3YBqoDw=,7Ha4BnUFN9LwEMX5f69RqWmM8dQ=
-29,-15,JauEWbASJT15QOgt4Erl3YBqoDw=,7Ha4BnUFN9LwEMX5f69RqWmM8dQ=
-25,-13,JauEWbASJT15QOgt4Erl3YBqoDw=,7Ha4BnUFN9LwEMX5f69RqWmM8dQ=
-23,-9,JauEWbASJT15QOgt4Erl3YBqoDw=,j2UbMYFBUpTuUEjVgtBwdleSGf8=
-26,-10,JauEWbASJT15QOgt4Erl3YBqoDw=,7Ha4BnUFN9LwEMX5f69RqWmM8dQ=
-27,-16,JauEWbASJT15QOgt4Erl3YBqoDw=,7Ha4BnUFN9LwEMX5f69RqWmM8dQ=
-25,-11,JauEWbASJT15QOgt4Erl3YBqoDw=,7Ha4BnUFN9LwEMX5f69RqWmM8dQ=
-28,-10,JauEWbASJT15QOgt4Erl3YBqoDw=,7Ha4BnUFN9LwEMX5f69RqWmM8dQ=
-31,-15,JauEWbASJT15QOgt4Erl3YBqoDw=,7Ha4BnUFN9LwEMX5f69RqWmM8dQ=
-23,-15,JauEWbASJT15QOgt4Erl3YBqoDw=,j2UbMYFBUpTuUEjVgtBwdleSGf8=
-27,-11,JauEWbASJT15QOgt4Erl3YBqoDw=,7Ha4BnUFN9LwEMX5f69RqWmM8dQ=
-29,-10,JauEWbASJT15QOgt4Erl3YBqoDw=,7Ha4BnUFN9LwEMX5f69RqWmM8dQ=
-28,-16,JauEWbASJT15QOgt4Erl3YBqoDw=,7Ha4BnUFN9LwEMX5f69RqWmM8dQ=
-27,-10,JauEWbASJT15QOgt4Erl3YBqoDw=,7Ha4BnUFN9LwEMX5f69RqWmM8dQ=
-25,-12,JauEWbASJT15QOgt4Erl3YBqoDw=,7Ha4BnUFN9LwEMX5f69RqWmM8dQ=
-22,-6,JauEWbASJT15QOgt4Erl3YBqoDw=,x1DPgtRj6reW7Nu/R74fHwCZUMs=
-22,-8,JauEWbASJT15QOgt4Erl3YBqoDw=,x1DPgtRj6reW7Nu/R74fHwCZUMs=
-23,-8,JauEWbASJT15QOgt4Erl3YBqoDw=,x1DPgtRj6reW7Nu/R74fHwCZUMs=
-24,-15,JauEWbASJT15QOgt4Erl3YBqoDw=,j2UbMYFBUpTuUEjVgtBwdleSGf8=
-26,-11,JauEWbASJT15QOgt4Erl3YBqoDw=,7Ha4BnUFN9LwEMX5f69RqWmM8dQ=
-29,-11,JauEWbASJT15QOgt4Erl3YBqoDw=,7Ha4BnUFN9LwEMX5f69RqWmM8dQ=
-30,-10,JauEWbASJT15QOgt4Erl3YBqoDw=,7Ha4BnUFN9LwEMX5f69RqWmM8dQ=
-28,-11,JauEWbASJT15QOgt4Erl3YBqoDw=,7Ha4BnUFN9LwEMX5f69RqWmM8dQ=
-29,-16,JauEWbASJT15QOgt4Erl3YBqoDw=,7Ha4BnUFN9LwEMX5f69RqWmM8dQ=
-24,-9,JauEWbASJT15QOgt4Erl3YBqoDw=,j2UbMYFBUpTuUEjVgtBwdleSGf8=
-22,-10,JauEWbASJT15QOgt4Erl3YBqoDw=,j2UbMYFBUpTuUEjVgtBwdleSGf8=
-26,-12,JauEWbASJT15QOgt4Erl3YBqoDw=,7Ha4BnUFN9LwEMX5f69RqWmM8dQ=
-31,-11,JauEWbASJT15QOgt4Erl3YBqoDw=,7Ha4BnUFN9LwEMX5f69RqWmM8dQ=
-28,-12,JauEWbASJT15QOgt4Erl3YBqoDw=,7Ha4BnUFN9LwEMX5f69RqWmM8dQ=
-32,-11,JauEWbASJT15QOgt4Erl3YBqoDw=,7Ha4BnUFN9LwEMX5f69RqWmM8dQ=
-32,-12,JauEWbASJT15QOgt4Erl3YBqoDw=,7Ha4BnUFN9LwEMX5f69RqWmM8dQ=
-22,-13,JauEWbASJT15QOgt4Erl3YBqoDw=,j2UbMYFBUpTuUEjVgtBwdleSGf8=
-30,-16,JauEWbASJT15QOgt4Erl3YBqoDw=,7Ha4BnUFN9LwEMX5f69RqWmM8dQ=
-32,-16,JauEWbASJT15QOgt4Erl3YBqoDw=,7Ha4BnUFN9LwEMX5f69RqWmM8dQ=
-30,-11,JauEWbASJT15QOgt4Erl3YBqoDw=,7Ha4BnUFN9LwEMX5f69RqWmM8dQ=
-25,-14,JauEWbASJT15QOgt4Erl3YBqoDw=,7Ha4BnUFN9LwEMX5f69RqWmM8dQ=
-23,-3,JauEWbASJT15QOgt4Erl3YBqoDw=,x1DPgtRj6reW7Nu/R74fHwCZUMs=
-26,-14,JauEWbASJT15QOgt4Erl3YBqoDw=,7Ha4BnUFN9LwEMX5f69RqWmM8dQ=
-24,-1,JauEWbASJT15QOgt4Erl3YBqoDw=,x1DPgtRj6reW7Nu/R74fHwCZUMs=
-24,-8,JauEWbASJT15QOgt4Erl3YBqoDw=,x1DPgtRj6reW7Nu/R74fHwCZUMs=
-30,-12,JauEWbASJT15QOgt4Erl3YBqoDw=,7Ha4BnUFN9LwEMX5f69RqWmM8dQ=
-17,-1,JauEWbASJT15QOgt4Erl3YBqoDw=,x1DPgtRj6reW7Nu/R74fHwCZUMs=
-24,-3,JauEWbASJT15QOgt4Erl3YBqoDw=,x1DPgtRj6reW7Nu/R74fHwCZUMs=
-18,-2,JauEWbASJT15QOgt4Erl3YBqoDw=,x1DPgtRj6reW7Nu/R74fHwCZUMs=
-19,-2,JauEWbASJT15QOgt4Erl3YBqoDw=,x1DPgtRj6reW7Nu/R74fHwCZUMs=
-26,-2,JauEWbASJT15QOgt4Erl3YBqoDw=,XPppiL2kEPNQf/gOGceEn+prKOA=
-31,-16,JauEWbASJT15QOgt4Erl3YBqoDw=,7Ha4BnUFN9LwEMX5f69RqWmM8dQ=
-19,-1,JauEWbASJT15QOgt4Erl3YBqoDw=,x1DPgtRj6reW7Nu/R74fHwCZUMs=
-20,-2,JauEWbASJT15QOgt4Erl3YBqoDw=,x1DPgtRj6reW7Nu/R74fHwCZUMs=
-17,-3,JauEWbASJT15QOgt4Erl3YBqoDw=,x1DPgtRj6reW7Nu/R74fHwCZUMs=
-31,-12,JauEWbASJT15QOgt4Erl3YBqoDw=,7Ha4BnUFN9LwEMX5f69RqWmM8dQ=
-18,-3,JauEWbASJT15QOgt4Erl3YBqoDw=,x1DPgtRj6reW7Nu/R74fHwCZUMs=
-27,-12,JauEWbASJT15QOgt4Erl3YBqoDw=,7Ha4BnUFN9LwEMX5f69RqWmM8dQ=
-19,-3,JauEWbASJT15QOgt4Erl3YBqoDw=,x1DPgtRj6reW7Nu/R74fHwCZUMs=
-20,-3,JauEWbASJT15QOgt4Erl3YBqoDw=,x1DPgtRj6reW7Nu/R74fHwCZUMs=
-24,-2,JauEWbASJT15QOgt4Erl3YBqoDw=,x1DPgtRj6reW7Nu/R74fHwCZUMs=
-21,-3,JauEWbASJT15QOgt4Erl3YBqoDw=,x1DPgtRj6reW7Nu/R74fHwCZUMs=
-25,-1,JauEWbASJT15QOgt4Erl3YBqoDw=,XPppiL2kEPNQf/gOGceEn+prKOA=
-22,-3,JauEWbASJT15QOgt4Erl3YBqoDw=,x1DPgtRj6reW7Nu/R74fHwCZUMs=
-26,-1,JauEWbASJT15QOgt4Erl3YBqoDw=,XPppiL2kEPNQf/gOGceEn+prKOA=
-25,-2,JauEWbASJT15QOgt4Erl3YBqoDw=,XPppiL2kEPNQf/gOGceEn+prKOA=
-29,-12,JauEWbASJT15QOgt4Erl3YBqoDw=,7Ha4BnUFN9LwEMX5f69RqWmM8dQ=
-27,-2,JauEWbASJT15QOgt4Erl3YBqoDw=,XPppiL2kEPNQf/gOGceEn+prKOA=
-23,-1,JauEWbASJT15QOgt4Erl3YBqoDw=,x1DPgtRj6reW7Nu/R74fHwCZUMs=
-21,-2,JauEWbASJT15QOgt4Erl3YBqoDw=,x1DPgtRj6reW7Nu/R74fHwCZUMs=
-22,-2,JauEWbASJT15QOgt4Erl3YBqoDw=,x1DPgtRj6reW7Nu/R74fHwCZUMs=
-18,-1,JauEWbASJT15QOgt4Erl3YBqoDw=,x1DPgtRj6reW7Nu/R74fHwCZUMs=
-21,-1,JauEWbASJT15QOgt4Erl3YBqoDw=,x1DPgtRj6reW7Nu/R74fHwCZUMs=
-27,-1,JauEWbASJT15QOgt4Erl3YBqoDw=,XPppiL2kEPNQf/gOGceEn+prKOA=
-17,-2,JauEWbASJT15QOgt4Erl3YBqoDw=,x1DPgtRj6reW7Nu/R74fHwCZUMs=
-22,-1,JauEWbASJT15QOgt4Erl3YBqoDw=,x1DPgtRj6reW7Nu/R74fHwCZUMs=
-23,-2,JauEWbASJT15QOgt4Erl3YBqoDw=,x1DPgtRj6reW7Nu/R74fHwCZUMs=
-26,-3,JauEWbASJT15QOgt4Erl3YBqoDw=,XPppiL2kEPNQf/gOGceEn+prKOA=
-20,-1,JauEWbASJT15QOgt4Erl3YBqoDw=,x1DPgtRj6reW7Nu/R74fHwCZUMs=
-27,-3,JauEWbASJT15QOgt4Erl3YBqoDw=,XPppiL2kEPNQf/gOGceEn+prKOA=
-25,-3,JauEWbASJT15QOgt4Erl3YBqoDw=,XPppiL2kEPNQf/gOGceEn+prKOA=
