4,12,9IuSJeqYA2MF7IhbXJgdtoedNDY=,2EmqGHWanK7af3q+VxFPwswNexc=
3,12,9IuSJeqYA2MF7IhbXJgdtoedNDY=,2EmqGHWanK7af3q+VxFPwswNexc=
4,11,9IuSJeqYA2MF7IhbXJgdtoedNDY=,2EmqGHWanK7af3q+VxFPwswNexc=
3,11,9IuSJeqYA2MF7IhbXJgdtoedNDY=,2EmqGHWanK7af3q+VxFPwswNexc=
8,12,9IuSJeqYA2MF7IhbXJgdtoedNDY=,2EmqGHWanK7af3q+VxFPwswNexc=
9,12,9IuSJeqYA2MF7IhbXJgdtoedNDY=,2EmqGHWanK7af3q+VxFPwswNexc=
10,12,9IuSJeqYA2MF7IhbXJgdtoedNDY=,2EmqGHWanK7af3q+VxFPwswNexc=
7,12,9IuSJeqYA2MF7IhbXJgdtoedNDY=,2EmqGHWanK7af3q+VxFPwswNexc=
6,12,9IuSJeqYA2MF7IhbXJgdtoedNDY=,2EmqGHWanK7af3q+VxFPwswNexc=
5,12,9IuSJeqYA2MF7IhbXJgdtoedNDY=,2EmqGHWanK7af3q+VxFPwswNexc=
12,11,E0kjK9kHaha0HeHsYO3SqlnbSkM=,2EmqGHWanK7af3q+VxFPwswNexc=
7,11,9IuSJeqYA2MF7IhbXJgdtoedNDY=,2EmqGHWanK7af3q+VxFPwswNexc=
6,11,9IuSJeqYA2MF7IhbXJgdtoedNDY=,2EmqGHWanK7af3q+VxFPwswNexc=
5,11,9IuSJeqYA2MF7IhbXJgdtoedNDY=,2EmqGHWanK7af3q+VxFPwswNexc=
11,11,E0kjK9kHaha0HeHsYO3SqlnbSkM=,2EmqGHWanK7af3q+VxFPwswNexc=
10,11,9IuSJeqYA2MF7IhbXJgdtoedNDY=,2EmqGHWanK7af3q+VxFPwswNexc=
12,12,E0kjK9kHaha0HeHsYO3SqlnbSkM=,2EmqGHWanK7af3q+VxFPwswNexc=
9,11,9IuSJeqYA2MF7IhbXJgdtoedNDY=,2EmqGHWanK7af3q+VxFPwswNexc=
8,11,9IuSJeqYA2MF7IhbXJgdtoedNDY=,2EmqGHWanK7af3q+VxFPwswNexc=
11,12,E0kjK9kHaha0HeHsYO3SqlnbSkM=,2EmqGHWanK7af3q+VxFPwswNexc=
13,12,FKTNWjhGJmSf3e+gbCI9CIBWNks=,2EmqGHWanK7af3q+VxFPwswNexc=
14,11,FKTNWjhGJmSf3e+gbCI9CIBWNks=,2EmqGHWanK7af3q+VxFPwswNexc=
13,11,FKTNWjhGJmSf3e+gbCI9CIBWNks=,2EmqGHWanK7af3q+VxFPwswNexc=
14,12,FKTNWjhGJmSf3e+gbCI9CIBWNks=,2EmqGHWanK7af3q+VxFPwswNexc=
15,12,FKTNWjhGJmSf3e+gbCI9CIBWNks=,2EmqGHWanK7af3q+VxFPwswNexc=
15,11,FKTNWjhGJmSf3e+gbCI9CIBWNks=,2EmqGHWanK7af3q+VxFPwswNexc=
3,15,5P0NbcPhCNQL5vkj+L90d8Y30ok=,2EmqGHWanK7af3q+VxFPwswNexc=
4,15,5P0NbcPhCNQL5vkj+L90d8Y30ok=,2EmqGHWanK7af3q+VxFPwswNexc=
4,14,5P0NbcPhCNQL5vkj+L90d8Y30ok=,2EmqGHWanK7af3q+VxFPwswNexc=
3,14,5P0NbcPhCNQL5vkj+L90d8Y30ok=,2EmqGHWanK7af3q+VxFPwswNexc=
4,13,5P0NbcPhCNQL5vkj+L90d8Y30ok=,2EmqGHWanK7af3q+VxFPwswNexc=
3,13,5P0NbcPhCNQL5vkj+L90d8Y30ok=,2EmqGHWanK7af3q+VxFPwswNexc=
0,11,9IuSJeqYA2MF7IhbXJgdtoedNDY=,2EmqGHWanK7af3q+VxFPwswNexc=
1,12,9IuSJeqYA2MF7IhbXJgdtoedNDY=,2EmqGHWanK7af3q+VxFPwswNexc=
2,12,9IuSJeqYA2MF7IhbXJgdtoedNDY=,2EmqGHWanK7af3q+VxFPwswNexc=
2,11,9IuSJeqYA2MF7IhbXJgdtoedNDY=,2EmqGHWanK7af3q+VxFPwswNexc=
1,11,9IuSJeqYA2MF7IhbXJgdtoedNDY=,2EmqGHWanK7af3q+VxFPwswNexc=
0,12,9IuSJeqYA2MF7IhbXJgdtoedNDY=,2EmqGHWanK7af3q+VxFPwswNexc=
0,15,5P0NbcPhCNQL5vkj+L90d8Y30ok=,2EmqGHWanK7af3q+VxFPwswNexc=
1,14,5P0NbcPhCNQL5vkj+L90d8Y30ok=,2EmqGHWanK7af3q+VxFPwswNexc=
2,14,5P0NbcPhCNQL5vkj+L90d8Y30ok=,2EmqGHWanK7af3q+VxFPwswNexc=
2,13,5P0NbcPhCNQL5vkj+L90d8Y30ok=,2EmqGHWanK7af3q+VxFPwswNexc=
1,13,5P0NbcPhCNQL5vkj+L90d8Y30ok=,2EmqGHWanK7af3q+VxFPwswNexc=
0,14,5P0NbcPhCNQL5vkj+L90d8Y30ok=,2EmqGHWanK7af3q+VxFPwswNexc=
2,15,5P0NbcPhCNQL5vkj+L90d8Y30ok=,2EmqGHWanK7af3q+VxFPwswNexc=
1,15,5P0NbcPhCNQL5vkj+L90d8Y30ok=,2EmqGHWanK7af3q+VxFPwswNexc=
0,13,5P0NbcPhCNQL5vkj+L90d8Y30ok=,2EmqGHWanK7af3q+VxFPwswNexc=
6,15,5P0NbcPhCNQL5vkj+L90d8Y30ok=,2EmqGHWanK7af3q+VxFPwswNexc=
7,14,5P0NbcPhCNQL5vkj+L90d8Y30ok=,2EmqGHWanK7af3q+VxFPwswNexc=
12,15,a9CHmKwZX0p8KeUD5Y27dXa9aG8=,2EmqGHWanK7af3q+VxFPwswNexc=
6,14,5P0NbcPhCNQL5vkj+L90d8Y30ok=,2EmqGHWanK7af3q+VxFPwswNexc=
12,13,a9CHmKwZX0p8KeUD5Y27dXa9aG8=,2EmqGHWanK7af3q+VxFPwswNexc=
7,13,5P0NbcPhCNQL5vkj+L90d8Y30ok=,2EmqGHWanK7af3q+VxFPwswNexc=
6,13,5P0NbcPhCNQL5vkj+L90d8Y30ok=,2EmqGHWanK7af3q+VxFPwswNexc=
5,14,5P0NbcPhCNQL5vkj+L90d8Y30ok=,2EmqGHWanK7af3q+VxFPwswNexc=
11,13,a9CHmKwZX0p8KeUD5Y27dXa9aG8=,2EmqGHWanK7af3q+VxFPwswNexc=
10,13,5P0NbcPhCNQL5vkj+L90d8Y30ok=,2EmqGHWanK7af3q+VxFPwswNexc=
9,13,5P0NbcPhCNQL5vkj+L90d8Y30ok=,2EmqGHWanK7af3q+VxFPwswNexc=
8,13,5P0NbcPhCNQL5vkj+L90d8Y30ok=,2EmqGHWanK7af3q+VxFPwswNexc=
5,13,5P0NbcPhCNQL5vkj+L90d8Y30ok=,2EmqGHWanK7af3q+VxFPwswNexc=
8,15,5P0NbcPhCNQL5vkj+L90d8Y30ok=,2EmqGHWanK7af3q+VxFPwswNexc=
11,15,a9CHmKwZX0p8KeUD5Y27dXa9aG8=,2EmqGHWanK7af3q+VxFPwswNexc=
9,15,5P0NbcPhCNQL5vkj+L90d8Y30ok=,2EmqGHWanK7af3q+VxFPwswNexc=
10,15,5P0NbcPhCNQL5vkj+L90d8Y30ok=,2EmqGHWanK7af3q+VxFPwswNexc=
13,14,5P0NbcPhCNQL5vkj+L90d8Y30ok=,2EmqGHWanK7af3q+VxFPwswNexc=
15,14,5P0NbcPhCNQL5vkj+L90d8Y30ok=,2EmqGHWanK7af3q+VxFPwswNexc=
14,14,5P0NbcPhCNQL5vkj+L90d8Y30ok=,2EmqGHWanK7af3q+VxFPwswNexc=
12,14,a9CHmKwZX0p8KeUD5Y27dXa9aG8=,2EmqGHWanK7af3q+VxFPwswNexc=
11,14,a9CHmKwZX0p8KeUD5Y27dXa9aG8=,2EmqGHWanK7af3q+VxFPwswNexc=
10,14,5P0NbcPhCNQL5vkj+L90d8Y30ok=,2EmqGHWanK7af3q+VxFPwswNexc=
5,15,5P0NbcPhCNQL5vkj+L90d8Y30ok=,2EmqGHWanK7af3q+VxFPwswNexc=
9,14,5P0NbcPhCNQL5vkj+L90d8Y30ok=,2EmqGHWanK7af3q+VxFPwswNexc=
15,15,5P0NbcPhCNQL5vkj+L90d8Y30ok=,2EmqGHWanK7af3q+VxFPwswNexc=
8,14,5P0NbcPhCNQL5vkj+L90d8Y30ok=,2EmqGHWanK7af3q+VxFPwswNexc=
15,13,5P0NbcPhCNQL5vkj+L90d8Y30ok=,2EmqGHWanK7af3q+VxFPwswNexc=
14,13,5P0NbcPhCNQL5vkj+L90d8Y30ok=,2EmqGHWanK7af3q+VxFPwswNexc=
13,13,5P0NbcPhCNQL5vkj+L90d8Y30ok=,2EmqGHWanK7af3q+VxFPwswNexc=
7,15,5P0NbcPhCNQL5vkj+L90d8Y30ok=,2EmqGHWanK7af3q+VxFPwswNexc=
13,15,5P0NbcPhCNQL5vkj+L90d8Y30ok=,2EmqGHWanK7af3q+VxFPwswNexc=
14,15,5P0NbcPhCNQL5vkj+L90d8Y30ok=,2EmqGHWanK7af3q+VxFPwswNexc=
4,4,WPCdtccE1o+BAeBlSkvUv6mW93g=,2EmqGHWanK7af3q+VxFPwswNexc=
3,4,WPCdtccE1o+BAeBlSkvUv6mW93g=,2EmqGHWanK7af3q+VxFPwswNexc=
4,8,WPCdtccE1o+BAeBlSkvUv6mW93g=,2EmqGHWanK7af3q+VxFPwswNexc=
4,0,WPCdtccE1o+BAeBlSkvUv6mW93g=,2EmqGHWanK7af3q+VxFPwswNexc=
4,5,WPCdtccE1o+BAeBlSkvUv6mW93g=,2EmqGHWanK7af3q+VxFPwswNexc=
2,4,WPCdtccE1o+BAeBlSkvUv6mW93g=,2EmqGHWanK7af3q+VxFPwswNexc=
3,3,WPCdtccE1o+BAeBlSkvUv6mW93g=,2EmqGHWanK7af3q+VxFPwswNexc=
4,10,WPCdtccE1o+BAeBlSkvUv6mW93g=,2EmqGHWanK7af3q+VxFPwswNexc=
1,1,WPCdtccE1o+BAeBlSkvUv6mW93g=,2EmqGHWanK7af3q+VxFPwswNexc=
1,3,WPCdtccE1o+BAeBlSkvUv6mW93g=,2EmqGHWanK7af3q+VxFPwswNexc=
3,8,WPCdtccE1o+BAeBlSkvUv6mW93g=,2EmqGHWanK7af3q+VxFPwswNexc=
2,5,WPCdtccE1o+BAeBlSkvUv6mW93g=,2EmqGHWanK7af3q+VxFPwswNexc=
3,10,WPCdtccE1o+BAeBlSkvUv6mW93g=,2EmqGHWanK7af3q+VxFPwswNexc=
2,10,WPCdtccE1o+BAeBlSkvUv6mW93g=,2EmqGHWanK7af3q+VxFPwswNexc=
1,10,WPCdtccE1o+BAeBlSkvUv6mW93g=,2EmqGHWanK7af3q+VxFPwswNexc=
3,1,WPCdtccE1o+BAeBlSkvUv6mW93g=,2EmqGHWanK7af3q+VxFPwswNexc=
4,2,WPCdtccE1o+BAeBlSkvUv6mW93g=,2EmqGHWanK7af3q+VxFPwswNexc=
3,2,WPCdtccE1o+BAeBlSkvUv6mW93g=,2EmqGHWanK7af3q+VxFPwswNexc=
0,10,WPCdtccE1o+BAeBlSkvUv6mW93g=,2EmqGHWanK7af3q+VxFPwswNexc=
4,6,WPCdtccE1o+BAeBlSkvUv6mW93g=,2EmqGHWanK7af3q+VxFPwswNexc=
4,7,WPCdtccE1o+BAeBlSkvUv6mW93g=,2EmqGHWanK7af3q+VxFPwswNexc=
1,9,WPCdtccE1o+BAeBlSkvUv6mW93g=,2EmqGHWanK7af3q+VxFPwswNexc=
0,9,WPCdtccE1o+BAeBlSkvUv6mW93g=,2EmqGHWanK7af3q+VxFPwswNexc=
3,5,WPCdtccE1o+BAeBlSkvUv6mW93g=,2EmqGHWanK7af3q+VxFPwswNexc=
2,6,WPCdtccE1o+BAeBlSkvUv6mW93g=,2EmqGHWanK7af3q+VxFPwswNexc=
3,7,WPCdtccE1o+BAeBlSkvUv6mW93g=,2EmqGHWanK7af3q+VxFPwswNexc=
2,7,WPCdtccE1o+BAeBlSkvUv6mW93g=,2EmqGHWanK7af3q+VxFPwswNexc=
4,9,WPCdtccE1o+BAeBlSkvUv6mW93g=,2EmqGHWanK7af3q+VxFPwswNexc=
0,8,WPCdtccE1o+BAeBlSkvUv6mW93g=,2EmqGHWanK7af3q+VxFPwswNexc=
0,4,WPCdtccE1o+BAeBlSkvUv6mW93g=,2EmqGHWanK7af3q+VxFPwswNexc=
1,8,WPCdtccE1o+BAeBlSkvUv6mW93g=,2EmqGHWanK7af3q+VxFPwswNexc=
1,5,WPCdtccE1o+BAeBlSkvUv6mW93g=,2EmqGHWanK7af3q+VxFPwswNexc=
1,4,WPCdtccE1o+BAeBlSkvUv6mW93g=,2EmqGHWanK7af3q+VxFPwswNexc=
3,6,WPCdtccE1o+BAeBlSkvUv6mW93g=,2EmqGHWanK7af3q+VxFPwswNexc=
1,6,WPCdtccE1o+BAeBlSkvUv6mW93g=,2EmqGHWanK7af3q+VxFPwswNexc=
4,3,WPCdtccE1o+BAeBlSkvUv6mW93g=,2EmqGHWanK7af3q+VxFPwswNexc=
1,7,WPCdtccE1o+BAeBlSkvUv6mW93g=,2EmqGHWanK7af3q+VxFPwswNexc=
0,6,WPCdtccE1o+BAeBlSkvUv6mW93g=,2EmqGHWanK7af3q+VxFPwswNexc=
3,9,WPCdtccE1o+BAeBlSkvUv6mW93g=,2EmqGHWanK7af3q+VxFPwswNexc=
2,9,WPCdtccE1o+BAeBlSkvUv6mW93g=,2EmqGHWanK7af3q+VxFPwswNexc=
0,5,WPCdtccE1o+BAeBlSkvUv6mW93g=,2EmqGHWanK7af3q+VxFPwswNexc=
0,3,WPCdtccE1o+BAeBlSkvUv6mW93g=,2EmqGHWanK7af3q+VxFPwswNexc=
0,7,WPCdtccE1o+BAeBlSkvUv6mW93g=,2EmqGHWanK7af3q+VxFPwswNexc=
0,2,WPCdtccE1o+BAeBlSkvUv6mW93g=,2EmqGHWanK7af3q+VxFPwswNexc=
4,1,WPCdtccE1o+BAeBlSkvUv6mW93g=,2EmqGHWanK7af3q+VxFPwswNexc=
2,1,WPCdtccE1o+BAeBlSkvUv6mW93g=,2EmqGHWanK7af3q+VxFPwswNexc=
2,2,WPCdtccE1o+BAeBlSkvUv6mW93g=,2EmqGHWanK7af3q+VxFPwswNexc=
1,2,WPCdtccE1o+BAeBlSkvUv6mW93g=,2EmqGHWanK7af3q+VxFPwswNexc=
0,1,WPCdtccE1o+BAeBlSkvUv6mW93g=,2EmqGHWanK7af3q+VxFPwswNexc=
3,0,WPCdtccE1o+BAeBlSkvUv6mW93g=,2EmqGHWanK7af3q+VxFPwswNexc=
2,3,WPCdtccE1o+BAeBlSkvUv6mW93g=,2EmqGHWanK7af3q+VxFPwswNexc=
1,0,WPCdtccE1o+BAeBlSkvUv6mW93g=,2EmqGHWanK7af3q+VxFPwswNexc=
0,0,WPCdtccE1o+BAeBlSkvUv6mW93g=,2EmqGHWanK7af3q+VxFPwswNexc=
2,0,WPCdtccE1o+BAeBlSkvUv6mW93g=,2EmqGHWanK7af3q+VxFPwswNexc=
2,8,WPCdtccE1o+BAeBlSkvUv6mW93g=,2EmqGHWanK7af3q+VxFPwswNexc=
15,9,WPCdtccE1o+BAeBlSkvUv6mW93g=,2EmqGHWanK7af3q+VxFPwswNexc=
15,7,WPCdtccE1o+BAeBlSkvUv6mW93g=,2EmqGHWanK7af3q+VxFPwswNexc=
14,9,WPCdtccE1o+BAeBlSkvUv6mW93g=,2EmqGHWanK7af3q+VxFPwswNexc=
15,3,WPCdtccE1o+BAeBlSkvUv6mW93g=,2EmqGHWanK7af3q+VxFPwswNexc=
14,8,WPCdtccE1o+BAeBlSkvUv6mW93g=,2EmqGHWanK7af3q+VxFPwswNexc=
15,8,WPCdtccE1o+BAeBlSkvUv6mW93g=,2EmqGHWanK7af3q+VxFPwswNexc=
15,5,WPCdtccE1o+BAeBlSkvUv6mW93g=,2EmqGHWanK7af3q+VxFPwswNexc=
14,1,WPCdtccE1o+BAeBlSkvUv6mW93g=,2EmqGHWanK7af3q+VxFPwswNexc=
12,3,WPCdtccE1o+BAeBlSkvUv6mW93g=,2EmqGHWanK7af3q+VxFPwswNexc=
14,5,WPCdtccE1o+BAeBlSkvUv6mW93g=,2EmqGHWanK7af3q+VxFPwswNexc=
6,8,WPCdtccE1o+BAeBlSkvUv6mW93g=,2EmqGHWanK7af3q+VxFPwswNexc=
13,8,WPCdtccE1o+BAeBlSkvUv6mW93g=,2EmqGHWanK7af3q+VxFPwswNexc=
12,7,WPCdtccE1o+BAeBlSkvUv6mW93g=,2EmqGHWanK7af3q+VxFPwswNexc=
12,8,WPCdtccE1o+BAeBlSkvUv6mW93g=,2EmqGHWanK7af3q+VxFPwswNexc=
5,4,WPCdtccE1o+BAeBlSkvUv6mW93g=,2EmqGHWanK7af3q+VxFPwswNexc=
10,5,WPCdtccE1o+BAeBlSkvUv6mW93g=,2EmqGHWanK7af3q+VxFPwswNexc=
6,5,WPCdtccE1o+BAeBlSkvUv6mW93g=,2EmqGHWanK7af3q+VxFPwswNexc=
15,1,WPCdtccE1o+BAeBlSkvUv6mW93g=,2EmqGHWanK7af3q+VxFPwswNexc=
13,5,WPCdtccE1o+BAeBlSkvUv6mW93g=,2EmqGHWanK7af3q+VxFPwswNexc=
12,5,WPCdtccE1o+BAeBlSkvUv6mW93g=,2EmqGHWanK7af3q+VxFPwswNexc=
7,3,WPCdtccE1o+BAeBlSkvUv6mW93g=,2EmqGHWanK7af3q+VxFPwswNexc=
13,1,WPCdtccE1o+BAeBlSkvUv6mW93g=,2EmqGHWanK7af3q+VxFPwswNexc=
13,7,WPCdtccE1o+BAeBlSkvUv6mW93g=,2EmqGHWanK7af3q+VxFPwswNexc=
11,7,WPCdtccE1o+BAeBlSkvUv6mW93g=,2EmqGHWanK7af3q+VxFPwswNexc=
11,8,WPCdtccE1o+BAeBlSkvUv6mW93g=,2EmqGHWanK7af3q+VxFPwswNexc=
11,5,WPCdtccE1o+BAeBlSkvUv6mW93g=,2EmqGHWanK7af3q+VxFPwswNexc=
10,8,WPCdtccE1o+BAeBlSkvUv6mW93g=,2EmqGHWanK7af3q+VxFPwswNexc=
13,9,WPCdtccE1o+BAeBlSkvUv6mW93g=,2EmqGHWanK7af3q+VxFPwswNexc=
12,9,WPCdtccE1o+BAeBlSkvUv6mW93g=,2EmqGHWanK7af3q+VxFPwswNexc=
5,3,WPCdtccE1o+BAeBlSkvUv6mW93g=,2EmqGHWanK7af3q+VxFPwswNexc=
10,1,WPCdtccE1o+BAeBlSkvUv6mW93g=,2EmqGHWanK7af3q+VxFPwswNexc=
5,0,WPCdtccE1o+BAeBlSkvUv6mW93g=,2EmqGHWanK7af3q+VxFPwswNexc=
7,4,WPCdtccE1o+BAeBlSkvUv6mW93g=,2EmqGHWanK7af3q+VxFPwswNexc=
7,8,WPCdtccE1o+BAeBlSkvUv6mW93g=,2EmqGHWanK7af3q+VxFPwswNexc=
9,5,WPCdtccE1o+BAeBlSkvUv6mW93g=,2EmqGHWanK7af3q+VxFPwswNexc=
5,8,WPCdtccE1o+BAeBlSkvUv6mW93g=,2EmqGHWanK7af3q+VxFPwswNexc=
6,4,WPCdtccE1o+BAeBlSkvUv6mW93g=,2EmqGHWanK7af3q+VxFPwswNexc=
6,0,WPCdtccE1o+BAeBlSkvUv6mW93g=,2EmqGHWanK7af3q+VxFPwswNexc=
10,3,WPCdtccE1o+BAeBlSkvUv6mW93g=,2EmqGHWanK7af3q+VxFPwswNexc=
8,5,WPCdtccE1o+BAeBlSkvUv6mW93g=,2EmqGHWanK7af3q+VxFPwswNexc=
7,6,WPCdtccE1o+BAeBlSkvUv6mW93g=,2EmqGHWanK7af3q+VxFPwswNexc=
15,6,WPCdtccE1o+BAeBlSkvUv6mW93g=,2EmqGHWanK7af3q+VxFPwswNexc=
7,0,WPCdtccE1o+BAeBlSkvUv6mW93g=,2EmqGHWanK7af3q+VxFPwswNexc=
10,7,WPCdtccE1o+BAeBlSkvUv6mW93g=,2EmqGHWanK7af3q+VxFPwswNexc=
9,8,WPCdtccE1o+BAeBlSkvUv6mW93g=,2EmqGHWanK7af3q+VxFPwswNexc=
7,10,WPCdtccE1o+BAeBlSkvUv6mW93g=,2EmqGHWanK7af3q+VxFPwswNexc=
6,10,WPCdtccE1o+BAeBlSkvUv6mW93g=,2EmqGHWanK7af3q+VxFPwswNexc=
11,9,WPCdtccE1o+BAeBlSkvUv6mW93g=,2EmqGHWanK7af3q+VxFPwswNexc=
5,10,WPCdtccE1o+BAeBlSkvUv6mW93g=,2EmqGHWanK7af3q+VxFPwswNexc=
10,9,WPCdtccE1o+BAeBlSkvUv6mW93g=,2EmqGHWanK7af3q+VxFPwswNexc=
9,7,WPCdtccE1o+BAeBlSkvUv6mW93g=,2EmqGHWanK7af3q+VxFPwswNexc=
11,3,WPCdtccE1o+BAeBlSkvUv6mW93g=,2EmqGHWanK7af3q+VxFPwswNexc=
13,3,WPCdtccE1o+BAeBlSkvUv6mW93g=,2EmqGHWanK7af3q+VxFPwswNexc=
14,3,WPCdtccE1o+BAeBlSkvUv6mW93g=,2EmqGHWanK7af3q+VxFPwswNexc=
8,2,WPCdtccE1o+BAeBlSkvUv6mW93g=,2EmqGHWanK7af3q+VxFPwswNexc=
7,5,WPCdtccE1o+BAeBlSkvUv6mW93g=,2EmqGHWanK7af3q+VxFPwswNexc=
6,3,WPCdtccE1o+BAeBlSkvUv6mW93g=,2EmqGHWanK7af3q+VxFPwswNexc=
14,6,WPCdtccE1o+BAeBlSkvUv6mW93g=,2EmqGHWanK7af3q+VxFPwswNexc=
8,8,WPCdtccE1o+BAeBlSkvUv6mW93g=,2EmqGHWanK7af3q+VxFPwswNexc=
7,7,WPCdtccE1o+BAeBlSkvUv6mW93g=,2EmqGHWanK7af3q+VxFPwswNexc=
11,1,WPCdtccE1o+BAeBlSkvUv6mW93g=,2EmqGHWanK7af3q+VxFPwswNexc=
9,3,WPCdtccE1o+BAeBlSkvUv6mW93g=,2EmqGHWanK7af3q+VxFPwswNexc=
8,3,WPCdtccE1o+BAeBlSkvUv6mW93g=,2EmqGHWanK7af3q+VxFPwswNexc=
7,2,WPCdtccE1o+BAeBlSkvUv6mW93g=,2EmqGHWanK7af3q+VxFPwswNexc=
15,2,WPCdtccE1o+BAeBlSkvUv6mW93g=,2EmqGHWanK7af3q+VxFPwswNexc=
8,7,WPCdtccE1o+BAeBlSkvUv6mW93g=,2EmqGHWanK7af3q+VxFPwswNexc=
12,1,WPCdtccE1o+BAeBlSkvUv6mW93g=,2EmqGHWanK7af3q+VxFPwswNexc=
14,7,WPCdtccE1o+BAeBlSkvUv6mW93g=,2EmqGHWanK7af3q+VxFPwswNexc=
5,5,WPCdtccE1o+BAeBlSkvUv6mW93g=,2EmqGHWanK7af3q+VxFPwswNexc=
6,1,WPCdtccE1o+BAeBlSkvUv6mW93g=,2EmqGHWanK7af3q+VxFPwswNexc=
9,1,WPCdtccE1o+BAeBlSkvUv6mW93g=,2EmqGHWanK7af3q+VxFPwswNexc=
14,2,WPCdtccE1o+BAeBlSkvUv6mW93g=,2EmqGHWanK7af3q+VxFPwswNexc=
12,2,WPCdtccE1o+BAeBlSkvUv6mW93g=,2EmqGHWanK7af3q+VxFPwswNexc=
6,2,WPCdtccE1o+BAeBlSkvUv6mW93g=,2EmqGHWanK7af3q+VxFPwswNexc=
14,0,WPCdtccE1o+BAeBlSkvUv6mW93g=,2EmqGHWanK7af3q+VxFPwswNexc=
15,4,WPCdtccE1o+BAeBlSkvUv6mW93g=,2EmqGHWanK7af3q+VxFPwswNexc=
12,6,WPCdtccE1o+BAeBlSkvUv6mW93g=,2EmqGHWanK7af3q+VxFPwswNexc=
9,2,WPCdtccE1o+BAeBlSkvUv6mW93g=,2EmqGHWanK7af3q+VxFPwswNexc=
12,0,WPCdtccE1o+BAeBlSkvUv6mW93g=,2EmqGHWanK7af3q+VxFPwswNexc=
10,2,WPCdtccE1o+BAeBlSkvUv6mW93g=,2EmqGHWanK7af3q+VxFPwswNexc=
15,0,WPCdtccE1o+BAeBlSkvUv6mW93g=,2EmqGHWanK7af3q+VxFPwswNexc=
13,6,WPCdtccE1o+BAeBlSkvUv6mW93g=,2EmqGHWanK7af3q+VxFPwswNexc=
11,0,WPCdtccE1o+BAeBlSkvUv6mW93g=,2EmqGHWanK7af3q+VxFPwswNexc=
13,0,WPCdtccE1o+BAeBlSkvUv6mW93g=,2EmqGHWanK7af3q+VxFPwswNexc=
11,2,WPCdtccE1o+BAeBlSkvUv6mW93g=,2EmqGHWanK7af3q+VxFPwswNexc=
7,9,WPCdtccE1o+BAeBlSkvUv6mW93g=,2EmqGHWanK7af3q+VxFPwswNexc=
6,9,WPCdtccE1o+BAeBlSkvUv6mW93g=,2EmqGHWanK7af3q+VxFPwswNexc=
14,4,WPCdtccE1o+BAeBlSkvUv6mW93g=,2EmqGHWanK7af3q+VxFPwswNexc=
13,2,WPCdtccE1o+BAeBlSkvUv6mW93g=,2EmqGHWanK7af3q+VxFPwswNexc=
5,9,WPCdtccE1o+BAeBlSkvUv6mW93g=,2EmqGHWanK7af3q+VxFPwswNexc=
15,10,WPCdtccE1o+BAeBlSkvUv6mW93g=,2EmqGHWanK7af3q+VxFPwswNexc=
14,10,WPCdtccE1o+BAeBlSkvUv6mW93g=,2EmqGHWanK7af3q+VxFPwswNexc=
13,10,WPCdtccE1o+BAeBlSkvUv6mW93g=,2EmqGHWanK7af3q+VxFPwswNexc=
12,10,WPCdtccE1o+BAeBlSkvUv6mW93g=,2EmqGHWanK7af3q+VxFPwswNexc=
9,9,WPCdtccE1o+BAeBlSkvUv6mW93g=,2EmqGHWanK7af3q+VxFPwswNexc=
8,9,WPCdtccE1o+BAeBlSkvUv6mW93g=,2EmqGHWanK7af3q+VxFPwswNexc=
11,10,WPCdtccE1o+BAeBlSkvUv6mW93g=,2EmqGHWanK7af3q+VxFPwswNexc=
10,10,WPCdtccE1o+BAeBlSkvUv6mW93g=,2EmqGHWanK7af3q+VxFPwswNexc=
9,10,WPCdtccE1o+BAeBlSkvUv6mW93g=,2EmqGHWanK7af3q+VxFPwswNexc=
5,7,WPCdtccE1o+BAeBlSkvUv6mW93g=,2EmqGHWanK7af3q+VxFPwswNexc=
8,10,WPCdtccE1o+BAeBlSkvUv6mW93g=,2EmqGHWanK7af3q+VxFPwswNexc=
6,7,WPCdtccE1o+BAeBlSkvUv6mW93g=,2EmqGHWanK7af3q+VxFPwswNexc=
10,6,WPCdtccE1o+BAeBlSkvUv6mW93g=,2EmqGHWanK7af3q+VxFPwswNexc=
13,4,WPCdtccE1o+BAeBlSkvUv6mW93g=,2EmqGHWanK7af3q+VxFPwswNexc=
8,1,WPCdtccE1o+BAeBlSkvUv6mW93g=,2EmqGHWanK7af3q+VxFPwswNexc=
5,1,WPCdtccE1o+BAeBlSkvUv6mW93g=,2EmqGHWanK7af3q+VxFPwswNexc=
7,1,WPCdtccE1o+BAeBlSkvUv6mW93g=,2EmqGHWanK7af3q+VxFPwswNexc=
11,4,WPCdtccE1o+BAeBlSkvUv6mW93g=,2EmqGHWanK7af3q+VxFPwswNexc=
10,4,WPCdtccE1o+BAeBlSkvUv6mW93g=,2EmqGHWanK7af3q+VxFPwswNexc=
10,0,WPCdtccE1o+BAeBlSkvUv6mW93g=,2EmqGHWanK7af3q+VxFPwswNexc=
5,2,WPCdtccE1o+BAeBlSkvUv6mW93g=,2EmqGHWanK7af3q+VxFPwswNexc=
12,4,WPCdtccE1o+BAeBlSkvUv6mW93g=,2EmqGHWanK7af3q+VxFPwswNexc=
9,4,WPCdtccE1o+BAeBlSkvUv6mW93g=,2EmqGHWanK7af3q+VxFPwswNexc=
5,6,WPCdtccE1o+BAeBlSkvUv6mW93g=,2EmqGHWanK7af3q+VxFPwswNexc=
8,4,WPCdtccE1o+BAeBlSkvUv6mW93g=,2EmqGHWanK7af3q+VxFPwswNexc=
8,6,WPCdtccE1o+BAeBlSkvUv6mW93g=,2EmqGHWanK7af3q+VxFPwswNexc=
11,6,WPCdtccE1o+BAeBlSkvUv6mW93g=,2EmqGHWanK7af3q+VxFPwswNexc=
9,6,WPCdtccE1o+BAeBlSkvUv6mW93g=,2EmqGHWanK7af3q+VxFPwswNexc=
8,0,WPCdtccE1o+BAeBlSkvUv6mW93g=,2EmqGHWanK7af3q+VxFPwswNexc=
9,0,WPCdtccE1o+BAeBlSkvUv6mW93g=,2EmqGHWanK7af3q+VxFPwswNexc=
6,6,WPCdtccE1o+BAeBlSkvUv6mW93g=,2EmqGHWanK7af3q+VxFPwswNexc=
10,20,O6vO1mn1VDYy7mtdo0n2j1bG3KE=,2EmqGHWanK7af3q+VxFPwswNexc=
11,20,rnb4SYKXCN/XXnQ/Z0FWNrW+NWQ=,2EmqGHWanK7af3q+VxFPwswNexc=
9,20,O6vO1mn1VDYy7mtdo0n2j1bG3KE=,2EmqGHWanK7af3q+VxFPwswNexc=
11,23,rnb4SYKXCN/XXnQ/Z0FWNrW+NWQ=,2EmqGHWanK7af3q+VxFPwswNexc=
10,23,O6vO1mn1VDYy7mtdo0n2j1bG3KE=,2EmqGHWanK7af3q+VxFPwswNexc=
9,23,O6vO1mn1VDYy7mtdo0n2j1bG3KE=,2EmqGHWanK7af3q+VxFPwswNexc=
8,17,O6vO1mn1VDYy7mtdo0n2j1bG3KE=,2EmqGHWanK7af3q+VxFPwswNexc=
8,23,O6vO1mn1VDYy7mtdo0n2j1bG3KE=,2EmqGHWanK7af3q+VxFPwswNexc=
15,22,da1eg92x6PApU9Yc9G2IeMdPU7c=,2EmqGHWanK7af3q+VxFPwswNexc=
14,22,da1eg92x6PApU9Yc9G2IeMdPU7c=,2EmqGHWanK7af3q+VxFPwswNexc=
10,19,O6vO1mn1VDYy7mtdo0n2j1bG3KE=,2EmqGHWanK7af3q+VxFPwswNexc=
9,19,O6vO1mn1VDYy7mtdo0n2j1bG3KE=,2EmqGHWanK7af3q+VxFPwswNexc=
8,19,O6vO1mn1VDYy7mtdo0n2j1bG3KE=,2EmqGHWanK7af3q+VxFPwswNexc=
15,23,da1eg92x6PApU9Yc9G2IeMdPU7c=,2EmqGHWanK7af3q+VxFPwswNexc=
13,22,da1eg92x6PApU9Yc9G2IeMdPU7c=,2EmqGHWanK7af3q+VxFPwswNexc=
12,22,rnb4SYKXCN/XXnQ/Z0FWNrW+NWQ=,2EmqGHWanK7af3q+VxFPwswNexc=
11,22,rnb4SYKXCN/XXnQ/Z0FWNrW+NWQ=,2EmqGHWanK7af3q+VxFPwswNexc=
10,22,O6vO1mn1VDYy7mtdo0n2j1bG3KE=,2EmqGHWanK7af3q+VxFPwswNexc=
9,22,O6vO1mn1VDYy7mtdo0n2j1bG3KE=,2EmqGHWanK7af3q+VxFPwswNexc=
8,22,O6vO1mn1VDYy7mtdo0n2j1bG3KE=,2EmqGHWanK7af3q+VxFPwswNexc=
13,16,da1eg92x6PApU9Yc9G2IeMdPU7c=,2EmqGHWanK7af3q+VxFPwswNexc=
15,16,da1eg92x6PApU9Yc9G2IeMdPU7c=,2EmqGHWanK7af3q+VxFPwswNexc=
11,19,rnb4SYKXCN/XXnQ/Z0FWNrW+NWQ=,2EmqGHWanK7af3q+VxFPwswNexc=
9,17,O6vO1mn1VDYy7mtdo0n2j1bG3KE=,2EmqGHWanK7af3q+VxFPwswNexc=
10,17,O6vO1mn1VDYy7mtdo0n2j1bG3KE=,2EmqGHWanK7af3q+VxFPwswNexc=
11,17,rnb4SYKXCN/XXnQ/Z0FWNrW+NWQ=,2EmqGHWanK7af3q+VxFPwswNexc=
12,19,rnb4SYKXCN/XXnQ/Z0FWNrW+NWQ=,2EmqGHWanK7af3q+VxFPwswNexc=
12,20,rnb4SYKXCN/XXnQ/Z0FWNrW+NWQ=,2EmqGHWanK7af3q+VxFPwswNexc=
13,19,rnb4SYKXCN/XXnQ/Z0FWNrW+NWQ=,2EmqGHWanK7af3q+VxFPwswNexc=
13,20,rnb4SYKXCN/XXnQ/Z0FWNrW+NWQ=,2EmqGHWanK7af3q+VxFPwswNexc=
14,20,rnb4SYKXCN/XXnQ/Z0FWNrW+NWQ=,2EmqGHWanK7af3q+VxFPwswNexc=
10,18,O6vO1mn1VDYy7mtdo0n2j1bG3KE=,2EmqGHWanK7af3q+VxFPwswNexc=
12,17,rnb4SYKXCN/XXnQ/Z0FWNrW+NWQ=,2EmqGHWanK7af3q+VxFPwswNexc=
11,18,rnb4SYKXCN/XXnQ/Z0FWNrW+NWQ=,2EmqGHWanK7af3q+VxFPwswNexc=
8,16,O6vO1mn1VDYy7mtdo0n2j1bG3KE=,2EmqGHWanK7af3q+VxFPwswNexc=
9,16,O6vO1mn1VDYy7mtdo0n2j1bG3KE=,2EmqGHWanK7af3q+VxFPwswNexc=
13,17,da1eg92x6PApU9Yc9G2IeMdPU7c=,2EmqGHWanK7af3q+VxFPwswNexc=
10,16,O6vO1mn1VDYy7mtdo0n2j1bG3KE=,2EmqGHWanK7af3q+VxFPwswNexc=
12,23,rnb4SYKXCN/XXnQ/Z0FWNrW+NWQ=,2EmqGHWanK7af3q+VxFPwswNexc=
12,18,rnb4SYKXCN/XXnQ/Z0FWNrW+NWQ=,2EmqGHWanK7af3q+VxFPwswNexc=
15,20,rnb4SYKXCN/XXnQ/Z0FWNrW+NWQ=,2EmqGHWanK7af3q+VxFPwswNexc=
8,21,O6vO1mn1VDYy7mtdo0n2j1bG3KE=,2EmqGHWanK7af3q+VxFPwswNexc=
9,21,O6vO1mn1VDYy7mtdo0n2j1bG3KE=,2EmqGHWanK7af3q+VxFPwswNexc=
14,19,rnb4SYKXCN/XXnQ/Z0FWNrW+NWQ=,2EmqGHWanK7af3q+VxFPwswNexc=
13,23,da1eg92x6PApU9Yc9G2IeMdPU7c=,2EmqGHWanK7af3q+VxFPwswNexc=
15,19,rnb4SYKXCN/XXnQ/Z0FWNrW+NWQ=,2EmqGHWanK7af3q+VxFPwswNexc=
14,23,da1eg92x6PApU9Yc9G2IeMdPU7c=,2EmqGHWanK7af3q+VxFPwswNexc=
10,21,O6vO1mn1VDYy7mtdo0n2j1bG3KE=,2EmqGHWanK7af3q+VxFPwswNexc=
11,21,rnb4SYKXCN/XXnQ/Z0FWNrW+NWQ=,2EmqGHWanK7af3q+VxFPwswNexc=
12,16,rnb4SYKXCN/XXnQ/Z0FWNrW+NWQ=,2EmqGHWanK7af3q+VxFPwswNexc=
8,20,O6vO1mn1VDYy7mtdo0n2j1bG3KE=,2EmqGHWanK7af3q+VxFPwswNexc=
14,18,da1eg92x6PApU9Yc9G2IeMdPU7c=,2EmqGHWanK7af3q+VxFPwswNexc=
12,21,rnb4SYKXCN/XXnQ/Z0FWNrW+NWQ=,2EmqGHWanK7af3q+VxFPwswNexc=
9,18,O6vO1mn1VDYy7mtdo0n2j1bG3KE=,2EmqGHWanK7af3q+VxFPwswNexc=
11,16,rnb4SYKXCN/XXnQ/Z0FWNrW+NWQ=,2EmqGHWanK7af3q+VxFPwswNexc=
15,21,da1eg92x6PApU9Yc9G2IeMdPU7c=,2EmqGHWanK7af3q+VxFPwswNexc=
14,21,da1eg92x6PApU9Yc9G2IeMdPU7c=,2EmqGHWanK7af3q+VxFPwswNexc=
8,18,O6vO1mn1VDYy7mtdo0n2j1bG3KE=,2EmqGHWanK7af3q+VxFPwswNexc=
13,21,da1eg92x6PApU9Yc9G2IeMdPU7c=,2EmqGHWanK7af3q+VxFPwswNexc=
13,18,da1eg92x6PApU9Yc9G2IeMdPU7c=,2EmqGHWanK7af3q+VxFPwswNexc=
14,16,da1eg92x6PApU9Yc9G2IeMdPU7c=,2EmqGHWanK7af3q+VxFPwswNexc=
14,17,da1eg92x6PApU9Yc9G2IeMdPU7c=,2EmqGHWanK7af3q+VxFPwswNexc=
15,17,da1eg92x6PApU9Yc9G2IeMdPU7c=,2EmqGHWanK7af3q+VxFPwswNexc=
15,18,da1eg92x6PApU9Yc9G2IeMdPU7c=,2EmqGHWanK7af3q+VxFPwswNexc=
19,20,HqUrIxZGi0J+asc+5mID4c7inE8=,2EmqGHWanK7af3q+VxFPwswNexc=
17,23,HqUrIxZGi0J+asc+5mID4c7inE8=,2EmqGHWanK7af3q+VxFPwswNexc=
19,23,HqUrIxZGi0J+asc+5mID4c7inE8=,2EmqGHWanK7af3q+VxFPwswNexc=
18,19,HqUrIxZGi0J+asc+5mID4c7inE8=,2EmqGHWanK7af3q+VxFPwswNexc=
16,23,HqUrIxZGi0J+asc+5mID4c7inE8=,2EmqGHWanK7af3q+VxFPwswNexc=
17,20,HqUrIxZGi0J+asc+5mID4c7inE8=,2EmqGHWanK7af3q+VxFPwswNexc=
18,20,HqUrIxZGi0J+asc+5mID4c7inE8=,2EmqGHWanK7af3q+VxFPwswNexc=
17,19,HqUrIxZGi0J+asc+5mID4c7inE8=,2EmqGHWanK7af3q+VxFPwswNexc=
23,16,HqUrIxZGi0J+asc+5mID4c7inE8=,2EmqGHWanK7af3q+VxFPwswNexc=
22,22,HqUrIxZGi0J+asc+5mID4c7inE8=,2EmqGHWanK7af3q+VxFPwswNexc=
16,18,HqUrIxZGi0J+asc+5mID4c7inE8=,2EmqGHWanK7af3q+VxFPwswNexc=
16,22,HqUrIxZGi0J+asc+5mID4c7inE8=,2EmqGHWanK7af3q+VxFPwswNexc=
18,18,HqUrIxZGi0J+asc+5mID4c7inE8=,2EmqGHWanK7af3q+VxFPwswNexc=
23,21,HqUrIxZGi0J+asc+5mID4c7inE8=,2EmqGHWanK7af3q+VxFPwswNexc=
20,20,HqUrIxZGi0J+asc+5mID4c7inE8=,2EmqGHWanK7af3q+VxFPwswNexc=
22,21,HqUrIxZGi0J+asc+5mID4c7inE8=,2EmqGHWanK7af3q+VxFPwswNexc=
21,20,HqUrIxZGi0J+asc+5mID4c7inE8=,2EmqGHWanK7af3q+VxFPwswNexc=
19,18,HqUrIxZGi0J+asc+5mID4c7inE8=,2EmqGHWanK7af3q+VxFPwswNexc=
23,18,HqUrIxZGi0J+asc+5mID4c7inE8=,2EmqGHWanK7af3q+VxFPwswNexc=
22,23,HqUrIxZGi0J+asc+5mID4c7inE8=,2EmqGHWanK7af3q+VxFPwswNexc=
21,21,HqUrIxZGi0J+asc+5mID4c7inE8=,2EmqGHWanK7af3q+VxFPwswNexc=
21,16,HqUrIxZGi0J+asc+5mID4c7inE8=,2EmqGHWanK7af3q+VxFPwswNexc=
20,16,HqUrIxZGi0J+asc+5mID4c7inE8=,2EmqGHWanK7af3q+VxFPwswNexc=
22,18,HqUrIxZGi0J+asc+5mID4c7inE8=,2EmqGHWanK7af3q+VxFPwswNexc=
16,20,HqUrIxZGi0J+asc+5mID4c7inE8=,2EmqGHWanK7af3q+VxFPwswNexc=
23,19,HqUrIxZGi0J+asc+5mID4c7inE8=,2EmqGHWanK7af3q+VxFPwswNexc=
22,19,HqUrIxZGi0J+asc+5mID4c7inE8=,2EmqGHWanK7af3q+VxFPwswNexc=
20,21,HqUrIxZGi0J+asc+5mID4c7inE8=,2EmqGHWanK7af3q+VxFPwswNexc=
19,16,HqUrIxZGi0J+asc+5mID4c7inE8=,2EmqGHWanK7af3q+VxFPwswNexc=
21,18,HqUrIxZGi0J+asc+5mID4c7inE8=,2EmqGHWanK7af3q+VxFPwswNexc=
23,17,HqUrIxZGi0J+asc+5mID4c7inE8=,2EmqGHWanK7af3q+VxFPwswNexc=
19,21,HqUrIxZGi0J+asc+5mID4c7inE8=,2EmqGHWanK7af3q+VxFPwswNexc=
18,21,HqUrIxZGi0J+asc+5mID4c7inE8=,2EmqGHWanK7af3q+VxFPwswNexc=
22,17,HqUrIxZGi0J+asc+5mID4c7inE8=,2EmqGHWanK7af3q+VxFPwswNexc=
21,17,HqUrIxZGi0J+asc+5mID4c7inE8=,2EmqGHWanK7af3q+VxFPwswNexc=
20,17,HqUrIxZGi0J+asc+5mID4c7inE8=,2EmqGHWanK7af3q+VxFPwswNexc=
18,16,HqUrIxZGi0J+asc+5mID4c7inE8=,2EmqGHWanK7af3q+VxFPwswNexc=
20,18,HqUrIxZGi0J+asc+5mID4c7inE8=,2EmqGHWanK7af3q+VxFPwswNexc=
19,17,HqUrIxZGi0J+asc+5mID4c7inE8=,2EmqGHWanK7af3q+VxFPwswNexc=
17,21,HqUrIxZGi0J+asc+5mID4c7inE8=,2EmqGHWanK7af3q+VxFPwswNexc=
16,17,HqUrIxZGi0J+asc+5mID4c7inE8=,2EmqGHWanK7af3q+VxFPwswNexc=
21,19,HqUrIxZGi0J+asc+5mID4c7inE8=,2EmqGHWanK7af3q+VxFPwswNexc=
20,19,HqUrIxZGi0J+asc+5mID4c7inE8=,2EmqGHWanK7af3q+VxFPwswNexc=
19,19,HqUrIxZGi0J+asc+5mID4c7inE8=,2EmqGHWanK7af3q+VxFPwswNexc=
16,21,HqUrIxZGi0J+asc+5mID4c7inE8=,2EmqGHWanK7af3q+VxFPwswNexc=
22,20,HqUrIxZGi0J+asc+5mID4c7inE8=,2EmqGHWanK7af3q+VxFPwswNexc=
23,23,HqUrIxZGi0J+asc+5mID4c7inE8=,2EmqGHWanK7af3q+VxFPwswNexc=
18,17,HqUrIxZGi0J+asc+5mID4c7inE8=,2EmqGHWanK7af3q+VxFPwswNexc=
17,17,HqUrIxZGi0J+asc+5mID4c7inE8=,2EmqGHWanK7af3q+VxFPwswNexc=
23,22,HqUrIxZGi0J+asc+5mID4c7inE8=,2EmqGHWanK7af3q+VxFPwswNexc=
23,20,HqUrIxZGi0J+asc+5mID4c7inE8=,2EmqGHWanK7af3q+VxFPwswNexc=
17,16,HqUrIxZGi0J+asc+5mID4c7inE8=,2EmqGHWanK7af3q+VxFPwswNexc=
16,16,HqUrIxZGi0J+asc+5mID4c7inE8=,2EmqGHWanK7af3q+VxFPwswNexc=
21,22,HqUrIxZGi0J+asc+5mID4c7inE8=,2EmqGHWanK7af3q+VxFPwswNexc=
16,19,HqUrIxZGi0J+asc+5mID4c7inE8=,2EmqGHWanK7af3q+VxFPwswNexc=
20,22,HqUrIxZGi0J+asc+5mID4c7inE8=,2EmqGHWanK7af3q+VxFPwswNexc=
22,16,HqUrIxZGi0J+asc+5mID4c7inE8=,2EmqGHWanK7af3q+VxFPwswNexc=
17,18,HqUrIxZGi0J+asc+5mID4c7inE8=,2EmqGHWanK7af3q+VxFPwswNexc=
18,23,HqUrIxZGi0J+asc+5mID4c7inE8=,2EmqGHWanK7af3q+VxFPwswNexc=
19,22,HqUrIxZGi0J+asc+5mID4c7inE8=,2EmqGHWanK7af3q+VxFPwswNexc=
18,22,HqUrIxZGi0J+asc+5mID4c7inE8=,2EmqGHWanK7af3q+VxFPwswNexc=
17,22,HqUrIxZGi0J+asc+5mID4c7inE8=,2EmqGHWanK7af3q+VxFPwswNexc=
20,23,HqUrIxZGi0J+asc+5mID4c7inE8=,2EmqGHWanK7af3q+VxFPwswNexc=
21,23,HqUrIxZGi0J+asc+5mID4c7inE8=,2EmqGHWanK7af3q+VxFPwswNexc=
28,2,OqAIK7OUSyDMffJUSY/U8U2q1pc=,2EmqGHWanK7af3q+VxFPwswNexc=
28,7,OqAIK7OUSyDMffJUSY/U8U2q1pc=,2EmqGHWanK7af3q+VxFPwswNexc=
27,7,OqAIK7OUSyDMffJUSY/U8U2q1pc=,2EmqGHWanK7af3q+VxFPwswNexc=
28,1,OqAIK7OUSyDMffJUSY/U8U2q1pc=,2EmqGHWanK7af3q+VxFPwswNexc=
28,6,OqAIK7OUSyDMffJUSY/U8U2q1pc=,2EmqGHWanK7af3q+VxFPwswNexc=
27,6,OqAIK7OUSyDMffJUSY/U8U2q1pc=,2EmqGHWanK7af3q+VxFPwswNexc=
28,5,OqAIK7OUSyDMffJUSY/U8U2q1pc=,2EmqGHWanK7af3q+VxFPwswNexc=
27,5,OqAIK7OUSyDMffJUSY/U8U2q1pc=,2EmqGHWanK7af3q+VxFPwswNexc=
28,4,OqAIK7OUSyDMffJUSY/U8U2q1pc=,2EmqGHWanK7af3q+VxFPwswNexc=
27,4,OqAIK7OUSyDMffJUSY/U8U2q1pc=,2EmqGHWanK7af3q+VxFPwswNexc=
28,3,OqAIK7OUSyDMffJUSY/U8U2q1pc=,2EmqGHWanK7af3q+VxFPwswNexc=
28,0,OqAIK7OUSyDMffJUSY/U8U2q1pc=,2EmqGHWanK7af3q+VxFPwswNexc=
27,2,OqAIK7OUSyDMffJUSY/U8U2q1pc=,2EmqGHWanK7af3q+VxFPwswNexc=
27,1,OqAIK7OUSyDMffJUSY/U8U2q1pc=,2EmqGHWanK7af3q+VxFPwswNexc=
27,3,OqAIK7OUSyDMffJUSY/U8U2q1pc=,2EmqGHWanK7af3q+VxFPwswNexc=
27,0,OqAIK7OUSyDMffJUSY/U8U2q1pc=,2EmqGHWanK7af3q+VxFPwswNexc=
29,3,OqAIK7OUSyDMffJUSY/U8U2q1pc=,2EmqGHWanK7af3q+VxFPwswNexc=
31,4,OqAIK7OUSyDMffJUSY/U8U2q1pc=,2EmqGHWanK7af3q+VxFPwswNexc=
30,4,OqAIK7OUSyDMffJUSY/U8U2q1pc=,2EmqGHWanK7af3q+VxFPwswNexc=
29,4,OqAIK7OUSyDMffJUSY/U8U2q1pc=,2EmqGHWanK7af3q+VxFPwswNexc=
31,3,OqAIK7OUSyDMffJUSY/U8U2q1pc=,2EmqGHWanK7af3q+VxFPwswNexc=
30,3,OqAIK7OUSyDMffJUSY/U8U2q1pc=,2EmqGHWanK7af3q+VxFPwswNexc=
29,5,OqAIK7OUSyDMffJUSY/U8U2q1pc=,2EmqGHWanK7af3q+VxFPwswNexc=
31,7,OqAIK7OUSyDMffJUSY/U8U2q1pc=,2EmqGHWanK7af3q+VxFPwswNexc=
30,7,OqAIK7OUSyDMffJUSY/U8U2q1pc=,2EmqGHWanK7af3q+VxFPwswNexc=
29,7,OqAIK7OUSyDMffJUSY/U8U2q1pc=,2EmqGHWanK7af3q+VxFPwswNexc=
31,6,OqAIK7OUSyDMffJUSY/U8U2q1pc=,2EmqGHWanK7af3q+VxFPwswNexc=
30,6,OqAIK7OUSyDMffJUSY/U8U2q1pc=,2EmqGHWanK7af3q+VxFPwswNexc=
29,6,OqAIK7OUSyDMffJUSY/U8U2q1pc=,2EmqGHWanK7af3q+VxFPwswNexc=
31,5,OqAIK7OUSyDMffJUSY/U8U2q1pc=,2EmqGHWanK7af3q+VxFPwswNexc=
30,5,OqAIK7OUSyDMffJUSY/U8U2q1pc=,2EmqGHWanK7af3q+VxFPwswNexc=
29,2,OqAIK7OUSyDMffJUSY/U8U2q1pc=,2EmqGHWanK7af3q+VxFPwswNexc=
31,1,OqAIK7OUSyDMffJUSY/U8U2q1pc=,2EmqGHWanK7af3q+VxFPwswNexc=
30,2,OqAIK7OUSyDMffJUSY/U8U2q1pc=,2EmqGHWanK7af3q+VxFPwswNexc=
29,1,OqAIK7OUSyDMffJUSY/U8U2q1pc=,2EmqGHWanK7af3q+VxFPwswNexc=
30,1,OqAIK7OUSyDMffJUSY/U8U2q1pc=,2EmqGHWanK7af3q+VxFPwswNexc=
31,0,OqAIK7OUSyDMffJUSY/U8U2q1pc=,2EmqGHWanK7af3q+VxFPwswNexc=
30,0,OqAIK7OUSyDMffJUSY/U8U2q1pc=,2EmqGHWanK7af3q+VxFPwswNexc=
31,2,OqAIK7OUSyDMffJUSY/U8U2q1pc=,2EmqGHWanK7af3q+VxFPwswNexc=
29,0,OqAIK7OUSyDMffJUSY/U8U2q1pc=,2EmqGHWanK7af3q+VxFPwswNexc=
22,12,DmrxP/+1ZUFM9BLsnXqmsf/OKhA=,2EmqGHWanK7af3q+VxFPwswNexc=
20,15,DmrxP/+1ZUFM9BLsnXqmsf/OKhA=,2EmqGHWanK7af3q+VxFPwswNexc=
19,13,DmrxP/+1ZUFM9BLsnXqmsf/OKhA=,2EmqGHWanK7af3q+VxFPwswNexc=
21,12,DmrxP/+1ZUFM9BLsnXqmsf/OKhA=,2EmqGHWanK7af3q+VxFPwswNexc=
19,15,DmrxP/+1ZUFM9BLsnXqmsf/OKhA=,2EmqGHWanK7af3q+VxFPwswNexc=
23,15,DmrxP/+1ZUFM9BLsnXqmsf/OKhA=,2EmqGHWanK7af3q+VxFPwswNexc=
18,15,DmrxP/+1ZUFM9BLsnXqmsf/OKhA=,2EmqGHWanK7af3q+VxFPwswNexc=
20,12,DmrxP/+1ZUFM9BLsnXqmsf/OKhA=,2EmqGHWanK7af3q+VxFPwswNexc=
23,14,DmrxP/+1ZUFM9BLsnXqmsf/OKhA=,2EmqGHWanK7af3q+VxFPwswNexc=
22,14,DmrxP/+1ZUFM9BLsnXqmsf/OKhA=,2EmqGHWanK7af3q+VxFPwswNexc=
17,15,DmrxP/+1ZUFM9BLsnXqmsf/OKhA=,2EmqGHWanK7af3q+VxFPwswNexc=
22,11,DmrxP/+1ZUFM9BLsnXqmsf/OKhA=,2EmqGHWanK7af3q+VxFPwswNexc=
23,11,DmrxP/+1ZUFM9BLsnXqmsf/OKhA=,2EmqGHWanK7af3q+VxFPwswNexc=
21,14,DmrxP/+1ZUFM9BLsnXqmsf/OKhA=,2EmqGHWanK7af3q+VxFPwswNexc=
20,14,DmrxP/+1ZUFM9BLsnXqmsf/OKhA=,2EmqGHWanK7af3q+VxFPwswNexc=
19,14,DmrxP/+1ZUFM9BLsnXqmsf/OKhA=,2EmqGHWanK7af3q+VxFPwswNexc=
18,14,DmrxP/+1ZUFM9BLsnXqmsf/OKhA=,2EmqGHWanK7af3q+VxFPwswNexc=
18,13,DmrxP/+1ZUFM9BLsnXqmsf/OKhA=,2EmqGHWanK7af3q+VxFPwswNexc=
19,12,DmrxP/+1ZUFM9BLsnXqmsf/OKhA=,2EmqGHWanK7af3q+VxFPwswNexc=
20,11,DmrxP/+1ZUFM9BLsnXqmsf/OKhA=,2EmqGHWanK7af3q+VxFPwswNexc=
19,11,DmrxP/+1ZUFM9BLsnXqmsf/OKhA=,2EmqGHWanK7af3q+VxFPwswNexc=
16,15,DmrxP/+1ZUFM9BLsnXqmsf/OKhA=,2EmqGHWanK7af3q+VxFPwswNexc=
17,14,DmrxP/+1ZUFM9BLsnXqmsf/OKhA=,2EmqGHWanK7af3q+VxFPwswNexc=
23,13,DmrxP/+1ZUFM9BLsnXqmsf/OKhA=,2EmqGHWanK7af3q+VxFPwswNexc=
22,13,DmrxP/+1ZUFM9BLsnXqmsf/OKhA=,2EmqGHWanK7af3q+VxFPwswNexc=
21,13,DmrxP/+1ZUFM9BLsnXqmsf/OKhA=,2EmqGHWanK7af3q+VxFPwswNexc=
20,13,DmrxP/+1ZUFM9BLsnXqmsf/OKhA=,2EmqGHWanK7af3q+VxFPwswNexc=
23,12,DmrxP/+1ZUFM9BLsnXqmsf/OKhA=,2EmqGHWanK7af3q+VxFPwswNexc=
22,15,DmrxP/+1ZUFM9BLsnXqmsf/OKhA=,2EmqGHWanK7af3q+VxFPwswNexc=
21,15,DmrxP/+1ZUFM9BLsnXqmsf/OKhA=,2EmqGHWanK7af3q+VxFPwswNexc=
16,13,DmrxP/+1ZUFM9BLsnXqmsf/OKhA=,2EmqGHWanK7af3q+VxFPwswNexc=
21,11,DmrxP/+1ZUFM9BLsnXqmsf/OKhA=,2EmqGHWanK7af3q+VxFPwswNexc=
16,12,DmrxP/+1ZUFM9BLsnXqmsf/OKhA=,2EmqGHWanK7af3q+VxFPwswNexc=
16,11,DmrxP/+1ZUFM9BLsnXqmsf/OKhA=,2EmqGHWanK7af3q+VxFPwswNexc=
16,14,DmrxP/+1ZUFM9BLsnXqmsf/OKhA=,2EmqGHWanK7af3q+VxFPwswNexc=
18,12,DmrxP/+1ZUFM9BLsnXqmsf/OKhA=,2EmqGHWanK7af3q+VxFPwswNexc=
17,11,DmrxP/+1ZUFM9BLsnXqmsf/OKhA=,2EmqGHWanK7af3q+VxFPwswNexc=
17,13,DmrxP/+1ZUFM9BLsnXqmsf/OKhA=,2EmqGHWanK7af3q+VxFPwswNexc=
17,12,DmrxP/+1ZUFM9BLsnXqmsf/OKhA=,2EmqGHWanK7af3q+VxFPwswNexc=
18,11,DmrxP/+1ZUFM9BLsnXqmsf/OKhA=,2EmqGHWanK7af3q+VxFPwswNexc=
16,5,MBIwupDEXrziQMfu5M0b8415fO4=,2EmqGHWanK7af3q+VxFPwswNexc=
16,4,MBIwupDEXrziQMfu5M0b8415fO4=,2EmqGHWanK7af3q+VxFPwswNexc=
17,2,MBIwupDEXrziQMfu5M0b8415fO4=,2EmqGHWanK7af3q+VxFPwswNexc=
22,3,MBIwupDEXrziQMfu5M0b8415fO4=,2EmqGHWanK7af3q+VxFPwswNexc=
23,8,MBIwupDEXrziQMfu5M0b8415fO4=,2EmqGHWanK7af3q+VxFPwswNexc=
17,5,MBIwupDEXrziQMfu5M0b8415fO4=,2EmqGHWanK7af3q+VxFPwswNexc=
22,4,MBIwupDEXrziQMfu5M0b8415fO4=,2EmqGHWanK7af3q+VxFPwswNexc=
23,3,MBIwupDEXrziQMfu5M0b8415fO4=,2EmqGHWanK7af3q+VxFPwswNexc=
16,1,MBIwupDEXrziQMfu5M0b8415fO4=,2EmqGHWanK7af3q+VxFPwswNexc=
22,8,MBIwupDEXrziQMfu5M0b8415fO4=,2EmqGHWanK7af3q+VxFPwswNexc=
21,4,MBIwupDEXrziQMfu5M0b8415fO4=,2EmqGHWanK7af3q+VxFPwswNexc=
22,9,MBIwupDEXrziQMfu5M0b8415fO4=,2EmqGHWanK7af3q+VxFPwswNexc=
23,5,MBIwupDEXrziQMfu5M0b8415fO4=,2EmqGHWanK7af3q+VxFPwswNexc=
26,7,MBIwupDEXrziQMfu5M0b8415fO4=,2EmqGHWanK7af3q+VxFPwswNexc=
23,9,MBIwupDEXrziQMfu5M0b8415fO4=,2EmqGHWanK7af3q+VxFPwswNexc=
23,4,MBIwupDEXrziQMfu5M0b8415fO4=,2EmqGHWanK7af3q+VxFPwswNexc=
20,9,MBIwupDEXrziQMfu5M0b8415fO4=,2EmqGHWanK7af3q+VxFPwswNexc=
16,2,MBIwupDEXrziQMfu5M0b8415fO4=,2EmqGHWanK7af3q+VxFPwswNexc=
22,5,MBIwupDEXrziQMfu5M0b8415fO4=,2EmqGHWanK7af3q+VxFPwswNexc=
24,2,MBIwupDEXrziQMfu5M0b8415fO4=,2EmqGHWanK7af3q+VxFPwswNexc=
24,7,MBIwupDEXrziQMfu5M0b8415fO4=,2EmqGHWanK7af3q+VxFPwswNexc=
25,7,MBIwupDEXrziQMfu5M0b8415fO4=,2EmqGHWanK7af3q+VxFPwswNexc=
20,0,MBIwupDEXrziQMfu5M0b8415fO4=,2EmqGHWanK7af3q+VxFPwswNexc=
26,6,MBIwupDEXrziQMfu5M0b8415fO4=,2EmqGHWanK7af3q+VxFPwswNexc=
25,6,MBIwupDEXrziQMfu5M0b8415fO4=,2EmqGHWanK7af3q+VxFPwswNexc=
20,8,MBIwupDEXrziQMfu5M0b8415fO4=,2EmqGHWanK7af3q+VxFPwswNexc=
19,0,MBIwupDEXrziQMfu5M0b8415fO4=,2EmqGHWanK7af3q+VxFPwswNexc=
24,6,MBIwupDEXrziQMfu5M0b8415fO4=,2EmqGHWanK7af3q+VxFPwswNexc=
21,8,MBIwupDEXrziQMfu5M0b8415fO4=,2EmqGHWanK7af3q+VxFPwswNexc=
21,3,MBIwupDEXrziQMfu5M0b8415fO4=,2EmqGHWanK7af3q+VxFPwswNexc=
23,2,MBIwupDEXrziQMfu5M0b8415fO4=,2EmqGHWanK7af3q+VxFPwswNexc=
26,5,MBIwupDEXrziQMfu5M0b8415fO4=,2EmqGHWanK7af3q+VxFPwswNexc=
16,8,MBIwupDEXrziQMfu5M0b8415fO4=,2EmqGHWanK7af3q+VxFPwswNexc=
20,5,MBIwupDEXrziQMfu5M0b8415fO4=,2EmqGHWanK7af3q+VxFPwswNexc=
25,5,MBIwupDEXrziQMfu5M0b8415fO4=,2EmqGHWanK7af3q+VxFPwswNexc=
26,2,MBIwupDEXrziQMfu5M0b8415fO4=,2EmqGHWanK7af3q+VxFPwswNexc=
24,5,MBIwupDEXrziQMfu5M0b8415fO4=,2EmqGHWanK7af3q+VxFPwswNexc=
17,8,MBIwupDEXrziQMfu5M0b8415fO4=,2EmqGHWanK7af3q+VxFPwswNexc=
22,2,MBIwupDEXrziQMfu5M0b8415fO4=,2EmqGHWanK7af3q+VxFPwswNexc=
23,10,MBIwupDEXrziQMfu5M0b8415fO4=,2EmqGHWanK7af3q+VxFPwswNexc=
21,9,MBIwupDEXrziQMfu5M0b8415fO4=,2EmqGHWanK7af3q+VxFPwswNexc=
21,0,MBIwupDEXrziQMfu5M0b8415fO4=,2EmqGHWanK7af3q+VxFPwswNexc=
23,0,MBIwupDEXrziQMfu5M0b8415fO4=,2EmqGHWanK7af3q+VxFPwswNexc=
20,3,MBIwupDEXrziQMfu5M0b8415fO4=,2EmqGHWanK7af3q+VxFPwswNexc=
18,8,MBIwupDEXrziQMfu5M0b8415fO4=,2EmqGHWanK7af3q+VxFPwswNexc=
21,1,MBIwupDEXrziQMfu5M0b8415fO4=,2EmqGHWanK7af3q+VxFPwswNexc=
22,10,MBIwupDEXrziQMfu5M0b8415fO4=,2EmqGHWanK7af3q+VxFPwswNexc=
19,9,MBIwupDEXrziQMfu5M0b8415fO4=,2EmqGHWanK7af3q+VxFPwswNexc=
25,2,MBIwupDEXrziQMfu5M0b8415fO4=,2EmqGHWanK7af3q+VxFPwswNexc=
24,4,MBIwupDEXrziQMfu5M0b8415fO4=,2EmqGHWanK7af3q+VxFPwswNexc=
23,7,MBIwupDEXrziQMfu5M0b8415fO4=,2EmqGHWanK7af3q+VxFPwswNexc=
25,4,MBIwupDEXrziQMfu5M0b8415fO4=,2EmqGHWanK7af3q+VxFPwswNexc=
23,1,MBIwupDEXrziQMfu5M0b8415fO4=,2EmqGHWanK7af3q+VxFPwswNexc=
16,7,MBIwupDEXrziQMfu5M0b8415fO4=,2EmqGHWanK7af3q+VxFPwswNexc=
19,3,MBIwupDEXrziQMfu5M0b8415fO4=,2EmqGHWanK7af3q+VxFPwswNexc=
26,4,MBIwupDEXrziQMfu5M0b8415fO4=,2EmqGHWanK7af3q+VxFPwswNexc=
26,1,MBIwupDEXrziQMfu5M0b8415fO4=,2EmqGHWanK7af3q+VxFPwswNexc=
19,8,MBIwupDEXrziQMfu5M0b8415fO4=,2EmqGHWanK7af3q+VxFPwswNexc=
20,1,MBIwupDEXrziQMfu5M0b8415fO4=,2EmqGHWanK7af3q+VxFPwswNexc=
18,0,MBIwupDEXrziQMfu5M0b8415fO4=,2EmqGHWanK7af3q+VxFPwswNexc=
22,6,MBIwupDEXrziQMfu5M0b8415fO4=,2EmqGHWanK7af3q+VxFPwswNexc=
24,0,MBIwupDEXrziQMfu5M0b8415fO4=,2EmqGHWanK7af3q+VxFPwswNexc=
22,1,MBIwupDEXrziQMfu5M0b8415fO4=,2EmqGHWanK7af3q+VxFPwswNexc=
20,7,MBIwupDEXrziQMfu5M0b8415fO4=,2EmqGHWanK7af3q+VxFPwswNexc=
21,2,MBIwupDEXrziQMfu5M0b8415fO4=,2EmqGHWanK7af3q+VxFPwswNexc=
19,7,MBIwupDEXrziQMfu5M0b8415fO4=,2EmqGHWanK7af3q+VxFPwswNexc=
20,2,MBIwupDEXrziQMfu5M0b8415fO4=,2EmqGHWanK7af3q+VxFPwswNexc=
19,1,MBIwupDEXrziQMfu5M0b8415fO4=,2EmqGHWanK7af3q+VxFPwswNexc=
23,6,MBIwupDEXrziQMfu5M0b8415fO4=,2EmqGHWanK7af3q+VxFPwswNexc=
24,1,MBIwupDEXrziQMfu5M0b8415fO4=,2EmqGHWanK7af3q+VxFPwswNexc=
17,9,MBIwupDEXrziQMfu5M0b8415fO4=,2EmqGHWanK7af3q+VxFPwswNexc=
22,7,MBIwupDEXrziQMfu5M0b8415fO4=,2EmqGHWanK7af3q+VxFPwswNexc=
19,2,MBIwupDEXrziQMfu5M0b8415fO4=,2EmqGHWanK7af3q+VxFPwswNexc=
17,1,MBIwupDEXrziQMfu5M0b8415fO4=,2EmqGHWanK7af3q+VxFPwswNexc=
17,0,MBIwupDEXrziQMfu5M0b8415fO4=,2EmqGHWanK7af3q+VxFPwswNexc=
16,9,MBIwupDEXrziQMfu5M0b8415fO4=,2EmqGHWanK7af3q+VxFPwswNexc=
18,5,MBIwupDEXrziQMfu5M0b8415fO4=,2EmqGHWanK7af3q+VxFPwswNexc=
20,4,MBIwupDEXrziQMfu5M0b8415fO4=,2EmqGHWanK7af3q+VxFPwswNexc=
25,3,MBIwupDEXrziQMfu5M0b8415fO4=,2EmqGHWanK7af3q+VxFPwswNexc=
18,7,MBIwupDEXrziQMfu5M0b8415fO4=,2EmqGHWanK7af3q+VxFPwswNexc=
19,6,MBIwupDEXrziQMfu5M0b8415fO4=,2EmqGHWanK7af3q+VxFPwswNexc=
16,0,MBIwupDEXrziQMfu5M0b8415fO4=,2EmqGHWanK7af3q+VxFPwswNexc=
16,3,MBIwupDEXrziQMfu5M0b8415fO4=,2EmqGHWanK7af3q+VxFPwswNexc=
19,10,MBIwupDEXrziQMfu5M0b8415fO4=,2EmqGHWanK7af3q+VxFPwswNexc=
20,10,MBIwupDEXrziQMfu5M0b8415fO4=,2EmqGHWanK7af3q+VxFPwswNexc=
19,5,MBIwupDEXrziQMfu5M0b8415fO4=,2EmqGHWanK7af3q+VxFPwswNexc=
18,4,MBIwupDEXrziQMfu5M0b8415fO4=,2EmqGHWanK7af3q+VxFPwswNexc=
25,1,MBIwupDEXrziQMfu5M0b8415fO4=,2EmqGHWanK7af3q+VxFPwswNexc=
22,0,MBIwupDEXrziQMfu5M0b8415fO4=,2EmqGHWanK7af3q+VxFPwswNexc=
26,3,MBIwupDEXrziQMfu5M0b8415fO4=,2EmqGHWanK7af3q+VxFPwswNexc=
21,7,MBIwupDEXrziQMfu5M0b8415fO4=,2EmqGHWanK7af3q+VxFPwswNexc=
17,6,MBIwupDEXrziQMfu5M0b8415fO4=,2EmqGHWanK7af3q+VxFPwswNexc=
16,6,MBIwupDEXrziQMfu5M0b8415fO4=,2EmqGHWanK7af3q+VxFPwswNexc=
21,5,MBIwupDEXrziQMfu5M0b8415fO4=,2EmqGHWanK7af3q+VxFPwswNexc=
17,3,MBIwupDEXrziQMfu5M0b8415fO4=,2EmqGHWanK7af3q+VxFPwswNexc=
18,10,MBIwupDEXrziQMfu5M0b8415fO4=,2EmqGHWanK7af3q+VxFPwswNexc=
16,10,MBIwupDEXrziQMfu5M0b8415fO4=,2EmqGHWanK7af3q+VxFPwswNexc=
18,2,MBIwupDEXrziQMfu5M0b8415fO4=,2EmqGHWanK7af3q+VxFPwswNexc=
18,9,MBIwupDEXrziQMfu5M0b8415fO4=,2EmqGHWanK7af3q+VxFPwswNexc=
18,6,MBIwupDEXrziQMfu5M0b8415fO4=,2EmqGHWanK7af3q+VxFPwswNexc=
17,7,MBIwupDEXrziQMfu5M0b8415fO4=,2EmqGHWanK7af3q+VxFPwswNexc=
21,6,MBIwupDEXrziQMfu5M0b8415fO4=,2EmqGHWanK7af3q+VxFPwswNexc=
18,3,MBIwupDEXrziQMfu5M0b8415fO4=,2EmqGHWanK7af3q+VxFPwswNexc=
17,4,MBIwupDEXrziQMfu5M0b8415fO4=,2EmqGHWanK7af3q+VxFPwswNexc=
25,0,MBIwupDEXrziQMfu5M0b8415fO4=,2EmqGHWanK7af3q+VxFPwswNexc=
18,1,MBIwupDEXrziQMfu5M0b8415fO4=,2EmqGHWanK7af3q+VxFPwswNexc=
21,10,MBIwupDEXrziQMfu5M0b8415fO4=,2EmqGHWanK7af3q+VxFPwswNexc=
24,3,MBIwupDEXrziQMfu5M0b8415fO4=,2EmqGHWanK7af3q+VxFPwswNexc=
26,0,MBIwupDEXrziQMfu5M0b8415fO4=,2EmqGHWanK7af3q+VxFPwswNexc=
17,10,MBIwupDEXrziQMfu5M0b8415fO4=,2EmqGHWanK7af3q+VxFPwswNexc=
19,4,MBIwupDEXrziQMfu5M0b8415fO4=,2EmqGHWanK7af3q+VxFPwswNexc=
20,6,MBIwupDEXrziQMfu5M0b8415fO4=,2EmqGHWanK7af3q+VxFPwswNexc=
3,27,NQYi7MXlYyGNB5bHSVaWTvgSbnw=,tPINIfIkAZmq5l/6dzdvhDxycIk=
4,28,NQYi7MXlYyGNB5bHSVaWTvgSbnw=,tPINIfIkAZmq5l/6dzdvhDxycIk=
3,28,NQYi7MXlYyGNB5bHSVaWTvgSbnw=,tPINIfIkAZmq5l/6dzdvhDxycIk=
4,27,NQYi7MXlYyGNB5bHSVaWTvgSbnw=,tPINIfIkAZmq5l/6dzdvhDxycIk=
11,27,NQYi7MXlYyGNB5bHSVaWTvgSbnw=,0jKAXGOGAwXxbv7o2/ZvzwDrvMI=
12,27,NQYi7MXlYyGNB5bHSVaWTvgSbnw=,0jKAXGOGAwXxbv7o2/ZvzwDrvMI=
9,27,NQYi7MXlYyGNB5bHSVaWTvgSbnw=,0jKAXGOGAwXxbv7o2/ZvzwDrvMI=
7,28,NQYi7MXlYyGNB5bHSVaWTvgSbnw=,tPINIfIkAZmq5l/6dzdvhDxycIk=
5,28,NQYi7MXlYyGNB5bHSVaWTvgSbnw=,tPINIfIkAZmq5l/6dzdvhDxycIk=
6,28,NQYi7MXlYyGNB5bHSVaWTvgSbnw=,tPINIfIkAZmq5l/6dzdvhDxycIk=
8,27,NQYi7MXlYyGNB5bHSVaWTvgSbnw=,0jKAXGOGAwXxbv7o2/ZvzwDrvMI=
6,27,NQYi7MXlYyGNB5bHSVaWTvgSbnw=,tPINIfIkAZmq5l/6dzdvhDxycIk=
7,27,NQYi7MXlYyGNB5bHSVaWTvgSbnw=,tPINIfIkAZmq5l/6dzdvhDxycIk=
5,27,NQYi7MXlYyGNB5bHSVaWTvgSbnw=,tPINIfIkAZmq5l/6dzdvhDxycIk=
12,28,NQYi7MXlYyGNB5bHSVaWTvgSbnw=,0jKAXGOGAwXxbv7o2/ZvzwDrvMI=
10,28,NQYi7MXlYyGNB5bHSVaWTvgSbnw=,0jKAXGOGAwXxbv7o2/ZvzwDrvMI=
11,28,NQYi7MXlYyGNB5bHSVaWTvgSbnw=,0jKAXGOGAwXxbv7o2/ZvzwDrvMI=
9,28,NQYi7MXlYyGNB5bHSVaWTvgSbnw=,0jKAXGOGAwXxbv7o2/ZvzwDrvMI=
8,28,NQYi7MXlYyGNB5bHSVaWTvgSbnw=,0jKAXGOGAwXxbv7o2/ZvzwDrvMI=
10,27,NQYi7MXlYyGNB5bHSVaWTvgSbnw=,0jKAXGOGAwXxbv7o2/ZvzwDrvMI=
12,24,AFXyRfw67Qn8SN04LSlEaulgd48=,0jKAXGOGAwXxbv7o2/ZvzwDrvMI=
11,24,AFXyRfw67Qn8SN04LSlEaulgd48=,0jKAXGOGAwXxbv7o2/ZvzwDrvMI=
11,26,AFXyRfw67Qn8SN04LSlEaulgd48=,0jKAXGOGAwXxbv7o2/ZvzwDrvMI=
12,26,AFXyRfw67Qn8SN04LSlEaulgd48=,0jKAXGOGAwXxbv7o2/ZvzwDrvMI=
12,25,AFXyRfw67Qn8SN04LSlEaulgd48=,0jKAXGOGAwXxbv7o2/ZvzwDrvMI=
11,25,AFXyRfw67Qn8SN04LSlEaulgd48=,0jKAXGOGAwXxbv7o2/ZvzwDrvMI=
0,28,AFXyRfw67Qn8SN04LSlEaulgd48=,tPINIfIkAZmq5l/6dzdvhDxycIk=
1,28,AFXyRfw67Qn8SN04LSlEaulgd48=,tPINIfIkAZmq5l/6dzdvhDxycIk=
2,28,AFXyRfw67Qn8SN04LSlEaulgd48=,tPINIfIkAZmq5l/6dzdvhDxycIk=
2,27,AFXyRfw67Qn8SN04LSlEaulgd48=,tPINIfIkAZmq5l/6dzdvhDxycIk=
1,27,AFXyRfw67Qn8SN04LSlEaulgd48=,tPINIfIkAZmq5l/6dzdvhDxycIk=
0,27,AFXyRfw67Qn8SN04LSlEaulgd48=,tPINIfIkAZmq5l/6dzdvhDxycIk=
13,27,AFXyRfw67Qn8SN04LSlEaulgd48=,0jKAXGOGAwXxbv7o2/ZvzwDrvMI=
14,27,AFXyRfw67Qn8SN04LSlEaulgd48=,0jKAXGOGAwXxbv7o2/ZvzwDrvMI=
15,27,AFXyRfw67Qn8SN04LSlEaulgd48=,0jKAXGOGAwXxbv7o2/ZvzwDrvMI=
13,28,AFXyRfw67Qn8SN04LSlEaulgd48=,0jKAXGOGAwXxbv7o2/ZvzwDrvMI=
14,28,AFXyRfw67Qn8SN04LSlEaulgd48=,0jKAXGOGAwXxbv7o2/ZvzwDrvMI=
15,24,AFXyRfw67Qn8SN04LSlEaulgd48=,0jKAXGOGAwXxbv7o2/ZvzwDrvMI=
14,24,AFXyRfw67Qn8SN04LSlEaulgd48=,0jKAXGOGAwXxbv7o2/ZvzwDrvMI=
13,24,AFXyRfw67Qn8SN04LSlEaulgd48=,0jKAXGOGAwXxbv7o2/ZvzwDrvMI=
15,25,AFXyRfw67Qn8SN04LSlEaulgd48=,0jKAXGOGAwXxbv7o2/ZvzwDrvMI=
15,26,AFXyRfw67Qn8SN04LSlEaulgd48=,0jKAXGOGAwXxbv7o2/ZvzwDrvMI=
14,26,AFXyRfw67Qn8SN04LSlEaulgd48=,0jKAXGOGAwXxbv7o2/ZvzwDrvMI=
14,25,AFXyRfw67Qn8SN04LSlEaulgd48=,0jKAXGOGAwXxbv7o2/ZvzwDrvMI=
13,25,AFXyRfw67Qn8SN04LSlEaulgd48=,0jKAXGOGAwXxbv7o2/ZvzwDrvMI=
15,28,AFXyRfw67Qn8SN04LSlEaulgd48=,0jKAXGOGAwXxbv7o2/ZvzwDrvMI=
13,26,AFXyRfw67Qn8SN04LSlEaulgd48=,0jKAXGOGAwXxbv7o2/ZvzwDrvMI=
11,29,AFXyRfw67Qn8SN04LSlEaulgd48=,0jKAXGOGAwXxbv7o2/ZvzwDrvMI=
12,29,AFXyRfw67Qn8SN04LSlEaulgd48=,0jKAXGOGAwXxbv7o2/ZvzwDrvMI=
12,31,AFXyRfw67Qn8SN04LSlEaulgd48=,0jKAXGOGAwXxbv7o2/ZvzwDrvMI=
11,31,AFXyRfw67Qn8SN04LSlEaulgd48=,0jKAXGOGAwXxbv7o2/ZvzwDrvMI=
12,30,AFXyRfw67Qn8SN04LSlEaulgd48=,0jKAXGOGAwXxbv7o2/ZvzwDrvMI=
11,30,AFXyRfw67Qn8SN04LSlEaulgd48=,0jKAXGOGAwXxbv7o2/ZvzwDrvMI=
3,30,AFXyRfw67Qn8SN04LSlEaulgd48=,tPINIfIkAZmq5l/6dzdvhDxycIk=
3,29,AFXyRfw67Qn8SN04LSlEaulgd48=,tPINIfIkAZmq5l/6dzdvhDxycIk=
10,31,AFXyRfw67Qn8SN04LSlEaulgd48=,0jKAXGOGAwXxbv7o2/ZvzwDrvMI=
9,31,AFXyRfw67Qn8SN04LSlEaulgd48=,0jKAXGOGAwXxbv7o2/ZvzwDrvMI=
8,31,AFXyRfw67Qn8SN04LSlEaulgd48=,0jKAXGOGAwXxbv7o2/ZvzwDrvMI=
7,29,AFXyRfw67Qn8SN04LSlEaulgd48=,tPINIfIkAZmq5l/6dzdvhDxycIk=
7,31,AFXyRfw67Qn8SN04LSlEaulgd48=,tPINIfIkAZmq5l/6dzdvhDxycIk=
10,30,AFXyRfw67Qn8SN04LSlEaulgd48=,0jKAXGOGAwXxbv7o2/ZvzwDrvMI=
9,30,AFXyRfw67Qn8SN04LSlEaulgd48=,0jKAXGOGAwXxbv7o2/ZvzwDrvMI=
8,30,AFXyRfw67Qn8SN04LSlEaulgd48=,0jKAXGOGAwXxbv7o2/ZvzwDrvMI=
10,29,AFXyRfw67Qn8SN04LSlEaulgd48=,0jKAXGOGAwXxbv7o2/ZvzwDrvMI=
9,29,AFXyRfw67Qn8SN04LSlEaulgd48=,0jKAXGOGAwXxbv7o2/ZvzwDrvMI=
6,29,AFXyRfw67Qn8SN04LSlEaulgd48=,tPINIfIkAZmq5l/6dzdvhDxycIk=
5,29,AFXyRfw67Qn8SN04LSlEaulgd48=,tPINIfIkAZmq5l/6dzdvhDxycIk=
4,29,AFXyRfw67Qn8SN04LSlEaulgd48=,tPINIfIkAZmq5l/6dzdvhDxycIk=
8,29,AFXyRfw67Qn8SN04LSlEaulgd48=,0jKAXGOGAwXxbv7o2/ZvzwDrvMI=
6,31,AFXyRfw67Qn8SN04LSlEaulgd48=,tPINIfIkAZmq5l/6dzdvhDxycIk=
5,31,AFXyRfw67Qn8SN04LSlEaulgd48=,tPINIfIkAZmq5l/6dzdvhDxycIk=
4,31,AFXyRfw67Qn8SN04LSlEaulgd48=,tPINIfIkAZmq5l/6dzdvhDxycIk=
3,31,AFXyRfw67Qn8SN04LSlEaulgd48=,tPINIfIkAZmq5l/6dzdvhDxycIk=
7,30,AFXyRfw67Qn8SN04LSlEaulgd48=,tPINIfIkAZmq5l/6dzdvhDxycIk=
6,30,AFXyRfw67Qn8SN04LSlEaulgd48=,tPINIfIkAZmq5l/6dzdvhDxycIk=
5,30,AFXyRfw67Qn8SN04LSlEaulgd48=,tPINIfIkAZmq5l/6dzdvhDxycIk=
4,30,AFXyRfw67Qn8SN04LSlEaulgd48=,tPINIfIkAZmq5l/6dzdvhDxycIk=
2,30,AFXyRfw67Qn8SN04LSlEaulgd48=,tPINIfIkAZmq5l/6dzdvhDxycIk=
2,29,AFXyRfw67Qn8SN04LSlEaulgd48=,tPINIfIkAZmq5l/6dzdvhDxycIk=
1,29,AFXyRfw67Qn8SN04LSlEaulgd48=,tPINIfIkAZmq5l/6dzdvhDxycIk=
0,29,AFXyRfw67Qn8SN04LSlEaulgd48=,tPINIfIkAZmq5l/6dzdvhDxycIk=
1,30,AFXyRfw67Qn8SN04LSlEaulgd48=,tPINIfIkAZmq5l/6dzdvhDxycIk=
0,30,AFXyRfw67Qn8SN04LSlEaulgd48=,tPINIfIkAZmq5l/6dzdvhDxycIk=
2,31,AFXyRfw67Qn8SN04LSlEaulgd48=,tPINIfIkAZmq5l/6dzdvhDxycIk=
1,31,AFXyRfw67Qn8SN04LSlEaulgd48=,tPINIfIkAZmq5l/6dzdvhDxycIk=
0,31,AFXyRfw67Qn8SN04LSlEaulgd48=,tPINIfIkAZmq5l/6dzdvhDxycIk=
13,29,AFXyRfw67Qn8SN04LSlEaulgd48=,0jKAXGOGAwXxbv7o2/ZvzwDrvMI=
14,29,AFXyRfw67Qn8SN04LSlEaulgd48=,0jKAXGOGAwXxbv7o2/ZvzwDrvMI=
15,31,AFXyRfw67Qn8SN04LSlEaulgd48=,0jKAXGOGAwXxbv7o2/ZvzwDrvMI=
14,31,AFXyRfw67Qn8SN04LSlEaulgd48=,0jKAXGOGAwXxbv7o2/ZvzwDrvMI=
13,31,AFXyRfw67Qn8SN04LSlEaulgd48=,0jKAXGOGAwXxbv7o2/ZvzwDrvMI=
15,30,AFXyRfw67Qn8SN04LSlEaulgd48=,0jKAXGOGAwXxbv7o2/ZvzwDrvMI=
14,30,AFXyRfw67Qn8SN04LSlEaulgd48=,0jKAXGOGAwXxbv7o2/ZvzwDrvMI=
13,30,AFXyRfw67Qn8SN04LSlEaulgd48=,0jKAXGOGAwXxbv7o2/ZvzwDrvMI=
15,29,AFXyRfw67Qn8SN04LSlEaulgd48=,0jKAXGOGAwXxbv7o2/ZvzwDrvMI=
3,26,4laRPg/zKcztsyCxBgkCBUJY4lY=,tPINIfIkAZmq5l/6dzdvhDxycIk=
2,26,4laRPg/zKcztsyCxBgkCBUJY4lY=,tPINIfIkAZmq5l/6dzdvhDxycIk=
1,26,4laRPg/zKcztsyCxBgkCBUJY4lY=,tPINIfIkAZmq5l/6dzdvhDxycIk=
4,26,4laRPg/zKcztsyCxBgkCBUJY4lY=,tPINIfIkAZmq5l/6dzdvhDxycIk=
5,26,4laRPg/zKcztsyCxBgkCBUJY4lY=,tPINIfIkAZmq5l/6dzdvhDxycIk=
3,23,O6vO1mn1VDYy7mtdo0n2j1bG3KE=,2EmqGHWanK7af3q+VxFPwswNexc=
6,25,4laRPg/zKcztsyCxBgkCBUJY4lY=,tPINIfIkAZmq5l/6dzdvhDxycIk=
2,23,O6vO1mn1VDYy7mtdo0n2j1bG3KE=,2EmqGHWanK7af3q+VxFPwswNexc=
5,25,4laRPg/zKcztsyCxBgkCBUJY4lY=,tPINIfIkAZmq5l/6dzdvhDxycIk=
7,22,O6vO1mn1VDYy7mtdo0n2j1bG3KE=,2EmqGHWanK7af3q+VxFPwswNexc=
1,23,O6vO1mn1VDYy7mtdo0n2j1bG3KE=,2EmqGHWanK7af3q+VxFPwswNexc=
4,25,4laRPg/zKcztsyCxBgkCBUJY4lY=,tPINIfIkAZmq5l/6dzdvhDxycIk=
8,25,4laRPg/zKcztsyCxBgkCBUJY4lY=,0jKAXGOGAwXxbv7o2/ZvzwDrvMI=
0,26,4laRPg/zKcztsyCxBgkCBUJY4lY=,tPINIfIkAZmq5l/6dzdvhDxycIk=
9,25,4laRPg/zKcztsyCxBgkCBUJY4lY=,0jKAXGOGAwXxbv7o2/ZvzwDrvMI=
3,25,4laRPg/zKcztsyCxBgkCBUJY4lY=,tPINIfIkAZmq5l/6dzdvhDxycIk=
2,25,4laRPg/zKcztsyCxBgkCBUJY4lY=,tPINIfIkAZmq5l/6dzdvhDxycIk=
7,25,4laRPg/zKcztsyCxBgkCBUJY4lY=,tPINIfIkAZmq5l/6dzdvhDxycIk=
1,25,4laRPg/zKcztsyCxBgkCBUJY4lY=,tPINIfIkAZmq5l/6dzdvhDxycIk=
0,25,4laRPg/zKcztsyCxBgkCBUJY4lY=,tPINIfIkAZmq5l/6dzdvhDxycIk=
6,22,O6vO1mn1VDYy7mtdo0n2j1bG3KE=,2EmqGHWanK7af3q+VxFPwswNexc=
7,24,4laRPg/zKcztsyCxBgkCBUJY4lY=,tPINIfIkAZmq5l/6dzdvhDxycIk=
10,24,ScrVTHydGbTNR/gk0SohTiCApCI=,0jKAXGOGAwXxbv7o2/ZvzwDrvMI=
6,24,ScrVTHydGbTNR/gk0SohTiCApCI=,tPINIfIkAZmq5l/6dzdvhDxycIk=
4,22,O6vO1mn1VDYy7mtdo0n2j1bG3KE=,2EmqGHWanK7af3q+VxFPwswNexc=
6,17,O6vO1mn1VDYy7mtdo0n2j1bG3KE=,2EmqGHWanK7af3q+VxFPwswNexc=
1,20,O6vO1mn1VDYy7mtdo0n2j1bG3KE=,2EmqGHWanK7af3q+VxFPwswNexc=
1,19,O6vO1mn1VDYy7mtdo0n2j1bG3KE=,2EmqGHWanK7af3q+VxFPwswNexc=
5,24,ScrVTHydGbTNR/gk0SohTiCApCI=,tPINIfIkAZmq5l/6dzdvhDxycIk=
6,18,O6vO1mn1VDYy7mtdo0n2j1bG3KE=,2EmqGHWanK7af3q+VxFPwswNexc=
0,20,O6vO1mn1VDYy7mtdo0n2j1bG3KE=,2EmqGHWanK7af3q+VxFPwswNexc=
0,19,O6vO1mn1VDYy7mtdo0n2j1bG3KE=,2EmqGHWanK7af3q+VxFPwswNexc=
5,22,O6vO1mn1VDYy7mtdo0n2j1bG3KE=,2EmqGHWanK7af3q+VxFPwswNexc=
7,18,O6vO1mn1VDYy7mtdo0n2j1bG3KE=,2EmqGHWanK7af3q+VxFPwswNexc=
0,18,O6vO1mn1VDYy7mtdo0n2j1bG3KE=,2EmqGHWanK7af3q+VxFPwswNexc=
8,24,ScrVTHydGbTNR/gk0SohTiCApCI=,0jKAXGOGAwXxbv7o2/ZvzwDrvMI=
3,22,O6vO1mn1VDYy7mtdo0n2j1bG3KE=,2EmqGHWanK7af3q+VxFPwswNexc=
4,24,ScrVTHydGbTNR/gk0SohTiCApCI=,tPINIfIkAZmq5l/6dzdvhDxycIk=
5,17,O6vO1mn1VDYy7mtdo0n2j1bG3KE=,2EmqGHWanK7af3q+VxFPwswNexc=
7,19,O6vO1mn1VDYy7mtdo0n2j1bG3KE=,2EmqGHWanK7af3q+VxFPwswNexc=
3,24,ScrVTHydGbTNR/gk0SohTiCApCI=,tPINIfIkAZmq5l/6dzdvhDxycIk=
2,20,O6vO1mn1VDYy7mtdo0n2j1bG3KE=,2EmqGHWanK7af3q+VxFPwswNexc=
2,24,ScrVTHydGbTNR/gk0SohTiCApCI=,tPINIfIkAZmq5l/6dzdvhDxycIk=
1,24,ScrVTHydGbTNR/gk0SohTiCApCI=,tPINIfIkAZmq5l/6dzdvhDxycIk=
0,24,ScrVTHydGbTNR/gk0SohTiCApCI=,tPINIfIkAZmq5l/6dzdvhDxycIk=
2,22,O6vO1mn1VDYy7mtdo0n2j1bG3KE=,2EmqGHWanK7af3q+VxFPwswNexc=
7,17,O6vO1mn1VDYy7mtdo0n2j1bG3KE=,2EmqGHWanK7af3q+VxFPwswNexc=
2,19,O6vO1mn1VDYy7mtdo0n2j1bG3KE=,2EmqGHWanK7af3q+VxFPwswNexc=
7,21,O6vO1mn1VDYy7mtdo0n2j1bG3KE=,2EmqGHWanK7af3q+VxFPwswNexc=
10,26,ScrVTHydGbTNR/gk0SohTiCApCI=,0jKAXGOGAwXxbv7o2/ZvzwDrvMI=
7,23,O6vO1mn1VDYy7mtdo0n2j1bG3KE=,2EmqGHWanK7af3q+VxFPwswNexc=
6,23,O6vO1mn1VDYy7mtdo0n2j1bG3KE=,2EmqGHWanK7af3q+VxFPwswNexc=
3,20,O6vO1mn1VDYy7mtdo0n2j1bG3KE=,2EmqGHWanK7af3q+VxFPwswNexc=
9,24,ScrVTHydGbTNR/gk0SohTiCApCI=,0jKAXGOGAwXxbv7o2/ZvzwDrvMI=
5,23,O6vO1mn1VDYy7mtdo0n2j1bG3KE=,2EmqGHWanK7af3q+VxFPwswNexc=
0,17,O6vO1mn1VDYy7mtdo0n2j1bG3KE=,2EmqGHWanK7af3q+VxFPwswNexc=
4,18,O6vO1mn1VDYy7mtdo0n2j1bG3KE=,2EmqGHWanK7af3q+VxFPwswNexc=
4,17,O6vO1mn1VDYy7mtdo0n2j1bG3KE=,2EmqGHWanK7af3q+VxFPwswNexc=
5,21,O6vO1mn1VDYy7mtdo0n2j1bG3KE=,2EmqGHWanK7af3q+VxFPwswNexc=
10,25,ScrVTHydGbTNR/gk0SohTiCApCI=,0jKAXGOGAwXxbv7o2/ZvzwDrvMI=
4,23,O6vO1mn1VDYy7mtdo0n2j1bG3KE=,2EmqGHWanK7af3q+VxFPwswNexc=
2,18,O6vO1mn1VDYy7mtdo0n2j1bG3KE=,2EmqGHWanK7af3q+VxFPwswNexc=
9,26,ScrVTHydGbTNR/gk0SohTiCApCI=,0jKAXGOGAwXxbv7o2/ZvzwDrvMI=
1,18,O6vO1mn1VDYy7mtdo0n2j1bG3KE=,2EmqGHWanK7af3q+VxFPwswNexc=
6,21,O6vO1mn1VDYy7mtdo0n2j1bG3KE=,2EmqGHWanK7af3q+VxFPwswNexc=
8,26,ScrVTHydGbTNR/gk0SohTiCApCI=,0jKAXGOGAwXxbv7o2/ZvzwDrvMI=
4,21,O6vO1mn1VDYy7mtdo0n2j1bG3KE=,2EmqGHWanK7af3q+VxFPwswNexc=
7,26,ScrVTHydGbTNR/gk0SohTiCApCI=,tPINIfIkAZmq5l/6dzdvhDxycIk=
6,26,ScrVTHydGbTNR/gk0SohTiCApCI=,tPINIfIkAZmq5l/6dzdvhDxycIk=
4,20,O6vO1mn1VDYy7mtdo0n2j1bG3KE=,2EmqGHWanK7af3q+VxFPwswNexc=
3,18,O6vO1mn1VDYy7mtdo0n2j1bG3KE=,2EmqGHWanK7af3q+VxFPwswNexc=
5,19,O6vO1mn1VDYy7mtdo0n2j1bG3KE=,2EmqGHWanK7af3q+VxFPwswNexc=
5,18,O6vO1mn1VDYy7mtdo0n2j1bG3KE=,2EmqGHWanK7af3q+VxFPwswNexc=
0,22,O6vO1mn1VDYy7mtdo0n2j1bG3KE=,2EmqGHWanK7af3q+VxFPwswNexc=
3,16,O6vO1mn1VDYy7mtdo0n2j1bG3KE=,2EmqGHWanK7af3q+VxFPwswNexc=
6,16,O6vO1mn1VDYy7mtdo0n2j1bG3KE=,2EmqGHWanK7af3q+VxFPwswNexc=
1,22,O6vO1mn1VDYy7mtdo0n2j1bG3KE=,2EmqGHWanK7af3q+VxFPwswNexc=
1,21,O6vO1mn1VDYy7mtdo0n2j1bG3KE=,2EmqGHWanK7af3q+VxFPwswNexc=
7,16,O6vO1mn1VDYy7mtdo0n2j1bG3KE=,2EmqGHWanK7af3q+VxFPwswNexc=
2,16,O6vO1mn1VDYy7mtdo0n2j1bG3KE=,2EmqGHWanK7af3q+VxFPwswNexc=
4,16,O6vO1mn1VDYy7mtdo0n2j1bG3KE=,2EmqGHWanK7af3q+VxFPwswNexc=
1,17,O6vO1mn1VDYy7mtdo0n2j1bG3KE=,2EmqGHWanK7af3q+VxFPwswNexc=
2,21,O6vO1mn1VDYy7mtdo0n2j1bG3KE=,2EmqGHWanK7af3q+VxFPwswNexc=
0,16,O6vO1mn1VDYy7mtdo0n2j1bG3KE=,2EmqGHWanK7af3q+VxFPwswNexc=
3,21,O6vO1mn1VDYy7mtdo0n2j1bG3KE=,2EmqGHWanK7af3q+VxFPwswNexc=
7,20,O6vO1mn1VDYy7mtdo0n2j1bG3KE=,2EmqGHWanK7af3q+VxFPwswNexc=
5,16,O6vO1mn1VDYy7mtdo0n2j1bG3KE=,2EmqGHWanK7af3q+VxFPwswNexc=
4,19,O6vO1mn1VDYy7mtdo0n2j1bG3KE=,2EmqGHWanK7af3q+VxFPwswNexc=
0,21,O6vO1mn1VDYy7mtdo0n2j1bG3KE=,2EmqGHWanK7af3q+VxFPwswNexc=
1,16,O6vO1mn1VDYy7mtdo0n2j1bG3KE=,2EmqGHWanK7af3q+VxFPwswNexc=
5,20,O6vO1mn1VDYy7mtdo0n2j1bG3KE=,2EmqGHWanK7af3q+VxFPwswNexc=
6,20,O6vO1mn1VDYy7mtdo0n2j1bG3KE=,2EmqGHWanK7af3q+VxFPwswNexc=
3,17,O6vO1mn1VDYy7mtdo0n2j1bG3KE=,2EmqGHWanK7af3q+VxFPwswNexc=
3,19,O6vO1mn1VDYy7mtdo0n2j1bG3KE=,2EmqGHWanK7af3q+VxFPwswNexc=
2,17,O6vO1mn1VDYy7mtdo0n2j1bG3KE=,2EmqGHWanK7af3q+VxFPwswNexc=
6,19,O6vO1mn1VDYy7mtdo0n2j1bG3KE=,2EmqGHWanK7af3q+VxFPwswNexc=
0,23,O6vO1mn1VDYy7mtdo0n2j1bG3KE=,2EmqGHWanK7af3q+VxFPwswNexc=
27,11,aQVBjnHn8Rri3EAYu8pMlNIoQ0Q=,2EmqGHWanK7af3q+VxFPwswNexc=
28,12,aQVBjnHn8Rri3EAYu8pMlNIoQ0Q=,2EmqGHWanK7af3q+VxFPwswNexc=
27,12,aQVBjnHn8Rri3EAYu8pMlNIoQ0Q=,2EmqGHWanK7af3q+VxFPwswNexc=
28,11,aQVBjnHn8Rri3EAYu8pMlNIoQ0Q=,2EmqGHWanK7af3q+VxFPwswNexc=
27,13,qiwb+zhPYrQ6bEVCCpMyOzGiwGs=,2EmqGHWanK7af3q+VxFPwswNexc=
28,13,qiwb+zhPYrQ6bEVCCpMyOzGiwGs=,2EmqGHWanK7af3q+VxFPwswNexc=
27,14,qiwb+zhPYrQ6bEVCCpMyOzGiwGs=,2EmqGHWanK7af3q+VxFPwswNexc=
28,14,qiwb+zhPYrQ6bEVCCpMyOzGiwGs=,2EmqGHWanK7af3q+VxFPwswNexc=
27,15,qiwb+zhPYrQ6bEVCCpMyOzGiwGs=,2EmqGHWanK7af3q+VxFPwswNexc=
28,15,qiwb+zhPYrQ6bEVCCpMyOzGiwGs=,2EmqGHWanK7af3q+VxFPwswNexc=
29,11,qiwb+zhPYrQ6bEVCCpMyOzGiwGs=,2EmqGHWanK7af3q+VxFPwswNexc=
30,12,qiwb+zhPYrQ6bEVCCpMyOzGiwGs=,2EmqGHWanK7af3q+VxFPwswNexc=
29,12,qiwb+zhPYrQ6bEVCCpMyOzGiwGs=,2EmqGHWanK7af3q+VxFPwswNexc=
31,11,qiwb+zhPYrQ6bEVCCpMyOzGiwGs=,2EmqGHWanK7af3q+VxFPwswNexc=
30,11,qiwb+zhPYrQ6bEVCCpMyOzGiwGs=,2EmqGHWanK7af3q+VxFPwswNexc=
31,12,qiwb+zhPYrQ6bEVCCpMyOzGiwGs=,2EmqGHWanK7af3q+VxFPwswNexc=
29,13,+gvbV7XrfpOw22TX01IpPcafXb4=,2EmqGHWanK7af3q+VxFPwswNexc=
30,13,+gvbV7XrfpOw22TX01IpPcafXb4=,2EmqGHWanK7af3q+VxFPwswNexc=
30,15,+gvbV7XrfpOw22TX01IpPcafXb4=,2EmqGHWanK7af3q+VxFPwswNexc=
29,15,+gvbV7XrfpOw22TX01IpPcafXb4=,2EmqGHWanK7af3q+VxFPwswNexc=
31,14,+gvbV7XrfpOw22TX01IpPcafXb4=,2EmqGHWanK7af3q+VxFPwswNexc=
30,14,+gvbV7XrfpOw22TX01IpPcafXb4=,2EmqGHWanK7af3q+VxFPwswNexc=
29,14,+gvbV7XrfpOw22TX01IpPcafXb4=,2EmqGHWanK7af3q+VxFPwswNexc=
31,13,+gvbV7XrfpOw22TX01IpPcafXb4=,2EmqGHWanK7af3q+VxFPwswNexc=
31,15,+gvbV7XrfpOw22TX01IpPcafXb4=,2EmqGHWanK7af3q+VxFPwswNexc=
30,9,OqAIK7OUSyDMffJUSY/U8U2q1pc=,2EmqGHWanK7af3q+VxFPwswNexc=
31,9,OqAIK7OUSyDMffJUSY/U8U2q1pc=,2EmqGHWanK7af3q+VxFPwswNexc=
29,10,OqAIK7OUSyDMffJUSY/U8U2q1pc=,2EmqGHWanK7af3q+VxFPwswNexc=
29,9,OqAIK7OUSyDMffJUSY/U8U2q1pc=,2EmqGHWanK7af3q+VxFPwswNexc=
28,10,OqAIK7OUSyDMffJUSY/U8U2q1pc=,2EmqGHWanK7af3q+VxFPwswNexc=
28,9,OqAIK7OUSyDMffJUSY/U8U2q1pc=,2EmqGHWanK7af3q+VxFPwswNexc=
27,9,OqAIK7OUSyDMffJUSY/U8U2q1pc=,2EmqGHWanK7af3q+VxFPwswNexc=
31,8,OqAIK7OUSyDMffJUSY/U8U2q1pc=,2EmqGHWanK7af3q+VxFPwswNexc=
30,8,OqAIK7OUSyDMffJUSY/U8U2q1pc=,2EmqGHWanK7af3q+VxFPwswNexc=
29,8,OqAIK7OUSyDMffJUSY/U8U2q1pc=,2EmqGHWanK7af3q+VxFPwswNexc=
28,8,OqAIK7OUSyDMffJUSY/U8U2q1pc=,2EmqGHWanK7af3q+VxFPwswNexc=
27,10,OqAIK7OUSyDMffJUSY/U8U2q1pc=,2EmqGHWanK7af3q+VxFPwswNexc=
30,10,OqAIK7OUSyDMffJUSY/U8U2q1pc=,2EmqGHWanK7af3q+VxFPwswNexc=
31,10,OqAIK7OUSyDMffJUSY/U8U2q1pc=,2EmqGHWanK7af3q+VxFPwswNexc=
27,8,OqAIK7OUSyDMffJUSY/U8U2q1pc=,2EmqGHWanK7af3q+VxFPwswNexc=
26,15,DmrxP/+1ZUFM9BLsnXqmsf/OKhA=,2EmqGHWanK7af3q+VxFPwswNexc=
25,15,DmrxP/+1ZUFM9BLsnXqmsf/OKhA=,2EmqGHWanK7af3q+VxFPwswNexc=
24,15,DmrxP/+1ZUFM9BLsnXqmsf/OKhA=,2EmqGHWanK7af3q+VxFPwswNexc=
26,14,DmrxP/+1ZUFM9BLsnXqmsf/OKhA=,2EmqGHWanK7af3q+VxFPwswNexc=
25,14,DmrxP/+1ZUFM9BLsnXqmsf/OKhA=,2EmqGHWanK7af3q+VxFPwswNexc=
24,14,DmrxP/+1ZUFM9BLsnXqmsf/OKhA=,2EmqGHWanK7af3q+VxFPwswNexc=
26,13,DmrxP/+1ZUFM9BLsnXqmsf/OKhA=,2EmqGHWanK7af3q+VxFPwswNexc=
24,13,DmrxP/+1ZUFM9BLsnXqmsf/OKhA=,2EmqGHWanK7af3q+VxFPwswNexc=
25,13,DmrxP/+1ZUFM9BLsnXqmsf/OKhA=,2EmqGHWanK7af3q+VxFPwswNexc=
26,12,DmrxP/+1ZUFM9BLsnXqmsf/OKhA=,2EmqGHWanK7af3q+VxFPwswNexc=
25,12,DmrxP/+1ZUFM9BLsnXqmsf/OKhA=,2EmqGHWanK7af3q+VxFPwswNexc=
24,12,DmrxP/+1ZUFM9BLsnXqmsf/OKhA=,2EmqGHWanK7af3q+VxFPwswNexc=
26,11,DmrxP/+1ZUFM9BLsnXqmsf/OKhA=,2EmqGHWanK7af3q+VxFPwswNexc=
25,11,DmrxP/+1ZUFM9BLsnXqmsf/OKhA=,2EmqGHWanK7af3q+VxFPwswNexc=
24,11,DmrxP/+1ZUFM9BLsnXqmsf/OKhA=,2EmqGHWanK7af3q+VxFPwswNexc=
26,9,MBIwupDEXrziQMfu5M0b8415fO4=,2EmqGHWanK7af3q+VxFPwswNexc=
24,9,MBIwupDEXrziQMfu5M0b8415fO4=,2EmqGHWanK7af3q+VxFPwswNexc=
25,9,MBIwupDEXrziQMfu5M0b8415fO4=,2EmqGHWanK7af3q+VxFPwswNexc=
24,10,MBIwupDEXrziQMfu5M0b8415fO4=,2EmqGHWanK7af3q+VxFPwswNexc=
25,10,MBIwupDEXrziQMfu5M0b8415fO4=,2EmqGHWanK7af3q+VxFPwswNexc=
26,8,MBIwupDEXrziQMfu5M0b8415fO4=,2EmqGHWanK7af3q+VxFPwswNexc=
25,8,MBIwupDEXrziQMfu5M0b8415fO4=,2EmqGHWanK7af3q+VxFPwswNexc=
24,8,MBIwupDEXrziQMfu5M0b8415fO4=,2EmqGHWanK7af3q+VxFPwswNexc=
26,10,MBIwupDEXrziQMfu5M0b8415fO4=,2EmqGHWanK7af3q+VxFPwswNexc=
