28,-12,ae6d8cGlQBrtgdixn6/KqQmbFmA=,RmpBmbVo6a59DJNeb+4nHRURRB8=
27,-13,ae6d8cGlQBrtgdixn6/KqQmbFmA=,RmpBmbVo6a59DJNeb+4nHRURRB8=
27,-12,ae6d8cGlQBrtgdixn6/KqQmbFmA=,RmpBmbVo6a59DJNeb+4nHRURRB8=
28,-13,ae6d8cGlQBrtgdixn6/KqQmbFmA=,RmpBmbVo6a59DJNeb+4nHRURRB8=
28,-10,ae6d8cGlQBrtgdixn6/KqQmbFmA=,RmpBmbVo6a59DJNeb+4nHRURRB8=
28,-7,ae6d8cGlQBrtgdixn6/KqQmbFmA=,RmpBmbVo6a59DJNeb+4nHRURRB8=
28,-8,ae6d8cGlQBrtgdixn6/KqQmbFmA=,RmpBmbVo6a59DJNeb+4nHRURRB8=
27,-7,ae6d8cGlQBrtgdixn6/KqQmbFmA=,RmpBmbVo6a59DJNeb+4nHRURRB8=
27,-8,ae6d8cGlQBrtgdixn6/KqQmbFmA=,RmpBmbVo6a59DJNeb+4nHRURRB8=
28,-6,ae6d8cGlQBrtgdixn6/KqQmbFmA=,RmpBmbVo6a59DJNeb+4nHRURRB8=
28,-5,SHO9X2Xp3n9h/TVeasc9gNppUBs=,RmpBmbVo6a59DJNeb+4nHRURRB8=
27,-9,ae6d8cGlQBrtgdixn6/KqQmbFmA=,RmpBmbVo6a59DJNeb+4nHRURRB8=
27,-11,ae6d8cGlQBrtgdixn6/KqQmbFmA=,RmpBmbVo6a59DJNeb+4nHRURRB8=
28,-9,ae6d8cGlQBrtgdixn6/KqQmbFmA=,RmpBmbVo6a59DJNeb+4nHRURRB8=
28,-11,ae6d8cGlQBrtgdixn6/KqQmbFmA=,RmpBmbVo6a59DJNeb+4nHRURRB8=
27,-4,SHO9X2Xp3n9h/TVeasc9gNppUBs=,RmpBmbVo6a59DJNeb+4nHRURRB8=
27,-5,SHO9X2Xp3n9h/TVeasc9gNppUBs=,RmpBmbVo6a59DJNeb+4nHRURRB8=
28,-4,SHO9X2Xp3n9h/TVeasc9gNppUBs=,RmpBmbVo6a59DJNeb+4nHRURRB8=
27,-6,ae6d8cGlQBrtgdixn6/KqQmbFmA=,RmpBmbVo6a59DJNeb+4nHRURRB8=
27,-10,ae6d8cGlQBrtgdixn6/KqQmbFmA=,RmpBmbVo6a59DJNeb+4nHRURRB8=
19,-1,fPAtyxSpXJlZcV+gRETFzqXgSbs=,RmpBmbVo6a59DJNeb+4nHRURRB8=
19,-5,fPAtyxSpXJlZcV+gRETFzqXgSbs=,RmpBmbVo6a59DJNeb+4nHRURRB8=
19,-3,fPAtyxSpXJlZcV+gRETFzqXgSbs=,RmpBmbVo6a59DJNeb+4nHRURRB8=
25,-4,fPAtyxSpXJlZcV+gRETFzqXgSbs=,RmpBmbVo6a59DJNeb+4nHRURRB8=
26,-4,fPAtyxSpXJlZcV+gRETFzqXgSbs=,RmpBmbVo6a59DJNeb+4nHRURRB8=
20,-3,fPAtyxSpXJlZcV+gRETFzqXgSbs=,RmpBmbVo6a59DJNeb+4nHRURRB8=
24,-4,fPAtyxSpXJlZcV+gRETFzqXgSbs=,RmpBmbVo6a59DJNeb+4nHRURRB8=
20,-2,fPAtyxSpXJlZcV+gRETFzqXgSbs=,RmpBmbVo6a59DJNeb+4nHRURRB8=
24,-5,fPAtyxSpXJlZcV+gRETFzqXgSbs=,RmpBmbVo6a59DJNeb+4nHRURRB8=
19,-2,fPAtyxSpXJlZcV+gRETFzqXgSbs=,RmpBmbVo6a59DJNeb+4nHRURRB8=
19,-4,fPAtyxSpXJlZcV+gRETFzqXgSbs=,RmpBmbVo6a59DJNeb+4nHRURRB8=
20,-1,fPAtyxSpXJlZcV+gRETFzqXgSbs=,RmpBmbVo6a59DJNeb+4nHRURRB8=
25,-5,fPAtyxSpXJlZcV+gRETFzqXgSbs=,RmpBmbVo6a59DJNeb+4nHRURRB8=
23,-4,fPAtyxSpXJlZcV+gRETFzqXgSbs=,RmpBmbVo6a59DJNeb+4nHRURRB8=
21,-4,fPAtyxSpXJlZcV+gRETFzqXgSbs=,RmpBmbVo6a59DJNeb+4nHRURRB8=
26,-5,fPAtyxSpXJlZcV+gRETFzqXgSbs=,RmpBmbVo6a59DJNeb+4nHRURRB8=
20,-4,fPAtyxSpXJlZcV+gRETFzqXgSbs=,RmpBmbVo6a59DJNeb+4nHRURRB8=
23,-5,fPAtyxSpXJlZcV+gRETFzqXgSbs=,RmpBmbVo6a59DJNeb+4nHRURRB8=
22,-5,fPAtyxSpXJlZcV+gRETFzqXgSbs=,RmpBmbVo6a59DJNeb+4nHRURRB8=
22,-4,fPAtyxSpXJlZcV+gRETFzqXgSbs=,RmpBmbVo6a59DJNeb+4nHRURRB8=
20,-5,fPAtyxSpXJlZcV+gRETFzqXgSbs=,RmpBmbVo6a59DJNeb+4nHRURRB8=
21,-5,fPAtyxSpXJlZcV+gRETFzqXgSbs=,RmpBmbVo6a59DJNeb+4nHRURRB8=
19,-13,Q7Rav3bdpK6Sz5Tdk9XCfJeLm2E=,RmpBmbVo6a59DJNeb+4nHRURRB8=
18,-13,Q7Rav3bdpK6Sz5Tdk9XCfJeLm2E=,RmpBmbVo6a59DJNeb+4nHRURRB8=
20,-13,Q7Rav3bdpK6Sz5Tdk9XCfJeLm2E=,RmpBmbVo6a59DJNeb+4nHRURRB8=
22,-6,Q7Rav3bdpK6Sz5Tdk9XCfJeLm2E=,RmpBmbVo6a59DJNeb+4nHRURRB8=
22,-7,Q7Rav3bdpK6Sz5Tdk9XCfJeLm2E=,RmpBmbVo6a59DJNeb+4nHRURRB8=
17,-13,Q7Rav3bdpK6Sz5Tdk9XCfJeLm2E=,RmpBmbVo6a59DJNeb+4nHRURRB8=
23,-7,Q7Rav3bdpK6Sz5Tdk9XCfJeLm2E=,RmpBmbVo6a59DJNeb+4nHRURRB8=
21,-7,Q7Rav3bdpK6Sz5Tdk9XCfJeLm2E=,RmpBmbVo6a59DJNeb+4nHRURRB8=
21,-6,Q7Rav3bdpK6Sz5Tdk9XCfJeLm2E=,RmpBmbVo6a59DJNeb+4nHRURRB8=
24,-13,Q7Rav3bdpK6Sz5Tdk9XCfJeLm2E=,RmpBmbVo6a59DJNeb+4nHRURRB8=
26,-13,Q7Rav3bdpK6Sz5Tdk9XCfJeLm2E=,RmpBmbVo6a59DJNeb+4nHRURRB8=
21,-13,Q7Rav3bdpK6Sz5Tdk9XCfJeLm2E=,RmpBmbVo6a59DJNeb+4nHRURRB8=
20,-6,Q7Rav3bdpK6Sz5Tdk9XCfJeLm2E=,RmpBmbVo6a59DJNeb+4nHRURRB8=
25,-13,Q7Rav3bdpK6Sz5Tdk9XCfJeLm2E=,RmpBmbVo6a59DJNeb+4nHRURRB8=
20,-7,Q7Rav3bdpK6Sz5Tdk9XCfJeLm2E=,RmpBmbVo6a59DJNeb+4nHRURRB8=
22,-13,Q7Rav3bdpK6Sz5Tdk9XCfJeLm2E=,RmpBmbVo6a59DJNeb+4nHRURRB8=
19,-6,Q7Rav3bdpK6Sz5Tdk9XCfJeLm2E=,RmpBmbVo6a59DJNeb+4nHRURRB8=
24,-6,Q7Rav3bdpK6Sz5Tdk9XCfJeLm2E=,RmpBmbVo6a59DJNeb+4nHRURRB8=
23,-8,Q7Rav3bdpK6Sz5Tdk9XCfJeLm2E=,RmpBmbVo6a59DJNeb+4nHRURRB8=
25,-6,Q7Rav3bdpK6Sz5Tdk9XCfJeLm2E=,RmpBmbVo6a59DJNeb+4nHRURRB8=
23,-6,Q7Rav3bdpK6Sz5Tdk9XCfJeLm2E=,RmpBmbVo6a59DJNeb+4nHRURRB8=
19,-7,Q7Rav3bdpK6Sz5Tdk9XCfJeLm2E=,RmpBmbVo6a59DJNeb+4nHRURRB8=
21,-8,Q7Rav3bdpK6Sz5Tdk9XCfJeLm2E=,RmpBmbVo6a59DJNeb+4nHRURRB8=
16,-13,Q7Rav3bdpK6Sz5Tdk9XCfJeLm2E=,RmpBmbVo6a59DJNeb+4nHRURRB8=
19,-8,Q7Rav3bdpK6Sz5Tdk9XCfJeLm2E=,RmpBmbVo6a59DJNeb+4nHRURRB8=
22,-8,Q7Rav3bdpK6Sz5Tdk9XCfJeLm2E=,RmpBmbVo6a59DJNeb+4nHRURRB8=
24,-7,Q7Rav3bdpK6Sz5Tdk9XCfJeLm2E=,RmpBmbVo6a59DJNeb+4nHRURRB8=
20,-8,Q7Rav3bdpK6Sz5Tdk9XCfJeLm2E=,RmpBmbVo6a59DJNeb+4nHRURRB8=
26,-10,Q7Rav3bdpK6Sz5Tdk9XCfJeLm2E=,RmpBmbVo6a59DJNeb+4nHRURRB8=
24,-12,Q7Rav3bdpK6Sz5Tdk9XCfJeLm2E=,RmpBmbVo6a59DJNeb+4nHRURRB8=
24,-10,Q7Rav3bdpK6Sz5Tdk9XCfJeLm2E=,RmpBmbVo6a59DJNeb+4nHRURRB8=
25,-10,Q7Rav3bdpK6Sz5Tdk9XCfJeLm2E=,RmpBmbVo6a59DJNeb+4nHRURRB8=
23,-10,Q7Rav3bdpK6Sz5Tdk9XCfJeLm2E=,RmpBmbVo6a59DJNeb+4nHRURRB8=
25,-12,Q7Rav3bdpK6Sz5Tdk9XCfJeLm2E=,RmpBmbVo6a59DJNeb+4nHRURRB8=
21,-9,Q7Rav3bdpK6Sz5Tdk9XCfJeLm2E=,RmpBmbVo6a59DJNeb+4nHRURRB8=
23,-9,Q7Rav3bdpK6Sz5Tdk9XCfJeLm2E=,RmpBmbVo6a59DJNeb+4nHRURRB8=
22,-9,Q7Rav3bdpK6Sz5Tdk9XCfJeLm2E=,RmpBmbVo6a59DJNeb+4nHRURRB8=
19,-9,Q7Rav3bdpK6Sz5Tdk9XCfJeLm2E=,RmpBmbVo6a59DJNeb+4nHRURRB8=
22,-10,Q7Rav3bdpK6Sz5Tdk9XCfJeLm2E=,RmpBmbVo6a59DJNeb+4nHRURRB8=
23,-13,Q7Rav3bdpK6Sz5Tdk9XCfJeLm2E=,RmpBmbVo6a59DJNeb+4nHRURRB8=
16,-12,Q7Rav3bdpK6Sz5Tdk9XCfJeLm2E=,RmpBmbVo6a59DJNeb+4nHRURRB8=
26,-12,Q7Rav3bdpK6Sz5Tdk9XCfJeLm2E=,RmpBmbVo6a59DJNeb+4nHRURRB8=
26,-7,Q7Rav3bdpK6Sz5Tdk9XCfJeLm2E=,RmpBmbVo6a59DJNeb+4nHRURRB8=
17,-12,Q7Rav3bdpK6Sz5Tdk9XCfJeLm2E=,RmpBmbVo6a59DJNeb+4nHRURRB8=
25,-7,Q7Rav3bdpK6Sz5Tdk9XCfJeLm2E=,RmpBmbVo6a59DJNeb+4nHRURRB8=
21,-10,Q7Rav3bdpK6Sz5Tdk9XCfJeLm2E=,RmpBmbVo6a59DJNeb+4nHRURRB8=
20,-10,Q7Rav3bdpK6Sz5Tdk9XCfJeLm2E=,RmpBmbVo6a59DJNeb+4nHRURRB8=
21,-11,Q7Rav3bdpK6Sz5Tdk9XCfJeLm2E=,RmpBmbVo6a59DJNeb+4nHRURRB8=
24,-8,Q7Rav3bdpK6Sz5Tdk9XCfJeLm2E=,RmpBmbVo6a59DJNeb+4nHRURRB8=
23,-11,Q7Rav3bdpK6Sz5Tdk9XCfJeLm2E=,RmpBmbVo6a59DJNeb+4nHRURRB8=
22,-11,Q7Rav3bdpK6Sz5Tdk9XCfJeLm2E=,RmpBmbVo6a59DJNeb+4nHRURRB8=
19,-11,Q7Rav3bdpK6Sz5Tdk9XCfJeLm2E=,RmpBmbVo6a59DJNeb+4nHRURRB8=
23,-12,Q7Rav3bdpK6Sz5Tdk9XCfJeLm2E=,RmpBmbVo6a59DJNeb+4nHRURRB8=
18,-12,Q7Rav3bdpK6Sz5Tdk9XCfJeLm2E=,RmpBmbVo6a59DJNeb+4nHRURRB8=
26,-9,Q7Rav3bdpK6Sz5Tdk9XCfJeLm2E=,RmpBmbVo6a59DJNeb+4nHRURRB8=
20,-12,Q7Rav3bdpK6Sz5Tdk9XCfJeLm2E=,RmpBmbVo6a59DJNeb+4nHRURRB8=
20,-11,Q7Rav3bdpK6Sz5Tdk9XCfJeLm2E=,RmpBmbVo6a59DJNeb+4nHRURRB8=
26,-8,Q7Rav3bdpK6Sz5Tdk9XCfJeLm2E=,RmpBmbVo6a59DJNeb+4nHRURRB8=
22,-12,Q7Rav3bdpK6Sz5Tdk9XCfJeLm2E=,RmpBmbVo6a59DJNeb+4nHRURRB8=
26,-11,Q7Rav3bdpK6Sz5Tdk9XCfJeLm2E=,RmpBmbVo6a59DJNeb+4nHRURRB8=
25,-11,Q7Rav3bdpK6Sz5Tdk9XCfJeLm2E=,RmpBmbVo6a59DJNeb+4nHRURRB8=
21,-12,Q7Rav3bdpK6Sz5Tdk9XCfJeLm2E=,RmpBmbVo6a59DJNeb+4nHRURRB8=
24,-9,Q7Rav3bdpK6Sz5Tdk9XCfJeLm2E=,RmpBmbVo6a59DJNeb+4nHRURRB8=
19,-10,Q7Rav3bdpK6Sz5Tdk9XCfJeLm2E=,RmpBmbVo6a59DJNeb+4nHRURRB8=
19,-12,Q7Rav3bdpK6Sz5Tdk9XCfJeLm2E=,RmpBmbVo6a59DJNeb+4nHRURRB8=
25,-8,Q7Rav3bdpK6Sz5Tdk9XCfJeLm2E=,RmpBmbVo6a59DJNeb+4nHRURRB8=
26,-6,Q7Rav3bdpK6Sz5Tdk9XCfJeLm2E=,RmpBmbVo6a59DJNeb+4nHRURRB8=
24,-11,Q7Rav3bdpK6Sz5Tdk9XCfJeLm2E=,RmpBmbVo6a59DJNeb+4nHRURRB8=
25,-9,Q7Rav3bdpK6Sz5Tdk9XCfJeLm2E=,RmpBmbVo6a59DJNeb+4nHRURRB8=
20,-9,Q7Rav3bdpK6Sz5Tdk9XCfJeLm2E=,RmpBmbVo6a59DJNeb+4nHRURRB8=
19,-15,vUTVnH+GlZkOU8KHNt/Ov1ivakk=,RmpBmbVo6a59DJNeb+4nHRURRB8=
19,-14,vUTVnH+GlZkOU8KHNt/Ov1ivakk=,RmpBmbVo6a59DJNeb+4nHRURRB8=
19,-16,vUTVnH+GlZkOU8KHNt/Ov1ivakk=,RmpBmbVo6a59DJNeb+4nHRURRB8=
20,-15,vUTVnH+GlZkOU8KHNt/Ov1ivakk=,RmpBmbVo6a59DJNeb+4nHRURRB8=
20,-14,vUTVnH+GlZkOU8KHNt/Ov1ivakk=,RmpBmbVo6a59DJNeb+4nHRURRB8=
20,-16,vUTVnH+GlZkOU8KHNt/Ov1ivakk=,RmpBmbVo6a59DJNeb+4nHRURRB8=
25,-3,KRjl2+fPmGS6X2o2VZxoRHk4s+U=,RmpBmbVo6a59DJNeb+4nHRURRB8=
21,-2,KRjl2+fPmGS6X2o2VZxoRHk4s+U=,RmpBmbVo6a59DJNeb+4nHRURRB8=
28,-1,KRjl2+fPmGS6X2o2VZxoRHk4s+U=,RmpBmbVo6a59DJNeb+4nHRURRB8=
21,-1,KRjl2+fPmGS6X2o2VZxoRHk4s+U=,RmpBmbVo6a59DJNeb+4nHRURRB8=
23,-2,BN88KMGWBT0qJeHiEt2qMLfzZb4=,RmpBmbVo6a59DJNeb+4nHRURRB8=
27,-1,KRjl2+fPmGS6X2o2VZxoRHk4s+U=,RmpBmbVo6a59DJNeb+4nHRURRB8=
22,-1,KRjl2+fPmGS6X2o2VZxoRHk4s+U=,RmpBmbVo6a59DJNeb+4nHRURRB8=
22,-2,KRjl2+fPmGS6X2o2VZxoRHk4s+U=,RmpBmbVo6a59DJNeb+4nHRURRB8=
23,-3,KRjl2+fPmGS6X2o2VZxoRHk4s+U=,RmpBmbVo6a59DJNeb+4nHRURRB8=
26,-3,KRjl2+fPmGS6X2o2VZxoRHk4s+U=,RmpBmbVo6a59DJNeb+4nHRURRB8=
26,-1,KRjl2+fPmGS6X2o2VZxoRHk4s+U=,RmpBmbVo6a59DJNeb+4nHRURRB8=
21,-3,KRjl2+fPmGS6X2o2VZxoRHk4s+U=,RmpBmbVo6a59DJNeb+4nHRURRB8=
24,-1,KRjl2+fPmGS6X2o2VZxoRHk4s+U=,RmpBmbVo6a59DJNeb+4nHRURRB8=
27,-3,BN88KMGWBT0qJeHiEt2qMLfzZb4=,RmpBmbVo6a59DJNeb+4nHRURRB8=
22,-3,KRjl2+fPmGS6X2o2VZxoRHk4s+U=,RmpBmbVo6a59DJNeb+4nHRURRB8=
24,-3,KRjl2+fPmGS6X2o2VZxoRHk4s+U=,RmpBmbVo6a59DJNeb+4nHRURRB8=
25,-1,KRjl2+fPmGS6X2o2VZxoRHk4s+U=,RmpBmbVo6a59DJNeb+4nHRURRB8=
23,-1,KRjl2+fPmGS6X2o2VZxoRHk4s+U=,RmpBmbVo6a59DJNeb+4nHRURRB8=
28,-2,KRjl2+fPmGS6X2o2VZxoRHk4s+U=,RmpBmbVo6a59DJNeb+4nHRURRB8=
24,-2,KRjl2+fPmGS6X2o2VZxoRHk4s+U=,RmpBmbVo6a59DJNeb+4nHRURRB8=
26,-2,KRjl2+fPmGS6X2o2VZxoRHk4s+U=,RmpBmbVo6a59DJNeb+4nHRURRB8=
25,-2,KRjl2+fPmGS6X2o2VZxoRHk4s+U=,RmpBmbVo6a59DJNeb+4nHRURRB8=
28,-3,BN88KMGWBT0qJeHiEt2qMLfzZb4=,RmpBmbVo6a59DJNeb+4nHRURRB8=
17,-5,Q5NDI/Q4x8mFYB3rQv4+vYQvT5U=,RmpBmbVo6a59DJNeb+4nHRURRB8=
16,-4,Q5NDI/Q4x8mFYB3rQv4+vYQvT5U=,RmpBmbVo6a59DJNeb+4nHRURRB8=
27,-2,KRjl2+fPmGS6X2o2VZxoRHk4s+U=,RmpBmbVo6a59DJNeb+4nHRURRB8=
18,-6,Q7Rav3bdpK6Sz5Tdk9XCfJeLm2E=,RmpBmbVo6a59DJNeb+4nHRURRB8=
16,-5,Q5NDI/Q4x8mFYB3rQv4+vYQvT5U=,RmpBmbVo6a59DJNeb+4nHRURRB8=
18,-5,Q5NDI/Q4x8mFYB3rQv4+vYQvT5U=,RmpBmbVo6a59DJNeb+4nHRURRB8=
17,-6,Q7Rav3bdpK6Sz5Tdk9XCfJeLm2E=,RmpBmbVo6a59DJNeb+4nHRURRB8=
16,-8,Q7Rav3bdpK6Sz5Tdk9XCfJeLm2E=,RmpBmbVo6a59DJNeb+4nHRURRB8=
16,-10,Q7Rav3bdpK6Sz5Tdk9XCfJeLm2E=,RmpBmbVo6a59DJNeb+4nHRURRB8=
16,-6,Q7Rav3bdpK6Sz5Tdk9XCfJeLm2E=,RmpBmbVo6a59DJNeb+4nHRURRB8=
16,-7,Q7Rav3bdpK6Sz5Tdk9XCfJeLm2E=,RmpBmbVo6a59DJNeb+4nHRURRB8=
17,-9,Q7Rav3bdpK6Sz5Tdk9XCfJeLm2E=,RmpBmbVo6a59DJNeb+4nHRURRB8=
17,-8,Q7Rav3bdpK6Sz5Tdk9XCfJeLm2E=,RmpBmbVo6a59DJNeb+4nHRURRB8=
16,-11,Q7Rav3bdpK6Sz5Tdk9XCfJeLm2E=,RmpBmbVo6a59DJNeb+4nHRURRB8=
16,-9,Q7Rav3bdpK6Sz5Tdk9XCfJeLm2E=,RmpBmbVo6a59DJNeb+4nHRURRB8=
17,-11,Q7Rav3bdpK6Sz5Tdk9XCfJeLm2E=,RmpBmbVo6a59DJNeb+4nHRURRB8=
18,-10,Q7Rav3bdpK6Sz5Tdk9XCfJeLm2E=,RmpBmbVo6a59DJNeb+4nHRURRB8=
17,-7,Q7Rav3bdpK6Sz5Tdk9XCfJeLm2E=,RmpBmbVo6a59DJNeb+4nHRURRB8=
17,-4,Q5NDI/Q4x8mFYB3rQv4+vYQvT5U=,RmpBmbVo6a59DJNeb+4nHRURRB8=
18,-7,Q7Rav3bdpK6Sz5Tdk9XCfJeLm2E=,RmpBmbVo6a59DJNeb+4nHRURRB8=
18,-11,Q7Rav3bdpK6Sz5Tdk9XCfJeLm2E=,RmpBmbVo6a59DJNeb+4nHRURRB8=
18,-8,Q7Rav3bdpK6Sz5Tdk9XCfJeLm2E=,RmpBmbVo6a59DJNeb+4nHRURRB8=
18,-9,Q7Rav3bdpK6Sz5Tdk9XCfJeLm2E=,RmpBmbVo6a59DJNeb+4nHRURRB8=
18,-4,Q5NDI/Q4x8mFYB3rQv4+vYQvT5U=,RmpBmbVo6a59DJNeb+4nHRURRB8=
17,-10,Q7Rav3bdpK6Sz5Tdk9XCfJeLm2E=,RmpBmbVo6a59DJNeb+4nHRURRB8=
17,-15,BN88KMGWBT0qJeHiEt2qMLfzZb4=,RmpBmbVo6a59DJNeb+4nHRURRB8=
17,-16,BN88KMGWBT0qJeHiEt2qMLfzZb4=,RmpBmbVo6a59DJNeb+4nHRURRB8=
18,-16,BN88KMGWBT0qJeHiEt2qMLfzZb4=,RmpBmbVo6a59DJNeb+4nHRURRB8=
17,-14,BN88KMGWBT0qJeHiEt2qMLfzZb4=,RmpBmbVo6a59DJNeb+4nHRURRB8=
18,-15,BN88KMGWBT0qJeHiEt2qMLfzZb4=,RmpBmbVo6a59DJNeb+4nHRURRB8=
16,-14,BN88KMGWBT0qJeHiEt2qMLfzZb4=,RmpBmbVo6a59DJNeb+4nHRURRB8=
18,-14,BN88KMGWBT0qJeHiEt2qMLfzZb4=,RmpBmbVo6a59DJNeb+4nHRURRB8=
16,-16,BN88KMGWBT0qJeHiEt2qMLfzZb4=,RmpBmbVo6a59DJNeb+4nHRURRB8=
16,-15,BN88KMGWBT0qJeHiEt2qMLfzZb4=,RmpBmbVo6a59DJNeb+4nHRURRB8=
29,-12,vUTVnH+GlZkOU8KHNt/Ov1ivakk=,RmpBmbVo6a59DJNeb+4nHRURRB8=
29,-13,vUTVnH+GlZkOU8KHNt/Ov1ivakk=,RmpBmbVo6a59DJNeb+4nHRURRB8=
30,-12,vUTVnH+GlZkOU8KHNt/Ov1ivakk=,RmpBmbVo6a59DJNeb+4nHRURRB8=
31,-12,vUTVnH+GlZkOU8KHNt/Ov1ivakk=,RmpBmbVo6a59DJNeb+4nHRURRB8=
31,-13,vUTVnH+GlZkOU8KHNt/Ov1ivakk=,RmpBmbVo6a59DJNeb+4nHRURRB8=
30,-13,vUTVnH+GlZkOU8KHNt/Ov1ivakk=,RmpBmbVo6a59DJNeb+4nHRURRB8=
30,-16,BN88KMGWBT0qJeHiEt2qMLfzZb4=,RmpBmbVo6a59DJNeb+4nHRURRB8=
22,-15,vUTVnH+GlZkOU8KHNt/Ov1ivakk=,RmpBmbVo6a59DJNeb+4nHRURRB8=
27,-16,vUTVnH+GlZkOU8KHNt/Ov1ivakk=,RmpBmbVo6a59DJNeb+4nHRURRB8=
29,-16,BN88KMGWBT0qJeHiEt2qMLfzZb4=,RmpBmbVo6a59DJNeb+4nHRURRB8=
23,-15,vUTVnH+GlZkOU8KHNt/Ov1ivakk=,RmpBmbVo6a59DJNeb+4nHRURRB8=
28,-16,vUTVnH+GlZkOU8KHNt/Ov1ivakk=,RmpBmbVo6a59DJNeb+4nHRURRB8=
21,-14,vUTVnH+GlZkOU8KHNt/Ov1ivakk=,RmpBmbVo6a59DJNeb+4nHRURRB8=
24,-15,vUTVnH+GlZkOU8KHNt/Ov1ivakk=,RmpBmbVo6a59DJNeb+4nHRURRB8=
26,-16,vUTVnH+GlZkOU8KHNt/Ov1ivakk=,RmpBmbVo6a59DJNeb+4nHRURRB8=
25,-16,vUTVnH+GlZkOU8KHNt/Ov1ivakk=,RmpBmbVo6a59DJNeb+4nHRURRB8=
31,-14,BN88KMGWBT0qJeHiEt2qMLfzZb4=,RmpBmbVo6a59DJNeb+4nHRURRB8=
31,-16,BN88KMGWBT0qJeHiEt2qMLfzZb4=,RmpBmbVo6a59DJNeb+4nHRURRB8=
21,-15,vUTVnH+GlZkOU8KHNt/Ov1ivakk=,RmpBmbVo6a59DJNeb+4nHRURRB8=
25,-15,vUTVnH+GlZkOU8KHNt/Ov1ivakk=,RmpBmbVo6a59DJNeb+4nHRURRB8=
23,-16,vUTVnH+GlZkOU8KHNt/Ov1ivakk=,RmpBmbVo6a59DJNeb+4nHRURRB8=
22,-16,vUTVnH+GlZkOU8KHNt/Ov1ivakk=,RmpBmbVo6a59DJNeb+4nHRURRB8=
27,-14,vUTVnH+GlZkOU8KHNt/Ov1ivakk=,RmpBmbVo6a59DJNeb+4nHRURRB8=
24,-16,vUTVnH+GlZkOU8KHNt/Ov1ivakk=,RmpBmbVo6a59DJNeb+4nHRURRB8=
23,-14,vUTVnH+GlZkOU8KHNt/Ov1ivakk=,RmpBmbVo6a59DJNeb+4nHRURRB8=
31,-15,BN88KMGWBT0qJeHiEt2qMLfzZb4=,RmpBmbVo6a59DJNeb+4nHRURRB8=
29,-14,BN88KMGWBT0qJeHiEt2qMLfzZb4=,RmpBmbVo6a59DJNeb+4nHRURRB8=
30,-14,BN88KMGWBT0qJeHiEt2qMLfzZb4=,RmpBmbVo6a59DJNeb+4nHRURRB8=
21,-16,vUTVnH+GlZkOU8KHNt/Ov1ivakk=,RmpBmbVo6a59DJNeb+4nHRURRB8=
24,-14,vUTVnH+GlZkOU8KHNt/Ov1ivakk=,RmpBmbVo6a59DJNeb+4nHRURRB8=
26,-14,vUTVnH+GlZkOU8KHNt/Ov1ivakk=,RmpBmbVo6a59DJNeb+4nHRURRB8=
29,-15,BN88KMGWBT0qJeHiEt2qMLfzZb4=,RmpBmbVo6a59DJNeb+4nHRURRB8=
26,-15,vUTVnH+GlZkOU8KHNt/Ov1ivakk=,RmpBmbVo6a59DJNeb+4nHRURRB8=
22,-14,vUTVnH+GlZkOU8KHNt/Ov1ivakk=,RmpBmbVo6a59DJNeb+4nHRURRB8=
17,-3,BN88KMGWBT0qJeHiEt2qMLfzZb4=,RmpBmbVo6a59DJNeb+4nHRURRB8=
27,-15,vUTVnH+GlZkOU8KHNt/Ov1ivakk=,RmpBmbVo6a59DJNeb+4nHRURRB8=
30,-15,BN88KMGWBT0qJeHiEt2qMLfzZb4=,RmpBmbVo6a59DJNeb+4nHRURRB8=
18,-1,BN88KMGWBT0qJeHiEt2qMLfzZb4=,RmpBmbVo6a59DJNeb+4nHRURRB8=
28,-15,vUTVnH+GlZkOU8KHNt/Ov1ivakk=,RmpBmbVo6a59DJNeb+4nHRURRB8=
18,-3,BN88KMGWBT0qJeHiEt2qMLfzZb4=,RmpBmbVo6a59DJNeb+4nHRURRB8=
17,-2,BN88KMGWBT0qJeHiEt2qMLfzZb4=,RmpBmbVo6a59DJNeb+4nHRURRB8=
16,-3,BN88KMGWBT0qJeHiEt2qMLfzZb4=,RmpBmbVo6a59DJNeb+4nHRURRB8=
25,-14,vUTVnH+GlZkOU8KHNt/Ov1ivakk=,RmpBmbVo6a59DJNeb+4nHRURRB8=
18,-2,BN88KMGWBT0qJeHiEt2qMLfzZb4=,RmpBmbVo6a59DJNeb+4nHRURRB8=
16,-2,BN88KMGWBT0qJeHiEt2qMLfzZb4=,RmpBmbVo6a59DJNeb+4nHRURRB8=
16,-1,BN88KMGWBT0qJeHiEt2qMLfzZb4=,RmpBmbVo6a59DJNeb+4nHRURRB8=
17,-1,BN88KMGWBT0qJeHiEt2qMLfzZb4=,RmpBmbVo6a59DJNeb+4nHRURRB8=
28,-14,vUTVnH+GlZkOU8KHNt/Ov1ivakk=,RmpBmbVo6a59DJNeb+4nHRURRB8=
31,-9,BN88KMGWBT0qJeHiEt2qMLfzZb4=,RmpBmbVo6a59DJNeb+4nHRURRB8=
31,-7,BN88KMGWBT0qJeHiEt2qMLfzZb4=,RmpBmbVo6a59DJNeb+4nHRURRB8=
30,-7,BN88KMGWBT0qJeHiEt2qMLfzZb4=,RmpBmbVo6a59DJNeb+4nHRURRB8=
30,-9,BN88KMGWBT0qJeHiEt2qMLfzZb4=,RmpBmbVo6a59DJNeb+4nHRURRB8=
31,-8,BN88KMGWBT0qJeHiEt2qMLfzZb4=,RmpBmbVo6a59DJNeb+4nHRURRB8=
29,-9,BN88KMGWBT0qJeHiEt2qMLfzZb4=,RmpBmbVo6a59DJNeb+4nHRURRB8=
30,-8,BN88KMGWBT0qJeHiEt2qMLfzZb4=,RmpBmbVo6a59DJNeb+4nHRURRB8=
30,-10,BN88KMGWBT0qJeHiEt2qMLfzZb4=,RmpBmbVo6a59DJNeb+4nHRURRB8=
30,-5,BN88KMGWBT0qJeHiEt2qMLfzZb4=,RmpBmbVo6a59DJNeb+4nHRURRB8=
31,-5,BN88KMGWBT0qJeHiEt2qMLfzZb4=,RmpBmbVo6a59DJNeb+4nHRURRB8=
29,-6,BN88KMGWBT0qJeHiEt2qMLfzZb4=,RmpBmbVo6a59DJNeb+4nHRURRB8=
30,-6,BN88KMGWBT0qJeHiEt2qMLfzZb4=,RmpBmbVo6a59DJNeb+4nHRURRB8=
29,-8,BN88KMGWBT0qJeHiEt2qMLfzZb4=,RmpBmbVo6a59DJNeb+4nHRURRB8=
30,-11,BN88KMGWBT0qJeHiEt2qMLfzZb4=,RmpBmbVo6a59DJNeb+4nHRURRB8=
29,-11,BN88KMGWBT0qJeHiEt2qMLfzZb4=,RmpBmbVo6a59DJNeb+4nHRURRB8=
31,-11,BN88KMGWBT0qJeHiEt2qMLfzZb4=,RmpBmbVo6a59DJNeb+4nHRURRB8=
31,-6,BN88KMGWBT0qJeHiEt2qMLfzZb4=,RmpBmbVo6a59DJNeb+4nHRURRB8=
30,-1,KRjl2+fPmGS6X2o2VZxoRHk4s+U=,RmpBmbVo6a59DJNeb+4nHRURRB8=
29,-5,BN88KMGWBT0qJeHiEt2qMLfzZb4=,RmpBmbVo6a59DJNeb+4nHRURRB8=
29,-10,BN88KMGWBT0qJeHiEt2qMLfzZb4=,RmpBmbVo6a59DJNeb+4nHRURRB8=
31,-3,KRjl2+fPmGS6X2o2VZxoRHk4s+U=,RmpBmbVo6a59DJNeb+4nHRURRB8=
31,-1,KRjl2+fPmGS6X2o2VZxoRHk4s+U=,RmpBmbVo6a59DJNeb+4nHRURRB8=
29,-1,KRjl2+fPmGS6X2o2VZxoRHk4s+U=,RmpBmbVo6a59DJNeb+4nHRURRB8=
31,-4,BN88KMGWBT0qJeHiEt2qMLfzZb4=,RmpBmbVo6a59DJNeb+4nHRURRB8=
31,-2,KRjl2+fPmGS6X2o2VZxoRHk4s+U=,RmpBmbVo6a59DJNeb+4nHRURRB8=
31,-10,BN88KMGWBT0qJeHiEt2qMLfzZb4=,RmpBmbVo6a59DJNeb+4nHRURRB8=
29,-7,BN88KMGWBT0qJeHiEt2qMLfzZb4=,RmpBmbVo6a59DJNeb+4nHRURRB8=
29,-2,KRjl2+fPmGS6X2o2VZxoRHk4s+U=,RmpBmbVo6a59DJNeb+4nHRURRB8=
29,-3,KRjl2+fPmGS6X2o2VZxoRHk4s+U=,RmpBmbVo6a59DJNeb+4nHRURRB8=
30,-4,BN88KMGWBT0qJeHiEt2qMLfzZb4=,RmpBmbVo6a59DJNeb+4nHRURRB8=
29,-4,BN88KMGWBT0qJeHiEt2qMLfzZb4=,RmpBmbVo6a59DJNeb+4nHRURRB8=
30,-2,KRjl2+fPmGS6X2o2VZxoRHk4s+U=,RmpBmbVo6a59DJNeb+4nHRURRB8=
30,-3,KRjl2+fPmGS6X2o2VZxoRHk4s+U=,RmpBmbVo6a59DJNeb+4nHRURRB8=
28,-28,mH18SD27VdOafbBg5UoihU8GORs=,RmpBmbVo6a59DJNeb+4nHRURRB8=
27,-28,mH18SD27VdOafbBg5UoihU8GORs=,RmpBmbVo6a59DJNeb+4nHRURRB8=
27,-29,mH18SD27VdOafbBg5UoihU8GORs=,RmpBmbVo6a59DJNeb+4nHRURRB8=
28,-29,mH18SD27VdOafbBg5UoihU8GORs=,RmpBmbVo6a59DJNeb+4nHRURRB8=
20,-29,DmLgp4NR4lWv/TZIkbkSS0c+qvw=,RmpBmbVo6a59DJNeb+4nHRURRB8=
19,-29,DmLgp4NR4lWv/TZIkbkSS0c+qvw=,RmpBmbVo6a59DJNeb+4nHRURRB8=
25,-29,mH18SD27VdOafbBg5UoihU8GORs=,RmpBmbVo6a59DJNeb+4nHRURRB8=
24,-29,mH18SD27VdOafbBg5UoihU8GORs=,RmpBmbVo6a59DJNeb+4nHRURRB8=
20,-28,DmLgp4NR4lWv/TZIkbkSS0c+qvw=,RmpBmbVo6a59DJNeb+4nHRURRB8=
19,-28,DmLgp4NR4lWv/TZIkbkSS0c+qvw=,RmpBmbVo6a59DJNeb+4nHRURRB8=
26,-28,mH18SD27VdOafbBg5UoihU8GORs=,RmpBmbVo6a59DJNeb+4nHRURRB8=
21,-28,mH18SD27VdOafbBg5UoihU8GORs=,RmpBmbVo6a59DJNeb+4nHRURRB8=
22,-28,mH18SD27VdOafbBg5UoihU8GORs=,RmpBmbVo6a59DJNeb+4nHRURRB8=
25,-28,mH18SD27VdOafbBg5UoihU8GORs=,RmpBmbVo6a59DJNeb+4nHRURRB8=
23,-29,mH18SD27VdOafbBg5UoihU8GORs=,RmpBmbVo6a59DJNeb+4nHRURRB8=
22,-29,mH18SD27VdOafbBg5UoihU8GORs=,RmpBmbVo6a59DJNeb+4nHRURRB8=
23,-28,mH18SD27VdOafbBg5UoihU8GORs=,RmpBmbVo6a59DJNeb+4nHRURRB8=
21,-29,mH18SD27VdOafbBg5UoihU8GORs=,RmpBmbVo6a59DJNeb+4nHRURRB8=
26,-29,mH18SD27VdOafbBg5UoihU8GORs=,RmpBmbVo6a59DJNeb+4nHRURRB8=
24,-28,mH18SD27VdOafbBg5UoihU8GORs=,RmpBmbVo6a59DJNeb+4nHRURRB8=
29,-29,hgeo4fHVxR6i0X6YIjxjvkOWkeo=,RmpBmbVo6a59DJNeb+4nHRURRB8=
31,-28,hgeo4fHVxR6i0X6YIjxjvkOWkeo=,RmpBmbVo6a59DJNeb+4nHRURRB8=
30,-28,hgeo4fHVxR6i0X6YIjxjvkOWkeo=,RmpBmbVo6a59DJNeb+4nHRURRB8=
29,-28,hgeo4fHVxR6i0X6YIjxjvkOWkeo=,RmpBmbVo6a59DJNeb+4nHRURRB8=
31,-29,hgeo4fHVxR6i0X6YIjxjvkOWkeo=,RmpBmbVo6a59DJNeb+4nHRURRB8=
30,-29,hgeo4fHVxR6i0X6YIjxjvkOWkeo=,RmpBmbVo6a59DJNeb+4nHRURRB8=
18,-29,hgeo4fHVxR6i0X6YIjxjvkOWkeo=,RmpBmbVo6a59DJNeb+4nHRURRB8=
18,-28,hgeo4fHVxR6i0X6YIjxjvkOWkeo=,RmpBmbVo6a59DJNeb+4nHRURRB8=
17,-28,hgeo4fHVxR6i0X6YIjxjvkOWkeo=,RmpBmbVo6a59DJNeb+4nHRURRB8=
16,-29,hgeo4fHVxR6i0X6YIjxjvkOWkeo=,RmpBmbVo6a59DJNeb+4nHRURRB8=
16,-28,hgeo4fHVxR6i0X6YIjxjvkOWkeo=,RmpBmbVo6a59DJNeb+4nHRURRB8=
17,-29,hgeo4fHVxR6i0X6YIjxjvkOWkeo=,RmpBmbVo6a59DJNeb+4nHRURRB8=
19,-31,RAloHPI5ibZZwB3QB12pCwzJm44=,RmpBmbVo6a59DJNeb+4nHRURRB8=
19,-30,RAloHPI5ibZZwB3QB12pCwzJm44=,RmpBmbVo6a59DJNeb+4nHRURRB8=
19,-32,RAloHPI5ibZZwB3QB12pCwzJm44=,RmpBmbVo6a59DJNeb+4nHRURRB8=
20,-30,RAloHPI5ibZZwB3QB12pCwzJm44=,RmpBmbVo6a59DJNeb+4nHRURRB8=
20,-32,RAloHPI5ibZZwB3QB12pCwzJm44=,RmpBmbVo6a59DJNeb+4nHRURRB8=
20,-31,RAloHPI5ibZZwB3QB12pCwzJm44=,RmpBmbVo6a59DJNeb+4nHRURRB8=
16,-30,RAloHPI5ibZZwB3QB12pCwzJm44=,RmpBmbVo6a59DJNeb+4nHRURRB8=
17,-31,RAloHPI5ibZZwB3QB12pCwzJm44=,RmpBmbVo6a59DJNeb+4nHRURRB8=
16,-31,RAloHPI5ibZZwB3QB12pCwzJm44=,RmpBmbVo6a59DJNeb+4nHRURRB8=
18,-32,RAloHPI5ibZZwB3QB12pCwzJm44=,RmpBmbVo6a59DJNeb+4nHRURRB8=
17,-32,RAloHPI5ibZZwB3QB12pCwzJm44=,RmpBmbVo6a59DJNeb+4nHRURRB8=
16,-32,RAloHPI5ibZZwB3QB12pCwzJm44=,RmpBmbVo6a59DJNeb+4nHRURRB8=
18,-31,RAloHPI5ibZZwB3QB12pCwzJm44=,RmpBmbVo6a59DJNeb+4nHRURRB8=
17,-30,RAloHPI5ibZZwB3QB12pCwzJm44=,RmpBmbVo6a59DJNeb+4nHRURRB8=
18,-30,RAloHPI5ibZZwB3QB12pCwzJm44=,RmpBmbVo6a59DJNeb+4nHRURRB8=
21,-30,RAloHPI5ibZZwB3QB12pCwzJm44=,RmpBmbVo6a59DJNeb+4nHRURRB8=
23,-31,RAloHPI5ibZZwB3QB12pCwzJm44=,RmpBmbVo6a59DJNeb+4nHRURRB8=
22,-31,RAloHPI5ibZZwB3QB12pCwzJm44=,RmpBmbVo6a59DJNeb+4nHRURRB8=
26,-32,RAloHPI5ibZZwB3QB12pCwzJm44=,RmpBmbVo6a59DJNeb+4nHRURRB8=
24,-32,RAloHPI5ibZZwB3QB12pCwzJm44=,RmpBmbVo6a59DJNeb+4nHRURRB8=
28,-30,hy+sAs/PjIcdQEgLJ/EPNao9pJo=,RmpBmbVo6a59DJNeb+4nHRURRB8=
21,-31,RAloHPI5ibZZwB3QB12pCwzJm44=,RmpBmbVo6a59DJNeb+4nHRURRB8=
27,-32,hy+sAs/PjIcdQEgLJ/EPNao9pJo=,RmpBmbVo6a59DJNeb+4nHRURRB8=
28,-32,hy+sAs/PjIcdQEgLJ/EPNao9pJo=,RmpBmbVo6a59DJNeb+4nHRURRB8=
21,-32,RAloHPI5ibZZwB3QB12pCwzJm44=,RmpBmbVo6a59DJNeb+4nHRURRB8=
23,-32,RAloHPI5ibZZwB3QB12pCwzJm44=,RmpBmbVo6a59DJNeb+4nHRURRB8=
28,-31,hy+sAs/PjIcdQEgLJ/EPNao9pJo=,RmpBmbVo6a59DJNeb+4nHRURRB8=
25,-30,RAloHPI5ibZZwB3QB12pCwzJm44=,RmpBmbVo6a59DJNeb+4nHRURRB8=
27,-31,hy+sAs/PjIcdQEgLJ/EPNao9pJo=,RmpBmbVo6a59DJNeb+4nHRURRB8=
23,-30,RAloHPI5ibZZwB3QB12pCwzJm44=,RmpBmbVo6a59DJNeb+4nHRURRB8=
22,-32,RAloHPI5ibZZwB3QB12pCwzJm44=,RmpBmbVo6a59DJNeb+4nHRURRB8=
24,-31,RAloHPI5ibZZwB3QB12pCwzJm44=,RmpBmbVo6a59DJNeb+4nHRURRB8=
24,-30,RAloHPI5ibZZwB3QB12pCwzJm44=,RmpBmbVo6a59DJNeb+4nHRURRB8=
27,-30,hy+sAs/PjIcdQEgLJ/EPNao9pJo=,RmpBmbVo6a59DJNeb+4nHRURRB8=
25,-31,RAloHPI5ibZZwB3QB12pCwzJm44=,RmpBmbVo6a59DJNeb+4nHRURRB8=
29,-32,RAloHPI5ibZZwB3QB12pCwzJm44=,RmpBmbVo6a59DJNeb+4nHRURRB8=
31,-32,RAloHPI5ibZZwB3QB12pCwzJm44=,RmpBmbVo6a59DJNeb+4nHRURRB8=
29,-31,RAloHPI5ibZZwB3QB12pCwzJm44=,RmpBmbVo6a59DJNeb+4nHRURRB8=
30,-32,RAloHPI5ibZZwB3QB12pCwzJm44=,RmpBmbVo6a59DJNeb+4nHRURRB8=
30,-31,RAloHPI5ibZZwB3QB12pCwzJm44=,RmpBmbVo6a59DJNeb+4nHRURRB8=
31,-31,RAloHPI5ibZZwB3QB12pCwzJm44=,RmpBmbVo6a59DJNeb+4nHRURRB8=
30,-30,RAloHPI5ibZZwB3QB12pCwzJm44=,RmpBmbVo6a59DJNeb+4nHRURRB8=
31,-30,RAloHPI5ibZZwB3QB12pCwzJm44=,RmpBmbVo6a59DJNeb+4nHRURRB8=
25,-32,RAloHPI5ibZZwB3QB12pCwzJm44=,RmpBmbVo6a59DJNeb+4nHRURRB8=
26,-30,RAloHPI5ibZZwB3QB12pCwzJm44=,RmpBmbVo6a59DJNeb+4nHRURRB8=
22,-30,RAloHPI5ibZZwB3QB12pCwzJm44=,RmpBmbVo6a59DJNeb+4nHRURRB8=
26,-31,RAloHPI5ibZZwB3QB12pCwzJm44=,RmpBmbVo6a59DJNeb+4nHRURRB8=
29,-30,RAloHPI5ibZZwB3QB12pCwzJm44=,RmpBmbVo6a59DJNeb+4nHRURRB8=
31,-24,LJelnxFg17NiFrsTmvhOkCoPa74=,RmpBmbVo6a59DJNeb+4nHRURRB8=
29,-24,LJelnxFg17NiFrsTmvhOkCoPa74=,RmpBmbVo6a59DJNeb+4nHRURRB8=
28,-24,LJelnxFg17NiFrsTmvhOkCoPa74=,RmpBmbVo6a59DJNeb+4nHRURRB8=
27,-24,LJelnxFg17NiFrsTmvhOkCoPa74=,RmpBmbVo6a59DJNeb+4nHRURRB8=
30,-24,LJelnxFg17NiFrsTmvhOkCoPa74=,RmpBmbVo6a59DJNeb+4nHRURRB8=
31,-27,LJelnxFg17NiFrsTmvhOkCoPa74=,RmpBmbVo6a59DJNeb+4nHRURRB8=
30,-27,LJelnxFg17NiFrsTmvhOkCoPa74=,RmpBmbVo6a59DJNeb+4nHRURRB8=
29,-23,LJelnxFg17NiFrsTmvhOkCoPa74=,RmpBmbVo6a59DJNeb+4nHRURRB8=
31,-25,LJelnxFg17NiFrsTmvhOkCoPa74=,RmpBmbVo6a59DJNeb+4nHRURRB8=
30,-25,LJelnxFg17NiFrsTmvhOkCoPa74=,RmpBmbVo6a59DJNeb+4nHRURRB8=
29,-27,LJelnxFg17NiFrsTmvhOkCoPa74=,RmpBmbVo6a59DJNeb+4nHRURRB8=
28,-27,LJelnxFg17NiFrsTmvhOkCoPa74=,RmpBmbVo6a59DJNeb+4nHRURRB8=
29,-25,LJelnxFg17NiFrsTmvhOkCoPa74=,RmpBmbVo6a59DJNeb+4nHRURRB8=
27,-25,LJelnxFg17NiFrsTmvhOkCoPa74=,RmpBmbVo6a59DJNeb+4nHRURRB8=
28,-23,LJelnxFg17NiFrsTmvhOkCoPa74=,RmpBmbVo6a59DJNeb+4nHRURRB8=
27,-23,LJelnxFg17NiFrsTmvhOkCoPa74=,RmpBmbVo6a59DJNeb+4nHRURRB8=
28,-25,LJelnxFg17NiFrsTmvhOkCoPa74=,RmpBmbVo6a59DJNeb+4nHRURRB8=
27,-27,LJelnxFg17NiFrsTmvhOkCoPa74=,RmpBmbVo6a59DJNeb+4nHRURRB8=
30,-26,LJelnxFg17NiFrsTmvhOkCoPa74=,RmpBmbVo6a59DJNeb+4nHRURRB8=
31,-17,LJelnxFg17NiFrsTmvhOkCoPa74=,RmpBmbVo6a59DJNeb+4nHRURRB8=
30,-22,LJelnxFg17NiFrsTmvhOkCoPa74=,RmpBmbVo6a59DJNeb+4nHRURRB8=
29,-26,LJelnxFg17NiFrsTmvhOkCoPa74=,RmpBmbVo6a59DJNeb+4nHRURRB8=
29,-21,LJelnxFg17NiFrsTmvhOkCoPa74=,RmpBmbVo6a59DJNeb+4nHRURRB8=
30,-23,LJelnxFg17NiFrsTmvhOkCoPa74=,RmpBmbVo6a59DJNeb+4nHRURRB8=
27,-20,LJelnxFg17NiFrsTmvhOkCoPa74=,RmpBmbVo6a59DJNeb+4nHRURRB8=
31,-26,LJelnxFg17NiFrsTmvhOkCoPa74=,RmpBmbVo6a59DJNeb+4nHRURRB8=
27,-18,LJelnxFg17NiFrsTmvhOkCoPa74=,RmpBmbVo6a59DJNeb+4nHRURRB8=
27,-26,LJelnxFg17NiFrsTmvhOkCoPa74=,RmpBmbVo6a59DJNeb+4nHRURRB8=
28,-26,LJelnxFg17NiFrsTmvhOkCoPa74=,RmpBmbVo6a59DJNeb+4nHRURRB8=
27,-17,LJelnxFg17NiFrsTmvhOkCoPa74=,RmpBmbVo6a59DJNeb+4nHRURRB8=
28,-19,LJelnxFg17NiFrsTmvhOkCoPa74=,RmpBmbVo6a59DJNeb+4nHRURRB8=
30,-18,LJelnxFg17NiFrsTmvhOkCoPa74=,RmpBmbVo6a59DJNeb+4nHRURRB8=
31,-23,LJelnxFg17NiFrsTmvhOkCoPa74=,RmpBmbVo6a59DJNeb+4nHRURRB8=
31,-19,LJelnxFg17NiFrsTmvhOkCoPa74=,RmpBmbVo6a59DJNeb+4nHRURRB8=
31,-18,LJelnxFg17NiFrsTmvhOkCoPa74=,RmpBmbVo6a59DJNeb+4nHRURRB8=
28,-21,LJelnxFg17NiFrsTmvhOkCoPa74=,RmpBmbVo6a59DJNeb+4nHRURRB8=
29,-19,LJelnxFg17NiFrsTmvhOkCoPa74=,RmpBmbVo6a59DJNeb+4nHRURRB8=
31,-21,LJelnxFg17NiFrsTmvhOkCoPa74=,RmpBmbVo6a59DJNeb+4nHRURRB8=
29,-18,LJelnxFg17NiFrsTmvhOkCoPa74=,RmpBmbVo6a59DJNeb+4nHRURRB8=
28,-18,LJelnxFg17NiFrsTmvhOkCoPa74=,RmpBmbVo6a59DJNeb+4nHRURRB8=
31,-22,LJelnxFg17NiFrsTmvhOkCoPa74=,RmpBmbVo6a59DJNeb+4nHRURRB8=
30,-21,LJelnxFg17NiFrsTmvhOkCoPa74=,RmpBmbVo6a59DJNeb+4nHRURRB8=
29,-22,LJelnxFg17NiFrsTmvhOkCoPa74=,RmpBmbVo6a59DJNeb+4nHRURRB8=
30,-20,LJelnxFg17NiFrsTmvhOkCoPa74=,RmpBmbVo6a59DJNeb+4nHRURRB8=
29,-17,LJelnxFg17NiFrsTmvhOkCoPa74=,RmpBmbVo6a59DJNeb+4nHRURRB8=
28,-22,LJelnxFg17NiFrsTmvhOkCoPa74=,RmpBmbVo6a59DJNeb+4nHRURRB8=
27,-22,LJelnxFg17NiFrsTmvhOkCoPa74=,RmpBmbVo6a59DJNeb+4nHRURRB8=
27,-21,LJelnxFg17NiFrsTmvhOkCoPa74=,RmpBmbVo6a59DJNeb+4nHRURRB8=
27,-19,LJelnxFg17NiFrsTmvhOkCoPa74=,RmpBmbVo6a59DJNeb+4nHRURRB8=
29,-20,LJelnxFg17NiFrsTmvhOkCoPa74=,RmpBmbVo6a59DJNeb+4nHRURRB8=
31,-20,LJelnxFg17NiFrsTmvhOkCoPa74=,RmpBmbVo6a59DJNeb+4nHRURRB8=
28,-20,LJelnxFg17NiFrsTmvhOkCoPa74=,RmpBmbVo6a59DJNeb+4nHRURRB8=
30,-19,LJelnxFg17NiFrsTmvhOkCoPa74=,RmpBmbVo6a59DJNeb+4nHRURRB8=
28,-17,LJelnxFg17NiFrsTmvhOkCoPa74=,RmpBmbVo6a59DJNeb+4nHRURRB8=
30,-17,LJelnxFg17NiFrsTmvhOkCoPa74=,RmpBmbVo6a59DJNeb+4nHRURRB8=
23,-17,BB3HP+XSKs6/2r/ReetwxMR23Mo=,RmpBmbVo6a59DJNeb+4nHRURRB8=
25,-26,BB3HP+XSKs6/2r/ReetwxMR23Mo=,RmpBmbVo6a59DJNeb+4nHRURRB8=
19,-19,BB3HP+XSKs6/2r/ReetwxMR23Mo=,RmpBmbVo6a59DJNeb+4nHRURRB8=
25,-22,BB3HP+XSKs6/2r/ReetwxMR23Mo=,RmpBmbVo6a59DJNeb+4nHRURRB8=
24,-22,BB3HP+XSKs6/2r/ReetwxMR23Mo=,RmpBmbVo6a59DJNeb+4nHRURRB8=
19,-21,BB3HP+XSKs6/2r/ReetwxMR23Mo=,RmpBmbVo6a59DJNeb+4nHRURRB8=
26,-17,BB3HP+XSKs6/2r/ReetwxMR23Mo=,RmpBmbVo6a59DJNeb+4nHRURRB8=
18,-21,BB3HP+XSKs6/2r/ReetwxMR23Mo=,RmpBmbVo6a59DJNeb+4nHRURRB8=
24,-23,BB3HP+XSKs6/2r/ReetwxMR23Mo=,RmpBmbVo6a59DJNeb+4nHRURRB8=
17,-19,BB3HP+XSKs6/2r/ReetwxMR23Mo=,RmpBmbVo6a59DJNeb+4nHRURRB8=
18,-19,BB3HP+XSKs6/2r/ReetwxMR23Mo=,RmpBmbVo6a59DJNeb+4nHRURRB8=
20,-17,BB3HP+XSKs6/2r/ReetwxMR23Mo=,RmpBmbVo6a59DJNeb+4nHRURRB8=
23,-22,BB3HP+XSKs6/2r/ReetwxMR23Mo=,RmpBmbVo6a59DJNeb+4nHRURRB8=
22,-22,BB3HP+XSKs6/2r/ReetwxMR23Mo=,RmpBmbVo6a59DJNeb+4nHRURRB8=
24,-26,BB3HP+XSKs6/2r/ReetwxMR23Mo=,RmpBmbVo6a59DJNeb+4nHRURRB8=
23,-23,BB3HP+XSKs6/2r/ReetwxMR23Mo=,RmpBmbVo6a59DJNeb+4nHRURRB8=
20,-23,BB3HP+XSKs6/2r/ReetwxMR23Mo=,RmpBmbVo6a59DJNeb+4nHRURRB8=
19,-23,BB3HP+XSKs6/2r/ReetwxMR23Mo=,RmpBmbVo6a59DJNeb+4nHRURRB8=
21,-20,BB3HP+XSKs6/2r/ReetwxMR23Mo=,RmpBmbVo6a59DJNeb+4nHRURRB8=
17,-23,BB3HP+XSKs6/2r/ReetwxMR23Mo=,RmpBmbVo6a59DJNeb+4nHRURRB8=
19,-22,BB3HP+XSKs6/2r/ReetwxMR23Mo=,RmpBmbVo6a59DJNeb+4nHRURRB8=
17,-17,BB3HP+XSKs6/2r/ReetwxMR23Mo=,RmpBmbVo6a59DJNeb+4nHRURRB8=
18,-22,BB3HP+XSKs6/2r/ReetwxMR23Mo=,RmpBmbVo6a59DJNeb+4nHRURRB8=
26,-20,BB3HP+XSKs6/2r/ReetwxMR23Mo=,RmpBmbVo6a59DJNeb+4nHRURRB8=
16,-22,BB3HP+XSKs6/2r/ReetwxMR23Mo=,RmpBmbVo6a59DJNeb+4nHRURRB8=
21,-23,BB3HP+XSKs6/2r/ReetwxMR23Mo=,RmpBmbVo6a59DJNeb+4nHRURRB8=
20,-22,BB3HP+XSKs6/2r/ReetwxMR23Mo=,RmpBmbVo6a59DJNeb+4nHRURRB8=
19,-24,BB3HP+XSKs6/2r/ReetwxMR23Mo=,RmpBmbVo6a59DJNeb+4nHRURRB8=
18,-24,BB3HP+XSKs6/2r/ReetwxMR23Mo=,RmpBmbVo6a59DJNeb+4nHRURRB8=
18,-23,BB3HP+XSKs6/2r/ReetwxMR23Mo=,RmpBmbVo6a59DJNeb+4nHRURRB8=
20,-24,BB3HP+XSKs6/2r/ReetwxMR23Mo=,RmpBmbVo6a59DJNeb+4nHRURRB8=
16,-17,BB3HP+XSKs6/2r/ReetwxMR23Mo=,RmpBmbVo6a59DJNeb+4nHRURRB8=
23,-24,BB3HP+XSKs6/2r/ReetwxMR23Mo=,RmpBmbVo6a59DJNeb+4nHRURRB8=
17,-22,BB3HP+XSKs6/2r/ReetwxMR23Mo=,RmpBmbVo6a59DJNeb+4nHRURRB8=
16,-19,BB3HP+XSKs6/2r/ReetwxMR23Mo=,RmpBmbVo6a59DJNeb+4nHRURRB8=
20,-20,BB3HP+XSKs6/2r/ReetwxMR23Mo=,RmpBmbVo6a59DJNeb+4nHRURRB8=
17,-24,BB3HP+XSKs6/2r/ReetwxMR23Mo=,RmpBmbVo6a59DJNeb+4nHRURRB8=
18,-17,BB3HP+XSKs6/2r/ReetwxMR23Mo=,RmpBmbVo6a59DJNeb+4nHRURRB8=
16,-23,BB3HP+XSKs6/2r/ReetwxMR23Mo=,RmpBmbVo6a59DJNeb+4nHRURRB8=
22,-24,BB3HP+XSKs6/2r/ReetwxMR23Mo=,RmpBmbVo6a59DJNeb+4nHRURRB8=
23,-18,BB3HP+XSKs6/2r/ReetwxMR23Mo=,RmpBmbVo6a59DJNeb+4nHRURRB8=
26,-18,BB3HP+XSKs6/2r/ReetwxMR23Mo=,RmpBmbVo6a59DJNeb+4nHRURRB8=
21,-22,BB3HP+XSKs6/2r/ReetwxMR23Mo=,RmpBmbVo6a59DJNeb+4nHRURRB8=
26,-21,BB3HP+XSKs6/2r/ReetwxMR23Mo=,RmpBmbVo6a59DJNeb+4nHRURRB8=
22,-20,BB3HP+XSKs6/2r/ReetwxMR23Mo=,RmpBmbVo6a59DJNeb+4nHRURRB8=
23,-20,BB3HP+XSKs6/2r/ReetwxMR23Mo=,RmpBmbVo6a59DJNeb+4nHRURRB8=
19,-20,BB3HP+XSKs6/2r/ReetwxMR23Mo=,RmpBmbVo6a59DJNeb+4nHRURRB8=
18,-25,BB3HP+XSKs6/2r/ReetwxMR23Mo=,RmpBmbVo6a59DJNeb+4nHRURRB8=
20,-25,BB3HP+XSKs6/2r/ReetwxMR23Mo=,RmpBmbVo6a59DJNeb+4nHRURRB8=
17,-25,BB3HP+XSKs6/2r/ReetwxMR23Mo=,RmpBmbVo6a59DJNeb+4nHRURRB8=
16,-25,BB3HP+XSKs6/2r/ReetwxMR23Mo=,RmpBmbVo6a59DJNeb+4nHRURRB8=
22,-23,BB3HP+XSKs6/2r/ReetwxMR23Mo=,RmpBmbVo6a59DJNeb+4nHRURRB8=
18,-20,BB3HP+XSKs6/2r/ReetwxMR23Mo=,RmpBmbVo6a59DJNeb+4nHRURRB8=
25,-17,BB3HP+XSKs6/2r/ReetwxMR23Mo=,RmpBmbVo6a59DJNeb+4nHRURRB8=
21,-18,BB3HP+XSKs6/2r/ReetwxMR23Mo=,RmpBmbVo6a59DJNeb+4nHRURRB8=
25,-18,BB3HP+XSKs6/2r/ReetwxMR23Mo=,RmpBmbVo6a59DJNeb+4nHRURRB8=
20,-26,BB3HP+XSKs6/2r/ReetwxMR23Mo=,RmpBmbVo6a59DJNeb+4nHRURRB8=
19,-25,BB3HP+XSKs6/2r/ReetwxMR23Mo=,RmpBmbVo6a59DJNeb+4nHRURRB8=
25,-21,BB3HP+XSKs6/2r/ReetwxMR23Mo=,RmpBmbVo6a59DJNeb+4nHRURRB8=
24,-25,BB3HP+XSKs6/2r/ReetwxMR23Mo=,RmpBmbVo6a59DJNeb+4nHRURRB8=
19,-17,BB3HP+XSKs6/2r/ReetwxMR23Mo=,RmpBmbVo6a59DJNeb+4nHRURRB8=
19,-26,BB3HP+XSKs6/2r/ReetwxMR23Mo=,RmpBmbVo6a59DJNeb+4nHRURRB8=
24,-17,BB3HP+XSKs6/2r/ReetwxMR23Mo=,RmpBmbVo6a59DJNeb+4nHRURRB8=
16,-24,BB3HP+XSKs6/2r/ReetwxMR23Mo=,RmpBmbVo6a59DJNeb+4nHRURRB8=
17,-26,BB3HP+XSKs6/2r/ReetwxMR23Mo=,RmpBmbVo6a59DJNeb+4nHRURRB8=
26,-24,BB3HP+XSKs6/2r/ReetwxMR23Mo=,RmpBmbVo6a59DJNeb+4nHRURRB8=
18,-18,BB3HP+XSKs6/2r/ReetwxMR23Mo=,RmpBmbVo6a59DJNeb+4nHRURRB8=
25,-24,BB3HP+XSKs6/2r/ReetwxMR23Mo=,RmpBmbVo6a59DJNeb+4nHRURRB8=
16,-26,BB3HP+XSKs6/2r/ReetwxMR23Mo=,RmpBmbVo6a59DJNeb+4nHRURRB8=
24,-24,BB3HP+XSKs6/2r/ReetwxMR23Mo=,RmpBmbVo6a59DJNeb+4nHRURRB8=
19,-18,BB3HP+XSKs6/2r/ReetwxMR23Mo=,RmpBmbVo6a59DJNeb+4nHRURRB8=
24,-21,BB3HP+XSKs6/2r/ReetwxMR23Mo=,RmpBmbVo6a59DJNeb+4nHRURRB8=
23,-25,BB3HP+XSKs6/2r/ReetwxMR23Mo=,RmpBmbVo6a59DJNeb+4nHRURRB8=
17,-18,BB3HP+XSKs6/2r/ReetwxMR23Mo=,RmpBmbVo6a59DJNeb+4nHRURRB8=
20,-27,BB3HP+XSKs6/2r/ReetwxMR23Mo=,RmpBmbVo6a59DJNeb+4nHRURRB8=
21,-24,BB3HP+XSKs6/2r/ReetwxMR23Mo=,RmpBmbVo6a59DJNeb+4nHRURRB8=
19,-27,BB3HP+XSKs6/2r/ReetwxMR23Mo=,RmpBmbVo6a59DJNeb+4nHRURRB8=
23,-26,BB3HP+XSKs6/2r/ReetwxMR23Mo=,RmpBmbVo6a59DJNeb+4nHRURRB8=
18,-27,BB3HP+XSKs6/2r/ReetwxMR23Mo=,RmpBmbVo6a59DJNeb+4nHRURRB8=
26,-25,BB3HP+XSKs6/2r/ReetwxMR23Mo=,RmpBmbVo6a59DJNeb+4nHRURRB8=
16,-27,BB3HP+XSKs6/2r/ReetwxMR23Mo=,RmpBmbVo6a59DJNeb+4nHRURRB8=
17,-27,BB3HP+XSKs6/2r/ReetwxMR23Mo=,RmpBmbVo6a59DJNeb+4nHRURRB8=
21,-26,BB3HP+XSKs6/2r/ReetwxMR23Mo=,RmpBmbVo6a59DJNeb+4nHRURRB8=
22,-18,BB3HP+XSKs6/2r/ReetwxMR23Mo=,RmpBmbVo6a59DJNeb+4nHRURRB8=
23,-19,BB3HP+XSKs6/2r/ReetwxMR23Mo=,RmpBmbVo6a59DJNeb+4nHRURRB8=
20,-19,BB3HP+XSKs6/2r/ReetwxMR23Mo=,RmpBmbVo6a59DJNeb+4nHRURRB8=
24,-18,BB3HP+XSKs6/2r/ReetwxMR23Mo=,RmpBmbVo6a59DJNeb+4nHRURRB8=
25,-23,BB3HP+XSKs6/2r/ReetwxMR23Mo=,RmpBmbVo6a59DJNeb+4nHRURRB8=
22,-19,BB3HP+XSKs6/2r/ReetwxMR23Mo=,RmpBmbVo6a59DJNeb+4nHRURRB8=
21,-27,BB3HP+XSKs6/2r/ReetwxMR23Mo=,RmpBmbVo6a59DJNeb+4nHRURRB8=
21,-17,BB3HP+XSKs6/2r/ReetwxMR23Mo=,RmpBmbVo6a59DJNeb+4nHRURRB8=
23,-27,BB3HP+XSKs6/2r/ReetwxMR23Mo=,RmpBmbVo6a59DJNeb+4nHRURRB8=
24,-19,BB3HP+XSKs6/2r/ReetwxMR23Mo=,RmpBmbVo6a59DJNeb+4nHRURRB8=
25,-19,BB3HP+XSKs6/2r/ReetwxMR23Mo=,RmpBmbVo6a59DJNeb+4nHRURRB8=
16,-20,BB3HP+XSKs6/2r/ReetwxMR23Mo=,RmpBmbVo6a59DJNeb+4nHRURRB8=
24,-20,BB3HP+XSKs6/2r/ReetwxMR23Mo=,RmpBmbVo6a59DJNeb+4nHRURRB8=
17,-21,BB3HP+XSKs6/2r/ReetwxMR23Mo=,RmpBmbVo6a59DJNeb+4nHRURRB8=
17,-20,BB3HP+XSKs6/2r/ReetwxMR23Mo=,RmpBmbVo6a59DJNeb+4nHRURRB8=
26,-23,BB3HP+XSKs6/2r/ReetwxMR23Mo=,RmpBmbVo6a59DJNeb+4nHRURRB8=
22,-26,BB3HP+XSKs6/2r/ReetwxMR23Mo=,RmpBmbVo6a59DJNeb+4nHRURRB8=
20,-21,BB3HP+XSKs6/2r/ReetwxMR23Mo=,RmpBmbVo6a59DJNeb+4nHRURRB8=
21,-19,BB3HP+XSKs6/2r/ReetwxMR23Mo=,RmpBmbVo6a59DJNeb+4nHRURRB8=
26,-27,BB3HP+XSKs6/2r/ReetwxMR23Mo=,RmpBmbVo6a59DJNeb+4nHRURRB8=
24,-27,BB3HP+XSKs6/2r/ReetwxMR23Mo=,RmpBmbVo6a59DJNeb+4nHRURRB8=
26,-19,BB3HP+XSKs6/2r/ReetwxMR23Mo=,RmpBmbVo6a59DJNeb+4nHRURRB8=
16,-18,BB3HP+XSKs6/2r/ReetwxMR23Mo=,RmpBmbVo6a59DJNeb+4nHRURRB8=
25,-20,BB3HP+XSKs6/2r/ReetwxMR23Mo=,RmpBmbVo6a59DJNeb+4nHRURRB8=
20,-18,BB3HP+XSKs6/2r/ReetwxMR23Mo=,RmpBmbVo6a59DJNeb+4nHRURRB8=
25,-27,BB3HP+XSKs6/2r/ReetwxMR23Mo=,RmpBmbVo6a59DJNeb+4nHRURRB8=
26,-26,BB3HP+XSKs6/2r/ReetwxMR23Mo=,RmpBmbVo6a59DJNeb+4nHRURRB8=
26,-22,BB3HP+XSKs6/2r/ReetwxMR23Mo=,RmpBmbVo6a59DJNeb+4nHRURRB8=
25,-25,BB3HP+XSKs6/2r/ReetwxMR23Mo=,RmpBmbVo6a59DJNeb+4nHRURRB8=
16,-21,BB3HP+XSKs6/2r/ReetwxMR23Mo=,RmpBmbVo6a59DJNeb+4nHRURRB8=
23,-21,BB3HP+XSKs6/2r/ReetwxMR23Mo=,RmpBmbVo6a59DJNeb+4nHRURRB8=
22,-21,BB3HP+XSKs6/2r/ReetwxMR23Mo=,RmpBmbVo6a59DJNeb+4nHRURRB8=
21,-21,BB3HP+XSKs6/2r/ReetwxMR23Mo=,RmpBmbVo6a59DJNeb+4nHRURRB8=
22,-27,BB3HP+XSKs6/2r/ReetwxMR23Mo=,RmpBmbVo6a59DJNeb+4nHRURRB8=
22,-25,BB3HP+XSKs6/2r/ReetwxMR23Mo=,RmpBmbVo6a59DJNeb+4nHRURRB8=
22,-17,BB3HP+XSKs6/2r/ReetwxMR23Mo=,RmpBmbVo6a59DJNeb+4nHRURRB8=
21,-25,BB3HP+XSKs6/2r/ReetwxMR23Mo=,RmpBmbVo6a59DJNeb+4nHRURRB8=
18,-26,BB3HP+XSKs6/2r/ReetwxMR23Mo=,RmpBmbVo6a59DJNeb+4nHRURRB8=
12,-29,WzeEk27wtWC0/MTAkOhPKFJmgss=,RmpBmbVo6a59DJNeb+4nHRURRB8=
11,-29,WzeEk27wtWC0/MTAkOhPKFJmgss=,RmpBmbVo6a59DJNeb+4nHRURRB8=
12,-28,WzeEk27wtWC0/MTAkOhPKFJmgss=,RmpBmbVo6a59DJNeb+4nHRURRB8=
11,-28,WzeEk27wtWC0/MTAkOhPKFJmgss=,RmpBmbVo6a59DJNeb+4nHRURRB8=
12,-25,iGtrAACnhkoYQzc49tNUTRfDC5s=,RmpBmbVo6a59DJNeb+4nHRURRB8=
11,-25,iGtrAACnhkoYQzc49tNUTRfDC5s=,RmpBmbVo6a59DJNeb+4nHRURRB8=
12,-26,iGtrAACnhkoYQzc49tNUTRfDC5s=,RmpBmbVo6a59DJNeb+4nHRURRB8=
11,-20,iGtrAACnhkoYQzc49tNUTRfDC5s=,RmpBmbVo6a59DJNeb+4nHRURRB8=
11,-26,iGtrAACnhkoYQzc49tNUTRfDC5s=,RmpBmbVo6a59DJNeb+4nHRURRB8=
12,-23,iGtrAACnhkoYQzc49tNUTRfDC5s=,RmpBmbVo6a59DJNeb+4nHRURRB8=
11,-23,iGtrAACnhkoYQzc49tNUTRfDC5s=,RmpBmbVo6a59DJNeb+4nHRURRB8=
11,-22,iGtrAACnhkoYQzc49tNUTRfDC5s=,RmpBmbVo6a59DJNeb+4nHRURRB8=
12,-24,iGtrAACnhkoYQzc49tNUTRfDC5s=,RmpBmbVo6a59DJNeb+4nHRURRB8=
11,-27,iGtrAACnhkoYQzc49tNUTRfDC5s=,RmpBmbVo6a59DJNeb+4nHRURRB8=
12,-20,iGtrAACnhkoYQzc49tNUTRfDC5s=,RmpBmbVo6a59DJNeb+4nHRURRB8=
12,-22,iGtrAACnhkoYQzc49tNUTRfDC5s=,RmpBmbVo6a59DJNeb+4nHRURRB8=
12,-21,iGtrAACnhkoYQzc49tNUTRfDC5s=,RmpBmbVo6a59DJNeb+4nHRURRB8=
11,-24,iGtrAACnhkoYQzc49tNUTRfDC5s=,RmpBmbVo6a59DJNeb+4nHRURRB8=
11,-21,iGtrAACnhkoYQzc49tNUTRfDC5s=,RmpBmbVo6a59DJNeb+4nHRURRB8=
12,-27,iGtrAACnhkoYQzc49tNUTRfDC5s=,RmpBmbVo6a59DJNeb+4nHRURRB8=
12,-18,kwC/9wkp+DflCJos359JWmRAI2A=,RmpBmbVo6a59DJNeb+4nHRURRB8=
11,-18,kwC/9wkp+DflCJos359JWmRAI2A=,RmpBmbVo6a59DJNeb+4nHRURRB8=
12,-19,kwC/9wkp+DflCJos359JWmRAI2A=,RmpBmbVo6a59DJNeb+4nHRURRB8=
11,-17,kwC/9wkp+DflCJos359JWmRAI2A=,RmpBmbVo6a59DJNeb+4nHRURRB8=
11,-19,kwC/9wkp+DflCJos359JWmRAI2A=,RmpBmbVo6a59DJNeb+4nHRURRB8=
12,-17,kwC/9wkp+DflCJos359JWmRAI2A=,RmpBmbVo6a59DJNeb+4nHRURRB8=
11,-32,KACwx5Ta1hfhCiP0XNu8eExl0u0=,RmpBmbVo6a59DJNeb+4nHRURRB8=
12,-30,KACwx5Ta1hfhCiP0XNu8eExl0u0=,RmpBmbVo6a59DJNeb+4nHRURRB8=
12,-32,KACwx5Ta1hfhCiP0XNu8eExl0u0=,RmpBmbVo6a59DJNeb+4nHRURRB8=
11,-31,KACwx5Ta1hfhCiP0XNu8eExl0u0=,RmpBmbVo6a59DJNeb+4nHRURRB8=
11,-30,KACwx5Ta1hfhCiP0XNu8eExl0u0=,RmpBmbVo6a59DJNeb+4nHRURRB8=
12,-31,KACwx5Ta1hfhCiP0XNu8eExl0u0=,RmpBmbVo6a59DJNeb+4nHRURRB8=
15,-29,ikjLnLsy7gn15T+HxvlBWtxBb9o=,RmpBmbVo6a59DJNeb+4nHRURRB8=
15,-28,ikjLnLsy7gn15T+HxvlBWtxBb9o=,RmpBmbVo6a59DJNeb+4nHRURRB8=
13,-29,ikjLnLsy7gn15T+HxvlBWtxBb9o=,RmpBmbVo6a59DJNeb+4nHRURRB8=
14,-29,ikjLnLsy7gn15T+HxvlBWtxBb9o=,RmpBmbVo6a59DJNeb+4nHRURRB8=
14,-28,ikjLnLsy7gn15T+HxvlBWtxBb9o=,RmpBmbVo6a59DJNeb+4nHRURRB8=
13,-28,ikjLnLsy7gn15T+HxvlBWtxBb9o=,RmpBmbVo6a59DJNeb+4nHRURRB8=
9,-17,kwC/9wkp+DflCJos359JWmRAI2A=,RmpBmbVo6a59DJNeb+4nHRURRB8=
9,-19,kwC/9wkp+DflCJos359JWmRAI2A=,RmpBmbVo6a59DJNeb+4nHRURRB8=
10,-17,kwC/9wkp+DflCJos359JWmRAI2A=,RmpBmbVo6a59DJNeb+4nHRURRB8=
8,-17,kwC/9wkp+DflCJos359JWmRAI2A=,RmpBmbVo6a59DJNeb+4nHRURRB8=
3,-19,ikjLnLsy7gn15T+HxvlBWtxBb9o=,RmpBmbVo6a59DJNeb+4nHRURRB8=
5,-20,ikjLnLsy7gn15T+HxvlBWtxBb9o=,RmpBmbVo6a59DJNeb+4nHRURRB8=
9,-18,kwC/9wkp+DflCJos359JWmRAI2A=,RmpBmbVo6a59DJNeb+4nHRURRB8=
6,-18,kwC/9wkp+DflCJos359JWmRAI2A=,RmpBmbVo6a59DJNeb+4nHRURRB8=
3,-17,ikjLnLsy7gn15T+HxvlBWtxBb9o=,RmpBmbVo6a59DJNeb+4nHRURRB8=
3,-21,ikjLnLsy7gn15T+HxvlBWtxBb9o=,RmpBmbVo6a59DJNeb+4nHRURRB8=
9,-20,ikjLnLsy7gn15T+HxvlBWtxBb9o=,RmpBmbVo6a59DJNeb+4nHRURRB8=
10,-18,kwC/9wkp+DflCJos359JWmRAI2A=,RmpBmbVo6a59DJNeb+4nHRURRB8=
7,-20,ikjLnLsy7gn15T+HxvlBWtxBb9o=,RmpBmbVo6a59DJNeb+4nHRURRB8=
7,-18,kwC/9wkp+DflCJos359JWmRAI2A=,RmpBmbVo6a59DJNeb+4nHRURRB8=
10,-21,ikjLnLsy7gn15T+HxvlBWtxBb9o=,RmpBmbVo6a59DJNeb+4nHRURRB8=
10,-20,ikjLnLsy7gn15T+HxvlBWtxBb9o=,RmpBmbVo6a59DJNeb+4nHRURRB8=
8,-19,kwC/9wkp+DflCJos359JWmRAI2A=,RmpBmbVo6a59DJNeb+4nHRURRB8=
7,-17,kwC/9wkp+DflCJos359JWmRAI2A=,RmpBmbVo6a59DJNeb+4nHRURRB8=
8,-20,ikjLnLsy7gn15T+HxvlBWtxBb9o=,RmpBmbVo6a59DJNeb+4nHRURRB8=
8,-18,kwC/9wkp+DflCJos359JWmRAI2A=,RmpBmbVo6a59DJNeb+4nHRURRB8=
4,-20,ikjLnLsy7gn15T+HxvlBWtxBb9o=,RmpBmbVo6a59DJNeb+4nHRURRB8=
10,-19,kwC/9wkp+DflCJos359JWmRAI2A=,RmpBmbVo6a59DJNeb+4nHRURRB8=
5,-18,kwC/9wkp+DflCJos359JWmRAI2A=,RmpBmbVo6a59DJNeb+4nHRURRB8=
7,-19,kwC/9wkp+DflCJos359JWmRAI2A=,RmpBmbVo6a59DJNeb+4nHRURRB8=
8,-21,ikjLnLsy7gn15T+HxvlBWtxBb9o=,RmpBmbVo6a59DJNeb+4nHRURRB8=
6,-17,kwC/9wkp+DflCJos359JWmRAI2A=,RmpBmbVo6a59DJNeb+4nHRURRB8=
9,-21,ikjLnLsy7gn15T+HxvlBWtxBb9o=,RmpBmbVo6a59DJNeb+4nHRURRB8=
4,-19,ikjLnLsy7gn15T+HxvlBWtxBb9o=,RmpBmbVo6a59DJNeb+4nHRURRB8=
3,-20,ikjLnLsy7gn15T+HxvlBWtxBb9o=,RmpBmbVo6a59DJNeb+4nHRURRB8=
4,-21,ikjLnLsy7gn15T+HxvlBWtxBb9o=,RmpBmbVo6a59DJNeb+4nHRURRB8=
3,-18,ikjLnLsy7gn15T+HxvlBWtxBb9o=,RmpBmbVo6a59DJNeb+4nHRURRB8=
7,-21,ikjLnLsy7gn15T+HxvlBWtxBb9o=,RmpBmbVo6a59DJNeb+4nHRURRB8=
4,-18,ikjLnLsy7gn15T+HxvlBWtxBb9o=,RmpBmbVo6a59DJNeb+4nHRURRB8=
6,-21,ikjLnLsy7gn15T+HxvlBWtxBb9o=,RmpBmbVo6a59DJNeb+4nHRURRB8=
6,-19,kwC/9wkp+DflCJos359JWmRAI2A=,RmpBmbVo6a59DJNeb+4nHRURRB8=
5,-19,kwC/9wkp+DflCJos359JWmRAI2A=,RmpBmbVo6a59DJNeb+4nHRURRB8=
5,-17,kwC/9wkp+DflCJos359JWmRAI2A=,RmpBmbVo6a59DJNeb+4nHRURRB8=
5,-21,ikjLnLsy7gn15T+HxvlBWtxBb9o=,RmpBmbVo6a59DJNeb+4nHRURRB8=
4,-17,ikjLnLsy7gn15T+HxvlBWtxBb9o=,RmpBmbVo6a59DJNeb+4nHRURRB8=
6,-20,ikjLnLsy7gn15T+HxvlBWtxBb9o=,RmpBmbVo6a59DJNeb+4nHRURRB8=
3,-29,qZNA6vyapuQmG3Ud8MVi9YsTTWM=,RmpBmbVo6a59DJNeb+4nHRURRB8=
10,-22,kwC/9wkp+DflCJos359JWmRAI2A=,RmpBmbVo6a59DJNeb+4nHRURRB8=
9,-22,qZNA6vyapuQmG3Ud8MVi9YsTTWM=,RmpBmbVo6a59DJNeb+4nHRURRB8=
3,-30,qZNA6vyapuQmG3Ud8MVi9YsTTWM=,RmpBmbVo6a59DJNeb+4nHRURRB8=
2,-29,qZNA6vyapuQmG3Ud8MVi9YsTTWM=,RmpBmbVo6a59DJNeb+4nHRURRB8=
10,-26,kwC/9wkp+DflCJos359JWmRAI2A=,RmpBmbVo6a59DJNeb+4nHRURRB8=
9,-26,qZNA6vyapuQmG3Ud8MVi9YsTTWM=,RmpBmbVo6a59DJNeb+4nHRURRB8=
10,-30,qZNA6vyapuQmG3Ud8MVi9YsTTWM=,RmpBmbVo6a59DJNeb+4nHRURRB8=
8,-26,kwC/9wkp+DflCJos359JWmRAI2A=,RmpBmbVo6a59DJNeb+4nHRURRB8=
1,-30,qZNA6vyapuQmG3Ud8MVi9YsTTWM=,RmpBmbVo6a59DJNeb+4nHRURRB8=
2,-30,qZNA6vyapuQmG3Ud8MVi9YsTTWM=,RmpBmbVo6a59DJNeb+4nHRURRB8=
6,-22,qZNA6vyapuQmG3Ud8MVi9YsTTWM=,RmpBmbVo6a59DJNeb+4nHRURRB8=
6,-30,kwC/9wkp+DflCJos359JWmRAI2A=,RmpBmbVo6a59DJNeb+4nHRURRB8=
4,-30,qZNA6vyapuQmG3Ud8MVi9YsTTWM=,RmpBmbVo6a59DJNeb+4nHRURRB8=
0,-30,qZNA6vyapuQmG3Ud8MVi9YsTTWM=,RmpBmbVo6a59DJNeb+4nHRURRB8=
3,-22,qZNA6vyapuQmG3Ud8MVi9YsTTWM=,RmpBmbVo6a59DJNeb+4nHRURRB8=
5,-30,qZNA6vyapuQmG3Ud8MVi9YsTTWM=,RmpBmbVo6a59DJNeb+4nHRURRB8=
7,-23,kwC/9wkp+DflCJos359JWmRAI2A=,RmpBmbVo6a59DJNeb+4nHRURRB8=
4,-22,qZNA6vyapuQmG3Ud8MVi9YsTTWM=,RmpBmbVo6a59DJNeb+4nHRURRB8=
5,-22,qZNA6vyapuQmG3Ud8MVi9YsTTWM=,RmpBmbVo6a59DJNeb+4nHRURRB8=
7,-22,qZNA6vyapuQmG3Ud8MVi9YsTTWM=,RmpBmbVo6a59DJNeb+4nHRURRB8=
8,-23,qZNA6vyapuQmG3Ud8MVi9YsTTWM=,RmpBmbVo6a59DJNeb+4nHRURRB8=
6,-23,kwC/9wkp+DflCJos359JWmRAI2A=,RmpBmbVo6a59DJNeb+4nHRURRB8=
9,-27,kwC/9wkp+DflCJos359JWmRAI2A=,RmpBmbVo6a59DJNeb+4nHRURRB8=
8,-22,qZNA6vyapuQmG3Ud8MVi9YsTTWM=,RmpBmbVo6a59DJNeb+4nHRURRB8=
8,-30,kwC/9wkp+DflCJos359JWmRAI2A=,RmpBmbVo6a59DJNeb+4nHRURRB8=
9,-30,qZNA6vyapuQmG3Ud8MVi9YsTTWM=,RmpBmbVo6a59DJNeb+4nHRURRB8=
3,-23,kwC/9wkp+DflCJos359JWmRAI2A=,RmpBmbVo6a59DJNeb+4nHRURRB8=
5,-23,kwC/9wkp+DflCJos359JWmRAI2A=,RmpBmbVo6a59DJNeb+4nHRURRB8=
7,-30,kwC/9wkp+DflCJos359JWmRAI2A=,RmpBmbVo6a59DJNeb+4nHRURRB8=
10,-27,kwC/9wkp+DflCJos359JWmRAI2A=,RmpBmbVo6a59DJNeb+4nHRURRB8=
8,-27,kwC/9wkp+DflCJos359JWmRAI2A=,RmpBmbVo6a59DJNeb+4nHRURRB8=
5,-31,kwC/9wkp+DflCJos359JWmRAI2A=,RmpBmbVo6a59DJNeb+4nHRURRB8=
9,-31,kwC/9wkp+DflCJos359JWmRAI2A=,RmpBmbVo6a59DJNeb+4nHRURRB8=
4,-23,kwC/9wkp+DflCJos359JWmRAI2A=,RmpBmbVo6a59DJNeb+4nHRURRB8=
8,-31,kwC/9wkp+DflCJos359JWmRAI2A=,RmpBmbVo6a59DJNeb+4nHRURRB8=
7,-24,kwC/9wkp+DflCJos359JWmRAI2A=,RmpBmbVo6a59DJNeb+4nHRURRB8=
10,-31,kwC/9wkp+DflCJos359JWmRAI2A=,RmpBmbVo6a59DJNeb+4nHRURRB8=
9,-29,qZNA6vyapuQmG3Ud8MVi9YsTTWM=,RmpBmbVo6a59DJNeb+4nHRURRB8=
1,-29,kwC/9wkp+DflCJos359JWmRAI2A=,RmpBmbVo6a59DJNeb+4nHRURRB8=
4,-31,kwC/9wkp+DflCJos359JWmRAI2A=,RmpBmbVo6a59DJNeb+4nHRURRB8=
10,-32,kwC/9wkp+DflCJos359JWmRAI2A=,RmpBmbVo6a59DJNeb+4nHRURRB8=
8,-29,qZNA6vyapuQmG3Ud8MVi9YsTTWM=,RmpBmbVo6a59DJNeb+4nHRURRB8=
5,-24,kwC/9wkp+DflCJos359JWmRAI2A=,RmpBmbVo6a59DJNeb+4nHRURRB8=
3,-24,kwC/9wkp+DflCJos359JWmRAI2A=,RmpBmbVo6a59DJNeb+4nHRURRB8=
7,-25,kwC/9wkp+DflCJos359JWmRAI2A=,RmpBmbVo6a59DJNeb+4nHRURRB8=
7,-31,qZNA6vyapuQmG3Ud8MVi9YsTTWM=,RmpBmbVo6a59DJNeb+4nHRURRB8=
1,-31,kwC/9wkp+DflCJos359JWmRAI2A=,RmpBmbVo6a59DJNeb+4nHRURRB8=
4,-24,kwC/9wkp+DflCJos359JWmRAI2A=,RmpBmbVo6a59DJNeb+4nHRURRB8=
9,-32,qZNA6vyapuQmG3Ud8MVi9YsTTWM=,RmpBmbVo6a59DJNeb+4nHRURRB8=
6,-25,kwC/9wkp+DflCJos359JWmRAI2A=,RmpBmbVo6a59DJNeb+4nHRURRB8=
2,-31,kwC/9wkp+DflCJos359JWmRAI2A=,RmpBmbVo6a59DJNeb+4nHRURRB8=
8,-32,qZNA6vyapuQmG3Ud8MVi9YsTTWM=,RmpBmbVo6a59DJNeb+4nHRURRB8=
4,-25,kwC/9wkp+DflCJos359JWmRAI2A=,RmpBmbVo6a59DJNeb+4nHRURRB8=
0,-29,kwC/9wkp+DflCJos359JWmRAI2A=,RmpBmbVo6a59DJNeb+4nHRURRB8=
5,-25,kwC/9wkp+DflCJos359JWmRAI2A=,RmpBmbVo6a59DJNeb+4nHRURRB8=
6,-31,kwC/9wkp+DflCJos359JWmRAI2A=,RmpBmbVo6a59DJNeb+4nHRURRB8=
4,-29,qZNA6vyapuQmG3Ud8MVi9YsTTWM=,RmpBmbVo6a59DJNeb+4nHRURRB8=
7,-26,kwC/9wkp+DflCJos359JWmRAI2A=,RmpBmbVo6a59DJNeb+4nHRURRB8=
10,-25,kwC/9wkp+DflCJos359JWmRAI2A=,RmpBmbVo6a59DJNeb+4nHRURRB8=
10,-24,kwC/9wkp+DflCJos359JWmRAI2A=,RmpBmbVo6a59DJNeb+4nHRURRB8=
3,-26,kwC/9wkp+DflCJos359JWmRAI2A=,RmpBmbVo6a59DJNeb+4nHRURRB8=
10,-29,kwC/9wkp+DflCJos359JWmRAI2A=,RmpBmbVo6a59DJNeb+4nHRURRB8=
3,-31,kwC/9wkp+DflCJos359JWmRAI2A=,RmpBmbVo6a59DJNeb+4nHRURRB8=
9,-25,kwC/9wkp+DflCJos359JWmRAI2A=,RmpBmbVo6a59DJNeb+4nHRURRB8=
0,-31,kwC/9wkp+DflCJos359JWmRAI2A=,RmpBmbVo6a59DJNeb+4nHRURRB8=
5,-26,kwC/9wkp+DflCJos359JWmRAI2A=,RmpBmbVo6a59DJNeb+4nHRURRB8=
3,-27,kwC/9wkp+DflCJos359JWmRAI2A=,RmpBmbVo6a59DJNeb+4nHRURRB8=
9,-24,kwC/9wkp+DflCJos359JWmRAI2A=,RmpBmbVo6a59DJNeb+4nHRURRB8=
3,-25,kwC/9wkp+DflCJos359JWmRAI2A=,RmpBmbVo6a59DJNeb+4nHRURRB8=
1,-32,kwC/9wkp+DflCJos359JWmRAI2A=,RmpBmbVo6a59DJNeb+4nHRURRB8=
9,-23,kwC/9wkp+DflCJos359JWmRAI2A=,RmpBmbVo6a59DJNeb+4nHRURRB8=
6,-24,kwC/9wkp+DflCJos359JWmRAI2A=,RmpBmbVo6a59DJNeb+4nHRURRB8=
7,-32,kwC/9wkp+DflCJos359JWmRAI2A=,RmpBmbVo6a59DJNeb+4nHRURRB8=
6,-26,kwC/9wkp+DflCJos359JWmRAI2A=,RmpBmbVo6a59DJNeb+4nHRURRB8=
5,-32,kwC/9wkp+DflCJos359JWmRAI2A=,RmpBmbVo6a59DJNeb+4nHRURRB8=
10,-23,kwC/9wkp+DflCJos359JWmRAI2A=,RmpBmbVo6a59DJNeb+4nHRURRB8=
4,-26,kwC/9wkp+DflCJos359JWmRAI2A=,RmpBmbVo6a59DJNeb+4nHRURRB8=
5,-27,kwC/9wkp+DflCJos359JWmRAI2A=,RmpBmbVo6a59DJNeb+4nHRURRB8=
4,-32,kwC/9wkp+DflCJos359JWmRAI2A=,RmpBmbVo6a59DJNeb+4nHRURRB8=
7,-27,kwC/9wkp+DflCJos359JWmRAI2A=,RmpBmbVo6a59DJNeb+4nHRURRB8=
8,-24,kwC/9wkp+DflCJos359JWmRAI2A=,RmpBmbVo6a59DJNeb+4nHRURRB8=
2,-28,kwC/9wkp+DflCJos359JWmRAI2A=,RmpBmbVo6a59DJNeb+4nHRURRB8=
5,-28,kwC/9wkp+DflCJos359JWmRAI2A=,RmpBmbVo6a59DJNeb+4nHRURRB8=
4,-27,kwC/9wkp+DflCJos359JWmRAI2A=,RmpBmbVo6a59DJNeb+4nHRURRB8=
6,-32,kwC/9wkp+DflCJos359JWmRAI2A=,RmpBmbVo6a59DJNeb+4nHRURRB8=
6,-27,kwC/9wkp+DflCJos359JWmRAI2A=,RmpBmbVo6a59DJNeb+4nHRURRB8=
0,-32,kwC/9wkp+DflCJos359JWmRAI2A=,RmpBmbVo6a59DJNeb+4nHRURRB8=
8,-25,kwC/9wkp+DflCJos359JWmRAI2A=,RmpBmbVo6a59DJNeb+4nHRURRB8=
9,-28,kwC/9wkp+DflCJos359JWmRAI2A=,RmpBmbVo6a59DJNeb+4nHRURRB8=
3,-32,kwC/9wkp+DflCJos359JWmRAI2A=,RmpBmbVo6a59DJNeb+4nHRURRB8=
8,-28,kwC/9wkp+DflCJos359JWmRAI2A=,RmpBmbVo6a59DJNeb+4nHRURRB8=
10,-28,kwC/9wkp+DflCJos359JWmRAI2A=,RmpBmbVo6a59DJNeb+4nHRURRB8=
2,-32,kwC/9wkp+DflCJos359JWmRAI2A=,RmpBmbVo6a59DJNeb+4nHRURRB8=
3,-28,kwC/9wkp+DflCJos359JWmRAI2A=,RmpBmbVo6a59DJNeb+4nHRURRB8=
7,-28,kwC/9wkp+DflCJos359JWmRAI2A=,RmpBmbVo6a59DJNeb+4nHRURRB8=
6,-28,kwC/9wkp+DflCJos359JWmRAI2A=,RmpBmbVo6a59DJNeb+4nHRURRB8=
0,-28,kwC/9wkp+DflCJos359JWmRAI2A=,RmpBmbVo6a59DJNeb+4nHRURRB8=
7,-29,kwC/9wkp+DflCJos359JWmRAI2A=,RmpBmbVo6a59DJNeb+4nHRURRB8=
6,-29,kwC/9wkp+DflCJos359JWmRAI2A=,RmpBmbVo6a59DJNeb+4nHRURRB8=
5,-29,kwC/9wkp+DflCJos359JWmRAI2A=,RmpBmbVo6a59DJNeb+4nHRURRB8=
4,-28,kwC/9wkp+DflCJos359JWmRAI2A=,RmpBmbVo6a59DJNeb+4nHRURRB8=
1,-28,kwC/9wkp+DflCJos359JWmRAI2A=,RmpBmbVo6a59DJNeb+4nHRURRB8=
13,-30,qZNA6vyapuQmG3Ud8MVi9YsTTWM=,RmpBmbVo6a59DJNeb+4nHRURRB8=
13,-32,qZNA6vyapuQmG3Ud8MVi9YsTTWM=,RmpBmbVo6a59DJNeb+4nHRURRB8=
14,-32,qZNA6vyapuQmG3Ud8MVi9YsTTWM=,RmpBmbVo6a59DJNeb+4nHRURRB8=
15,-32,qZNA6vyapuQmG3Ud8MVi9YsTTWM=,RmpBmbVo6a59DJNeb+4nHRURRB8=
15,-31,qZNA6vyapuQmG3Ud8MVi9YsTTWM=,RmpBmbVo6a59DJNeb+4nHRURRB8=
14,-31,qZNA6vyapuQmG3Ud8MVi9YsTTWM=,RmpBmbVo6a59DJNeb+4nHRURRB8=
15,-30,qZNA6vyapuQmG3Ud8MVi9YsTTWM=,RmpBmbVo6a59DJNeb+4nHRURRB8=
13,-31,qZNA6vyapuQmG3Ud8MVi9YsTTWM=,RmpBmbVo6a59DJNeb+4nHRURRB8=
14,-30,qZNA6vyapuQmG3Ud8MVi9YsTTWM=,RmpBmbVo6a59DJNeb+4nHRURRB8=
0,-21,ikjLnLsy7gn15T+HxvlBWtxBb9o=,RmpBmbVo6a59DJNeb+4nHRURRB8=
0,-17,ikjLnLsy7gn15T+HxvlBWtxBb9o=,RmpBmbVo6a59DJNeb+4nHRURRB8=
1,-21,ikjLnLsy7gn15T+HxvlBWtxBb9o=,RmpBmbVo6a59DJNeb+4nHRURRB8=
2,-19,ikjLnLsy7gn15T+HxvlBWtxBb9o=,RmpBmbVo6a59DJNeb+4nHRURRB8=
1,-22,qZNA6vyapuQmG3Ud8MVi9YsTTWM=,RmpBmbVo6a59DJNeb+4nHRURRB8=
2,-24,kwC/9wkp+DflCJos359JWmRAI2A=,RmpBmbVo6a59DJNeb+4nHRURRB8=
0,-22,qZNA6vyapuQmG3Ud8MVi9YsTTWM=,RmpBmbVo6a59DJNeb+4nHRURRB8=
2,-21,ikjLnLsy7gn15T+HxvlBWtxBb9o=,RmpBmbVo6a59DJNeb+4nHRURRB8=
0,-19,ikjLnLsy7gn15T+HxvlBWtxBb9o=,RmpBmbVo6a59DJNeb+4nHRURRB8=
1,-23,kwC/9wkp+DflCJos359JWmRAI2A=,RmpBmbVo6a59DJNeb+4nHRURRB8=
0,-23,kwC/9wkp+DflCJos359JWmRAI2A=,RmpBmbVo6a59DJNeb+4nHRURRB8=
2,-17,ikjLnLsy7gn15T+HxvlBWtxBb9o=,RmpBmbVo6a59DJNeb+4nHRURRB8=
2,-22,qZNA6vyapuQmG3Ud8MVi9YsTTWM=,RmpBmbVo6a59DJNeb+4nHRURRB8=
1,-18,ikjLnLsy7gn15T+HxvlBWtxBb9o=,RmpBmbVo6a59DJNeb+4nHRURRB8=
1,-24,kwC/9wkp+DflCJos359JWmRAI2A=,RmpBmbVo6a59DJNeb+4nHRURRB8=
1,-17,ikjLnLsy7gn15T+HxvlBWtxBb9o=,RmpBmbVo6a59DJNeb+4nHRURRB8=
2,-23,kwC/9wkp+DflCJos359JWmRAI2A=,RmpBmbVo6a59DJNeb+4nHRURRB8=
1,-19,ikjLnLsy7gn15T+HxvlBWtxBb9o=,RmpBmbVo6a59DJNeb+4nHRURRB8=
0,-27,kwC/9wkp+DflCJos359JWmRAI2A=,RmpBmbVo6a59DJNeb+4nHRURRB8=
0,-18,ikjLnLsy7gn15T+HxvlBWtxBb9o=,RmpBmbVo6a59DJNeb+4nHRURRB8=
2,-20,ikjLnLsy7gn15T+HxvlBWtxBb9o=,RmpBmbVo6a59DJNeb+4nHRURRB8=
0,-24,kwC/9wkp+DflCJos359JWmRAI2A=,RmpBmbVo6a59DJNeb+4nHRURRB8=
1,-20,ikjLnLsy7gn15T+HxvlBWtxBb9o=,RmpBmbVo6a59DJNeb+4nHRURRB8=
1,-25,kwC/9wkp+DflCJos359JWmRAI2A=,RmpBmbVo6a59DJNeb+4nHRURRB8=
2,-26,kwC/9wkp+DflCJos359JWmRAI2A=,RmpBmbVo6a59DJNeb+4nHRURRB8=
2,-18,ikjLnLsy7gn15T+HxvlBWtxBb9o=,RmpBmbVo6a59DJNeb+4nHRURRB8=
1,-27,kwC/9wkp+DflCJos359JWmRAI2A=,RmpBmbVo6a59DJNeb+4nHRURRB8=
2,-25,kwC/9wkp+DflCJos359JWmRAI2A=,RmpBmbVo6a59DJNeb+4nHRURRB8=
1,-26,kwC/9wkp+DflCJos359JWmRAI2A=,RmpBmbVo6a59DJNeb+4nHRURRB8=
0,-25,kwC/9wkp+DflCJos359JWmRAI2A=,RmpBmbVo6a59DJNeb+4nHRURRB8=
0,-26,kwC/9wkp+DflCJos359JWmRAI2A=,RmpBmbVo6a59DJNeb+4nHRURRB8=
0,-20,ikjLnLsy7gn15T+HxvlBWtxBb9o=,RmpBmbVo6a59DJNeb+4nHRURRB8=
2,-27,kwC/9wkp+DflCJos359JWmRAI2A=,RmpBmbVo6a59DJNeb+4nHRURRB8=
15,-27,kwC/9wkp+DflCJos359JWmRAI2A=,RmpBmbVo6a59DJNeb+4nHRURRB8=
13,-25,kwC/9wkp+DflCJos359JWmRAI2A=,RmpBmbVo6a59DJNeb+4nHRURRB8=
15,-24,kwC/9wkp+DflCJos359JWmRAI2A=,RmpBmbVo6a59DJNeb+4nHRURRB8=
15,-26,kwC/9wkp+DflCJos359JWmRAI2A=,RmpBmbVo6a59DJNeb+4nHRURRB8=
14,-27,kwC/9wkp+DflCJos359JWmRAI2A=,RmpBmbVo6a59DJNeb+4nHRURRB8=
15,-23,kwC/9wkp+DflCJos359JWmRAI2A=,RmpBmbVo6a59DJNeb+4nHRURRB8=
15,-21,kwC/9wkp+DflCJos359JWmRAI2A=,RmpBmbVo6a59DJNeb+4nHRURRB8=
13,-24,kwC/9wkp+DflCJos359JWmRAI2A=,RmpBmbVo6a59DJNeb+4nHRURRB8=
13,-17,kwC/9wkp+DflCJos359JWmRAI2A=,RmpBmbVo6a59DJNeb+4nHRURRB8=
15,-25,kwC/9wkp+DflCJos359JWmRAI2A=,RmpBmbVo6a59DJNeb+4nHRURRB8=
14,-25,kwC/9wkp+DflCJos359JWmRAI2A=,RmpBmbVo6a59DJNeb+4nHRURRB8=
15,-17,kwC/9wkp+DflCJos359JWmRAI2A=,RmpBmbVo6a59DJNeb+4nHRURRB8=
14,-17,kwC/9wkp+DflCJos359JWmRAI2A=,RmpBmbVo6a59DJNeb+4nHRURRB8=
14,-18,kwC/9wkp+DflCJos359JWmRAI2A=,RmpBmbVo6a59DJNeb+4nHRURRB8=
15,-18,kwC/9wkp+DflCJos359JWmRAI2A=,RmpBmbVo6a59DJNeb+4nHRURRB8=
15,-22,kwC/9wkp+DflCJos359JWmRAI2A=,RmpBmbVo6a59DJNeb+4nHRURRB8=
13,-20,kwC/9wkp+DflCJos359JWmRAI2A=,RmpBmbVo6a59DJNeb+4nHRURRB8=
13,-23,kwC/9wkp+DflCJos359JWmRAI2A=,RmpBmbVo6a59DJNeb+4nHRURRB8=
14,-20,kwC/9wkp+DflCJos359JWmRAI2A=,RmpBmbVo6a59DJNeb+4nHRURRB8=
13,-19,kwC/9wkp+DflCJos359JWmRAI2A=,RmpBmbVo6a59DJNeb+4nHRURRB8=
14,-21,kwC/9wkp+DflCJos359JWmRAI2A=,RmpBmbVo6a59DJNeb+4nHRURRB8=
13,-26,kwC/9wkp+DflCJos359JWmRAI2A=,RmpBmbVo6a59DJNeb+4nHRURRB8=
14,-23,kwC/9wkp+DflCJos359JWmRAI2A=,RmpBmbVo6a59DJNeb+4nHRURRB8=
15,-19,kwC/9wkp+DflCJos359JWmRAI2A=,RmpBmbVo6a59DJNeb+4nHRURRB8=
14,-24,kwC/9wkp+DflCJos359JWmRAI2A=,RmpBmbVo6a59DJNeb+4nHRURRB8=
13,-18,kwC/9wkp+DflCJos359JWmRAI2A=,RmpBmbVo6a59DJNeb+4nHRURRB8=
13,-21,kwC/9wkp+DflCJos359JWmRAI2A=,RmpBmbVo6a59DJNeb+4nHRURRB8=
14,-22,kwC/9wkp+DflCJos359JWmRAI2A=,RmpBmbVo6a59DJNeb+4nHRURRB8=
13,-27,kwC/9wkp+DflCJos359JWmRAI2A=,RmpBmbVo6a59DJNeb+4nHRURRB8=
14,-26,kwC/9wkp+DflCJos359JWmRAI2A=,RmpBmbVo6a59DJNeb+4nHRURRB8=
14,-19,kwC/9wkp+DflCJos359JWmRAI2A=,RmpBmbVo6a59DJNeb+4nHRURRB8=
13,-22,kwC/9wkp+DflCJos359JWmRAI2A=,RmpBmbVo6a59DJNeb+4nHRURRB8=
15,-20,kwC/9wkp+DflCJos359JWmRAI2A=,RmpBmbVo6a59DJNeb+4nHRURRB8=
12,-12,RTrHPaC4oMGY5xg6NR/2g5hmeqk=,RmpBmbVo6a59DJNeb+4nHRURRB8=
11,-12,RTrHPaC4oMGY5xg6NR/2g5hmeqk=,RmpBmbVo6a59DJNeb+4nHRURRB8=
12,-13,RTrHPaC4oMGY5xg6NR/2g5hmeqk=,RmpBmbVo6a59DJNeb+4nHRURRB8=
11,-13,RTrHPaC4oMGY5xg6NR/2g5hmeqk=,RmpBmbVo6a59DJNeb+4nHRURRB8=
12,-14,m+fBV3E53If4H6wOWh4a3Jcfu7s=,RmpBmbVo6a59DJNeb+4nHRURRB8=
11,-16,m+fBV3E53If4H6wOWh4a3Jcfu7s=,RmpBmbVo6a59DJNeb+4nHRURRB8=
12,-16,m+fBV3E53If4H6wOWh4a3Jcfu7s=,RmpBmbVo6a59DJNeb+4nHRURRB8=
11,-15,m+fBV3E53If4H6wOWh4a3Jcfu7s=,RmpBmbVo6a59DJNeb+4nHRURRB8=
12,-15,m+fBV3E53If4H6wOWh4a3Jcfu7s=,RmpBmbVo6a59DJNeb+4nHRURRB8=
11,-14,m+fBV3E53If4H6wOWh4a3Jcfu7s=,RmpBmbVo6a59DJNeb+4nHRURRB8=
9,-13,tvitspNkrLqKeEikHuPK+u4QjU4=,RmpBmbVo6a59DJNeb+4nHRURRB8=
5,-14,m+fBV3E53If4H6wOWh4a3Jcfu7s=,RmpBmbVo6a59DJNeb+4nHRURRB8=
3,-13,tvitspNkrLqKeEikHuPK+u4QjU4=,RmpBmbVo6a59DJNeb+4nHRURRB8=
8,-13,tvitspNkrLqKeEikHuPK+u4QjU4=,RmpBmbVo6a59DJNeb+4nHRURRB8=
7,-15,m+fBV3E53If4H6wOWh4a3Jcfu7s=,RmpBmbVo6a59DJNeb+4nHRURRB8=
10,-14,m+fBV3E53If4H6wOWh4a3Jcfu7s=,RmpBmbVo6a59DJNeb+4nHRURRB8=
6,-15,m+fBV3E53If4H6wOWh4a3Jcfu7s=,RmpBmbVo6a59DJNeb+4nHRURRB8=
4,-13,tvitspNkrLqKeEikHuPK+u4QjU4=,RmpBmbVo6a59DJNeb+4nHRURRB8=
5,-15,m+fBV3E53If4H6wOWh4a3Jcfu7s=,RmpBmbVo6a59DJNeb+4nHRURRB8=
3,-14,VvuacV0EzjoUWga51wLV3qCoOaY=,RmpBmbVo6a59DJNeb+4nHRURRB8=
6,-14,m+fBV3E53If4H6wOWh4a3Jcfu7s=,RmpBmbVo6a59DJNeb+4nHRURRB8=
4,-15,VvuacV0EzjoUWga51wLV3qCoOaY=,RmpBmbVo6a59DJNeb+4nHRURRB8=
9,-16,m+fBV3E53If4H6wOWh4a3Jcfu7s=,RmpBmbVo6a59DJNeb+4nHRURRB8=
4,-14,VvuacV0EzjoUWga51wLV3qCoOaY=,RmpBmbVo6a59DJNeb+4nHRURRB8=
3,-15,VvuacV0EzjoUWga51wLV3qCoOaY=,RmpBmbVo6a59DJNeb+4nHRURRB8=
9,-14,m+fBV3E53If4H6wOWh4a3Jcfu7s=,RmpBmbVo6a59DJNeb+4nHRURRB8=
10,-12,tvitspNkrLqKeEikHuPK+u4QjU4=,RmpBmbVo6a59DJNeb+4nHRURRB8=
8,-16,VvuacV0EzjoUWga51wLV3qCoOaY=,RmpBmbVo6a59DJNeb+4nHRURRB8=
8,-15,m+fBV3E53If4H6wOWh4a3Jcfu7s=,RmpBmbVo6a59DJNeb+4nHRURRB8=
9,-12,tvitspNkrLqKeEikHuPK+u4QjU4=,RmpBmbVo6a59DJNeb+4nHRURRB8=
8,-14,m+fBV3E53If4H6wOWh4a3Jcfu7s=,RmpBmbVo6a59DJNeb+4nHRURRB8=
5,-13,tvitspNkrLqKeEikHuPK+u4QjU4=,RmpBmbVo6a59DJNeb+4nHRURRB8=
10,-15,m+fBV3E53If4H6wOWh4a3Jcfu7s=,RmpBmbVo6a59DJNeb+4nHRURRB8=
10,-16,m+fBV3E53If4H6wOWh4a3Jcfu7s=,RmpBmbVo6a59DJNeb+4nHRURRB8=
6,-16,m+fBV3E53If4H6wOWh4a3Jcfu7s=,RmpBmbVo6a59DJNeb+4nHRURRB8=
9,-15,m+fBV3E53If4H6wOWh4a3Jcfu7s=,RmpBmbVo6a59DJNeb+4nHRURRB8=
8,-12,tvitspNkrLqKeEikHuPK+u4QjU4=,RmpBmbVo6a59DJNeb+4nHRURRB8=
7,-16,m+fBV3E53If4H6wOWh4a3Jcfu7s=,RmpBmbVo6a59DJNeb+4nHRURRB8=
10,-13,tvitspNkrLqKeEikHuPK+u4QjU4=,RmpBmbVo6a59DJNeb+4nHRURRB8=
7,-12,tvitspNkrLqKeEikHuPK+u4QjU4=,RmpBmbVo6a59DJNeb+4nHRURRB8=
4,-16,VvuacV0EzjoUWga51wLV3qCoOaY=,RmpBmbVo6a59DJNeb+4nHRURRB8=
7,-14,m+fBV3E53If4H6wOWh4a3Jcfu7s=,RmpBmbVo6a59DJNeb+4nHRURRB8=
6,-12,tvitspNkrLqKeEikHuPK+u4QjU4=,RmpBmbVo6a59DJNeb+4nHRURRB8=
4,-12,tvitspNkrLqKeEikHuPK+u4QjU4=,RmpBmbVo6a59DJNeb+4nHRURRB8=
7,-13,tvitspNkrLqKeEikHuPK+u4QjU4=,RmpBmbVo6a59DJNeb+4nHRURRB8=
6,-13,tvitspNkrLqKeEikHuPK+u4QjU4=,RmpBmbVo6a59DJNeb+4nHRURRB8=
5,-12,tvitspNkrLqKeEikHuPK+u4QjU4=,RmpBmbVo6a59DJNeb+4nHRURRB8=
5,-16,m+fBV3E53If4H6wOWh4a3Jcfu7s=,RmpBmbVo6a59DJNeb+4nHRURRB8=
3,-16,VvuacV0EzjoUWga51wLV3qCoOaY=,RmpBmbVo6a59DJNeb+4nHRURRB8=
3,-12,tvitspNkrLqKeEikHuPK+u4QjU4=,RmpBmbVo6a59DJNeb+4nHRURRB8=
4,-5,6RjAVl4AhgKvCNVXAsn/Na3Dhe8=,RmpBmbVo6a59DJNeb+4nHRURRB8=
4,-6,6RjAVl4AhgKvCNVXAsn/Na3Dhe8=,RmpBmbVo6a59DJNeb+4nHRURRB8=
4,-7,6RjAVl4AhgKvCNVXAsn/Na3Dhe8=,RmpBmbVo6a59DJNeb+4nHRURRB8=
4,-4,6RjAVl4AhgKvCNVXAsn/Na3Dhe8=,RmpBmbVo6a59DJNeb+4nHRURRB8=
3,-8,6RjAVl4AhgKvCNVXAsn/Na3Dhe8=,RmpBmbVo6a59DJNeb+4nHRURRB8=
3,-9,6RjAVl4AhgKvCNVXAsn/Na3Dhe8=,RmpBmbVo6a59DJNeb+4nHRURRB8=
4,-9,6RjAVl4AhgKvCNVXAsn/Na3Dhe8=,RmpBmbVo6a59DJNeb+4nHRURRB8=
3,-7,6RjAVl4AhgKvCNVXAsn/Na3Dhe8=,RmpBmbVo6a59DJNeb+4nHRURRB8=
4,-11,6RjAVl4AhgKvCNVXAsn/Na3Dhe8=,RmpBmbVo6a59DJNeb+4nHRURRB8=
4,-10,6RjAVl4AhgKvCNVXAsn/Na3Dhe8=,RmpBmbVo6a59DJNeb+4nHRURRB8=
3,-10,6RjAVl4AhgKvCNVXAsn/Na3Dhe8=,RmpBmbVo6a59DJNeb+4nHRURRB8=
4,-8,6RjAVl4AhgKvCNVXAsn/Na3Dhe8=,RmpBmbVo6a59DJNeb+4nHRURRB8=
3,-11,6RjAVl4AhgKvCNVXAsn/Na3Dhe8=,RmpBmbVo6a59DJNeb+4nHRURRB8=
3,-5,6RjAVl4AhgKvCNVXAsn/Na3Dhe8=,RmpBmbVo6a59DJNeb+4nHRURRB8=
3,-4,6RjAVl4AhgKvCNVXAsn/Na3Dhe8=,RmpBmbVo6a59DJNeb+4nHRURRB8=
3,-6,6RjAVl4AhgKvCNVXAsn/Na3Dhe8=,RmpBmbVo6a59DJNeb+4nHRURRB8=
4,-2,6RjAVl4AhgKvCNVXAsn/Na3Dhe8=,RmpBmbVo6a59DJNeb+4nHRURRB8=
4,-1,6RjAVl4AhgKvCNVXAsn/Na3Dhe8=,RmpBmbVo6a59DJNeb+4nHRURRB8=
4,-3,6RjAVl4AhgKvCNVXAsn/Na3Dhe8=,RmpBmbVo6a59DJNeb+4nHRURRB8=
3,-2,6RjAVl4AhgKvCNVXAsn/Na3Dhe8=,RmpBmbVo6a59DJNeb+4nHRURRB8=
3,-1,6RjAVl4AhgKvCNVXAsn/Na3Dhe8=,RmpBmbVo6a59DJNeb+4nHRURRB8=
3,-3,6RjAVl4AhgKvCNVXAsn/Na3Dhe8=,RmpBmbVo6a59DJNeb+4nHRURRB8=
11,-1,+W7eUNIc1SB2jNdWLKSose45lZo=,RmpBmbVo6a59DJNeb+4nHRURRB8=
12,-9,6RjAVl4AhgKvCNVXAsn/Na3Dhe8=,RmpBmbVo6a59DJNeb+4nHRURRB8=
10,-1,+W7eUNIc1SB2jNdWLKSose45lZo=,RmpBmbVo6a59DJNeb+4nHRURRB8=
10,-5,6RjAVl4AhgKvCNVXAsn/Na3Dhe8=,RmpBmbVo6a59DJNeb+4nHRURRB8=
5,-3,YDwBGdo18FQj+WO1CuQIg4ye5qA=,RmpBmbVo6a59DJNeb+4nHRURRB8=
11,-4,6RjAVl4AhgKvCNVXAsn/Na3Dhe8=,RmpBmbVo6a59DJNeb+4nHRURRB8=
9,-1,+W7eUNIc1SB2jNdWLKSose45lZo=,RmpBmbVo6a59DJNeb+4nHRURRB8=
7,-1,YDwBGdo18FQj+WO1CuQIg4ye5qA=,RmpBmbVo6a59DJNeb+4nHRURRB8=
8,-1,+W7eUNIc1SB2jNdWLKSose45lZo=,RmpBmbVo6a59DJNeb+4nHRURRB8=
9,-6,6RjAVl4AhgKvCNVXAsn/Na3Dhe8=,RmpBmbVo6a59DJNeb+4nHRURRB8=
9,-5,6RjAVl4AhgKvCNVXAsn/Na3Dhe8=,RmpBmbVo6a59DJNeb+4nHRURRB8=
8,-10,6RjAVl4AhgKvCNVXAsn/Na3Dhe8=,RmpBmbVo6a59DJNeb+4nHRURRB8=
10,-6,6RjAVl4AhgKvCNVXAsn/Na3Dhe8=,RmpBmbVo6a59DJNeb+4nHRURRB8=
8,-6,6RjAVl4AhgKvCNVXAsn/Na3Dhe8=,RmpBmbVo6a59DJNeb+4nHRURRB8=
5,-6,6RjAVl4AhgKvCNVXAsn/Na3Dhe8=,RmpBmbVo6a59DJNeb+4nHRURRB8=
12,-11,6RjAVl4AhgKvCNVXAsn/Na3Dhe8=,RmpBmbVo6a59DJNeb+4nHRURRB8=
7,-6,6RjAVl4AhgKvCNVXAsn/Na3Dhe8=,RmpBmbVo6a59DJNeb+4nHRURRB8=
9,-4,6RjAVl4AhgKvCNVXAsn/Na3Dhe8=,RmpBmbVo6a59DJNeb+4nHRURRB8=
9,-10,6RjAVl4AhgKvCNVXAsn/Na3Dhe8=,RmpBmbVo6a59DJNeb+4nHRURRB8=
6,-7,6RjAVl4AhgKvCNVXAsn/Na3Dhe8=,RmpBmbVo6a59DJNeb+4nHRURRB8=
6,-6,6RjAVl4AhgKvCNVXAsn/Na3Dhe8=,RmpBmbVo6a59DJNeb+4nHRURRB8=
11,-6,6RjAVl4AhgKvCNVXAsn/Na3Dhe8=,RmpBmbVo6a59DJNeb+4nHRURRB8=
13,-2,7DSABLtTUTH7+p98JyY8TeHM4E4=,RmpBmbVo6a59DJNeb+4nHRURRB8=
5,-7,6RjAVl4AhgKvCNVXAsn/Na3Dhe8=,RmpBmbVo6a59DJNeb+4nHRURRB8=
11,-11,6RjAVl4AhgKvCNVXAsn/Na3Dhe8=,RmpBmbVo6a59DJNeb+4nHRURRB8=
15,-2,7DSABLtTUTH7+p98JyY8TeHM4E4=,RmpBmbVo6a59DJNeb+4nHRURRB8=
10,-11,6RjAVl4AhgKvCNVXAsn/Na3Dhe8=,RmpBmbVo6a59DJNeb+4nHRURRB8=
9,-11,6RjAVl4AhgKvCNVXAsn/Na3Dhe8=,RmpBmbVo6a59DJNeb+4nHRURRB8=
10,-4,6RjAVl4AhgKvCNVXAsn/Na3Dhe8=,RmpBmbVo6a59DJNeb+4nHRURRB8=
14,-2,7DSABLtTUTH7+p98JyY8TeHM4E4=,RmpBmbVo6a59DJNeb+4nHRURRB8=
7,-4,6RjAVl4AhgKvCNVXAsn/Na3Dhe8=,RmpBmbVo6a59DJNeb+4nHRURRB8=
10,-2,+W7eUNIc1SB2jNdWLKSose45lZo=,RmpBmbVo6a59DJNeb+4nHRURRB8=
7,-7,6RjAVl4AhgKvCNVXAsn/Na3Dhe8=,RmpBmbVo6a59DJNeb+4nHRURRB8=
12,-7,6RjAVl4AhgKvCNVXAsn/Na3Dhe8=,RmpBmbVo6a59DJNeb+4nHRURRB8=
8,-11,6RjAVl4AhgKvCNVXAsn/Na3Dhe8=,RmpBmbVo6a59DJNeb+4nHRURRB8=
5,-8,6RjAVl4AhgKvCNVXAsn/Na3Dhe8=,RmpBmbVo6a59DJNeb+4nHRURRB8=
12,-2,+W7eUNIc1SB2jNdWLKSose45lZo=,RmpBmbVo6a59DJNeb+4nHRURRB8=
12,-4,6RjAVl4AhgKvCNVXAsn/Na3Dhe8=,RmpBmbVo6a59DJNeb+4nHRURRB8=
8,-2,+W7eUNIc1SB2jNdWLKSose45lZo=,RmpBmbVo6a59DJNeb+4nHRURRB8=
6,-2,+W7eUNIc1SB2jNdWLKSose45lZo=,RmpBmbVo6a59DJNeb+4nHRURRB8=
6,-8,6RjAVl4AhgKvCNVXAsn/Na3Dhe8=,RmpBmbVo6a59DJNeb+4nHRURRB8=
5,-2,+W7eUNIc1SB2jNdWLKSose45lZo=,RmpBmbVo6a59DJNeb+4nHRURRB8=
11,-9,6RjAVl4AhgKvCNVXAsn/Na3Dhe8=,RmpBmbVo6a59DJNeb+4nHRURRB8=
7,-8,6RjAVl4AhgKvCNVXAsn/Na3Dhe8=,RmpBmbVo6a59DJNeb+4nHRURRB8=
6,-4,6RjAVl4AhgKvCNVXAsn/Na3Dhe8=,RmpBmbVo6a59DJNeb+4nHRURRB8=
7,-2,+W7eUNIc1SB2jNdWLKSose45lZo=,RmpBmbVo6a59DJNeb+4nHRURRB8=
11,-2,+W7eUNIc1SB2jNdWLKSose45lZo=,RmpBmbVo6a59DJNeb+4nHRURRB8=
9,-2,+W7eUNIc1SB2jNdWLKSose45lZo=,RmpBmbVo6a59DJNeb+4nHRURRB8=
5,-1,+W7eUNIc1SB2jNdWLKSose45lZo=,RmpBmbVo6a59DJNeb+4nHRURRB8=
12,-8,6RjAVl4AhgKvCNVXAsn/Na3Dhe8=,RmpBmbVo6a59DJNeb+4nHRURRB8=
10,-7,6RjAVl4AhgKvCNVXAsn/Na3Dhe8=,RmpBmbVo6a59DJNeb+4nHRURRB8=
13,-4,+W7eUNIc1SB2jNdWLKSose45lZo=,RmpBmbVo6a59DJNeb+4nHRURRB8=
10,-10,6RjAVl4AhgKvCNVXAsn/Na3Dhe8=,RmpBmbVo6a59DJNeb+4nHRURRB8=
11,-10,6RjAVl4AhgKvCNVXAsn/Na3Dhe8=,RmpBmbVo6a59DJNeb+4nHRURRB8=
8,-7,6RjAVl4AhgKvCNVXAsn/Na3Dhe8=,RmpBmbVo6a59DJNeb+4nHRURRB8=
8,-5,6RjAVl4AhgKvCNVXAsn/Na3Dhe8=,RmpBmbVo6a59DJNeb+4nHRURRB8=
11,-7,6RjAVl4AhgKvCNVXAsn/Na3Dhe8=,RmpBmbVo6a59DJNeb+4nHRURRB8=
13,-3,7DSABLtTUTH7+p98JyY8TeHM4E4=,RmpBmbVo6a59DJNeb+4nHRURRB8=
6,-1,+W7eUNIc1SB2jNdWLKSose45lZo=,RmpBmbVo6a59DJNeb+4nHRURRB8=
10,-9,6RjAVl4AhgKvCNVXAsn/Na3Dhe8=,RmpBmbVo6a59DJNeb+4nHRURRB8=
14,-1,7DSABLtTUTH7+p98JyY8TeHM4E4=,RmpBmbVo6a59DJNeb+4nHRURRB8=
7,-9,6RjAVl4AhgKvCNVXAsn/Na3Dhe8=,RmpBmbVo6a59DJNeb+4nHRURRB8=
6,-9,6RjAVl4AhgKvCNVXAsn/Na3Dhe8=,RmpBmbVo6a59DJNeb+4nHRURRB8=
15,-3,7DSABLtTUTH7+p98JyY8TeHM4E4=,RmpBmbVo6a59DJNeb+4nHRURRB8=
10,-8,6RjAVl4AhgKvCNVXAsn/Na3Dhe8=,RmpBmbVo6a59DJNeb+4nHRURRB8=
14,-3,7DSABLtTUTH7+p98JyY8TeHM4E4=,RmpBmbVo6a59DJNeb+4nHRURRB8=
12,-10,6RjAVl4AhgKvCNVXAsn/Na3Dhe8=,RmpBmbVo6a59DJNeb+4nHRURRB8=
12,-3,+W7eUNIc1SB2jNdWLKSose45lZo=,RmpBmbVo6a59DJNeb+4nHRURRB8=
12,-6,6RjAVl4AhgKvCNVXAsn/Na3Dhe8=,RmpBmbVo6a59DJNeb+4nHRURRB8=
11,-8,6RjAVl4AhgKvCNVXAsn/Na3Dhe8=,RmpBmbVo6a59DJNeb+4nHRURRB8=
8,-4,6RjAVl4AhgKvCNVXAsn/Na3Dhe8=,RmpBmbVo6a59DJNeb+4nHRURRB8=
15,-1,7DSABLtTUTH7+p98JyY8TeHM4E4=,RmpBmbVo6a59DJNeb+4nHRURRB8=
7,-3,+W7eUNIc1SB2jNdWLKSose45lZo=,RmpBmbVo6a59DJNeb+4nHRURRB8=
7,-10,6RjAVl4AhgKvCNVXAsn/Na3Dhe8=,RmpBmbVo6a59DJNeb+4nHRURRB8=
9,-8,6RjAVl4AhgKvCNVXAsn/Na3Dhe8=,RmpBmbVo6a59DJNeb+4nHRURRB8=
9,-7,6RjAVl4AhgKvCNVXAsn/Na3Dhe8=,RmpBmbVo6a59DJNeb+4nHRURRB8=
8,-8,6RjAVl4AhgKvCNVXAsn/Na3Dhe8=,RmpBmbVo6a59DJNeb+4nHRURRB8=
5,-9,6RjAVl4AhgKvCNVXAsn/Na3Dhe8=,RmpBmbVo6a59DJNeb+4nHRURRB8=
7,-5,6RjAVl4AhgKvCNVXAsn/Na3Dhe8=,RmpBmbVo6a59DJNeb+4nHRURRB8=
12,-1,+W7eUNIc1SB2jNdWLKSose45lZo=,RmpBmbVo6a59DJNeb+4nHRURRB8=
13,-1,7DSABLtTUTH7+p98JyY8TeHM4E4=,RmpBmbVo6a59DJNeb+4nHRURRB8=
5,-5,6RjAVl4AhgKvCNVXAsn/Na3Dhe8=,RmpBmbVo6a59DJNeb+4nHRURRB8=
15,-5,+W7eUNIc1SB2jNdWLKSose45lZo=,RmpBmbVo6a59DJNeb+4nHRURRB8=
9,-3,+W7eUNIc1SB2jNdWLKSose45lZo=,RmpBmbVo6a59DJNeb+4nHRURRB8=
14,-5,+W7eUNIc1SB2jNdWLKSose45lZo=,RmpBmbVo6a59DJNeb+4nHRURRB8=
6,-10,6RjAVl4AhgKvCNVXAsn/Na3Dhe8=,RmpBmbVo6a59DJNeb+4nHRURRB8=
5,-10,6RjAVl4AhgKvCNVXAsn/Na3Dhe8=,RmpBmbVo6a59DJNeb+4nHRURRB8=
10,-3,+W7eUNIc1SB2jNdWLKSose45lZo=,RmpBmbVo6a59DJNeb+4nHRURRB8=
8,-3,+W7eUNIc1SB2jNdWLKSose45lZo=,RmpBmbVo6a59DJNeb+4nHRURRB8=
6,-3,+W7eUNIc1SB2jNdWLKSose45lZo=,RmpBmbVo6a59DJNeb+4nHRURRB8=
8,-9,6RjAVl4AhgKvCNVXAsn/Na3Dhe8=,RmpBmbVo6a59DJNeb+4nHRURRB8=
7,-11,6RjAVl4AhgKvCNVXAsn/Na3Dhe8=,RmpBmbVo6a59DJNeb+4nHRURRB8=
13,-5,+W7eUNIc1SB2jNdWLKSose45lZo=,RmpBmbVo6a59DJNeb+4nHRURRB8=
11,-3,+W7eUNIc1SB2jNdWLKSose45lZo=,RmpBmbVo6a59DJNeb+4nHRURRB8=
15,-4,+W7eUNIc1SB2jNdWLKSose45lZo=,RmpBmbVo6a59DJNeb+4nHRURRB8=
9,-9,6RjAVl4AhgKvCNVXAsn/Na3Dhe8=,RmpBmbVo6a59DJNeb+4nHRURRB8=
5,-11,6RjAVl4AhgKvCNVXAsn/Na3Dhe8=,RmpBmbVo6a59DJNeb+4nHRURRB8=
6,-11,6RjAVl4AhgKvCNVXAsn/Na3Dhe8=,RmpBmbVo6a59DJNeb+4nHRURRB8=
6,-5,6RjAVl4AhgKvCNVXAsn/Na3Dhe8=,RmpBmbVo6a59DJNeb+4nHRURRB8=
12,-5,6RjAVl4AhgKvCNVXAsn/Na3Dhe8=,RmpBmbVo6a59DJNeb+4nHRURRB8=
14,-4,+W7eUNIc1SB2jNdWLKSose45lZo=,RmpBmbVo6a59DJNeb+4nHRURRB8=
11,-5,6RjAVl4AhgKvCNVXAsn/Na3Dhe8=,RmpBmbVo6a59DJNeb+4nHRURRB8=
5,-4,6RjAVl4AhgKvCNVXAsn/Na3Dhe8=,RmpBmbVo6a59DJNeb+4nHRURRB8=
15,-10,VvuacV0EzjoUWga51wLV3qCoOaY=,RmpBmbVo6a59DJNeb+4nHRURRB8=
13,-9,VvuacV0EzjoUWga51wLV3qCoOaY=,RmpBmbVo6a59DJNeb+4nHRURRB8=
15,-7,VvuacV0EzjoUWga51wLV3qCoOaY=,RmpBmbVo6a59DJNeb+4nHRURRB8=
15,-11,VvuacV0EzjoUWga51wLV3qCoOaY=,RmpBmbVo6a59DJNeb+4nHRURRB8=
15,-14,VvuacV0EzjoUWga51wLV3qCoOaY=,RmpBmbVo6a59DJNeb+4nHRURRB8=
13,-11,VvuacV0EzjoUWga51wLV3qCoOaY=,RmpBmbVo6a59DJNeb+4nHRURRB8=
13,-7,VvuacV0EzjoUWga51wLV3qCoOaY=,RmpBmbVo6a59DJNeb+4nHRURRB8=
15,-12,VvuacV0EzjoUWga51wLV3qCoOaY=,RmpBmbVo6a59DJNeb+4nHRURRB8=
13,-14,m+fBV3E53If4H6wOWh4a3Jcfu7s=,RmpBmbVo6a59DJNeb+4nHRURRB8=
14,-7,VvuacV0EzjoUWga51wLV3qCoOaY=,RmpBmbVo6a59DJNeb+4nHRURRB8=
14,-12,VvuacV0EzjoUWga51wLV3qCoOaY=,RmpBmbVo6a59DJNeb+4nHRURRB8=
15,-8,VvuacV0EzjoUWga51wLV3qCoOaY=,RmpBmbVo6a59DJNeb+4nHRURRB8=
13,-10,VvuacV0EzjoUWga51wLV3qCoOaY=,RmpBmbVo6a59DJNeb+4nHRURRB8=
15,-15,m+fBV3E53If4H6wOWh4a3Jcfu7s=,RmpBmbVo6a59DJNeb+4nHRURRB8=
13,-8,VvuacV0EzjoUWga51wLV3qCoOaY=,RmpBmbVo6a59DJNeb+4nHRURRB8=
14,-14,m+fBV3E53If4H6wOWh4a3Jcfu7s=,RmpBmbVo6a59DJNeb+4nHRURRB8=
13,-15,m+fBV3E53If4H6wOWh4a3Jcfu7s=,RmpBmbVo6a59DJNeb+4nHRURRB8=
15,-16,m+fBV3E53If4H6wOWh4a3Jcfu7s=,RmpBmbVo6a59DJNeb+4nHRURRB8=
14,-15,m+fBV3E53If4H6wOWh4a3Jcfu7s=,RmpBmbVo6a59DJNeb+4nHRURRB8=
14,-8,VvuacV0EzjoUWga51wLV3qCoOaY=,RmpBmbVo6a59DJNeb+4nHRURRB8=
15,-6,VvuacV0EzjoUWga51wLV3qCoOaY=,RmpBmbVo6a59DJNeb+4nHRURRB8=
14,-16,m+fBV3E53If4H6wOWh4a3Jcfu7s=,RmpBmbVo6a59DJNeb+4nHRURRB8=
13,-16,m+fBV3E53If4H6wOWh4a3Jcfu7s=,RmpBmbVo6a59DJNeb+4nHRURRB8=
14,-10,VvuacV0EzjoUWga51wLV3qCoOaY=,RmpBmbVo6a59DJNeb+4nHRURRB8=
13,-13,VvuacV0EzjoUWga51wLV3qCoOaY=,RmpBmbVo6a59DJNeb+4nHRURRB8=
14,-11,VvuacV0EzjoUWga51wLV3qCoOaY=,RmpBmbVo6a59DJNeb+4nHRURRB8=
14,-9,VvuacV0EzjoUWga51wLV3qCoOaY=,RmpBmbVo6a59DJNeb+4nHRURRB8=
14,-6,VvuacV0EzjoUWga51wLV3qCoOaY=,RmpBmbVo6a59DJNeb+4nHRURRB8=
14,-13,VvuacV0EzjoUWga51wLV3qCoOaY=,RmpBmbVo6a59DJNeb+4nHRURRB8=
13,-6,VvuacV0EzjoUWga51wLV3qCoOaY=,RmpBmbVo6a59DJNeb+4nHRURRB8=
15,-13,VvuacV0EzjoUWga51wLV3qCoOaY=,RmpBmbVo6a59DJNeb+4nHRURRB8=
13,-12,VvuacV0EzjoUWga51wLV3qCoOaY=,RmpBmbVo6a59DJNeb+4nHRURRB8=
15,-9,VvuacV0EzjoUWga51wLV3qCoOaY=,RmpBmbVo6a59DJNeb+4nHRURRB8=
1,-14,VvuacV0EzjoUWga51wLV3qCoOaY=,RmpBmbVo6a59DJNeb+4nHRURRB8=
2,-13,NuRCGSreV8taAJSsa7aTR5EUGF8=,RmpBmbVo6a59DJNeb+4nHRURRB8=
2,-15,VvuacV0EzjoUWga51wLV3qCoOaY=,RmpBmbVo6a59DJNeb+4nHRURRB8=
2,-14,VvuacV0EzjoUWga51wLV3qCoOaY=,RmpBmbVo6a59DJNeb+4nHRURRB8=
1,-13,NuRCGSreV8taAJSsa7aTR5EUGF8=,RmpBmbVo6a59DJNeb+4nHRURRB8=
0,-13,NuRCGSreV8taAJSsa7aTR5EUGF8=,RmpBmbVo6a59DJNeb+4nHRURRB8=
0,-15,VvuacV0EzjoUWga51wLV3qCoOaY=,RmpBmbVo6a59DJNeb+4nHRURRB8=
2,-12,NuRCGSreV8taAJSsa7aTR5EUGF8=,RmpBmbVo6a59DJNeb+4nHRURRB8=
1,-16,VvuacV0EzjoUWga51wLV3qCoOaY=,RmpBmbVo6a59DJNeb+4nHRURRB8=
1,-15,VvuacV0EzjoUWga51wLV3qCoOaY=,RmpBmbVo6a59DJNeb+4nHRURRB8=
0,-12,NuRCGSreV8taAJSsa7aTR5EUGF8=,RmpBmbVo6a59DJNeb+4nHRURRB8=
0,-14,VvuacV0EzjoUWga51wLV3qCoOaY=,RmpBmbVo6a59DJNeb+4nHRURRB8=
0,-16,VvuacV0EzjoUWga51wLV3qCoOaY=,RmpBmbVo6a59DJNeb+4nHRURRB8=
1,-12,NuRCGSreV8taAJSsa7aTR5EUGF8=,RmpBmbVo6a59DJNeb+4nHRURRB8=
2,-16,VvuacV0EzjoUWga51wLV3qCoOaY=,RmpBmbVo6a59DJNeb+4nHRURRB8=
2,-7,NuRCGSreV8taAJSsa7aTR5EUGF8=,RmpBmbVo6a59DJNeb+4nHRURRB8=
2,-5,NuRCGSreV8taAJSsa7aTR5EUGF8=,RmpBmbVo6a59DJNeb+4nHRURRB8=
2,-1,VvuacV0EzjoUWga51wLV3qCoOaY=,RmpBmbVo6a59DJNeb+4nHRURRB8=
0,-5,NuRCGSreV8taAJSsa7aTR5EUGF8=,RmpBmbVo6a59DJNeb+4nHRURRB8=
2,-6,NuRCGSreV8taAJSsa7aTR5EUGF8=,RmpBmbVo6a59DJNeb+4nHRURRB8=
2,-8,NuRCGSreV8taAJSsa7aTR5EUGF8=,RmpBmbVo6a59DJNeb+4nHRURRB8=
0,-8,NuRCGSreV8taAJSsa7aTR5EUGF8=,RmpBmbVo6a59DJNeb+4nHRURRB8=
1,-8,NuRCGSreV8taAJSsa7aTR5EUGF8=,RmpBmbVo6a59DJNeb+4nHRURRB8=
0,-7,NuRCGSreV8taAJSsa7aTR5EUGF8=,RmpBmbVo6a59DJNeb+4nHRURRB8=
1,-7,NuRCGSreV8taAJSsa7aTR5EUGF8=,RmpBmbVo6a59DJNeb+4nHRURRB8=
0,-3,VvuacV0EzjoUWga51wLV3qCoOaY=,RmpBmbVo6a59DJNeb+4nHRURRB8=
1,-3,VvuacV0EzjoUWga51wLV3qCoOaY=,RmpBmbVo6a59DJNeb+4nHRURRB8=
1,-5,+W7eUNIc1SB2jNdWLKSose45lZo=,RmpBmbVo6a59DJNeb+4nHRURRB8=
0,-6,NuRCGSreV8taAJSsa7aTR5EUGF8=,RmpBmbVo6a59DJNeb+4nHRURRB8=
2,-9,NuRCGSreV8taAJSsa7aTR5EUGF8=,RmpBmbVo6a59DJNeb+4nHRURRB8=
2,-3,VvuacV0EzjoUWga51wLV3qCoOaY=,RmpBmbVo6a59DJNeb+4nHRURRB8=
0,-11,NuRCGSreV8taAJSsa7aTR5EUGF8=,RmpBmbVo6a59DJNeb+4nHRURRB8=
0,-2,VvuacV0EzjoUWga51wLV3qCoOaY=,RmpBmbVo6a59DJNeb+4nHRURRB8=
2,-10,NuRCGSreV8taAJSsa7aTR5EUGF8=,RmpBmbVo6a59DJNeb+4nHRURRB8=
1,-6,NuRCGSreV8taAJSsa7aTR5EUGF8=,RmpBmbVo6a59DJNeb+4nHRURRB8=
1,-9,NuRCGSreV8taAJSsa7aTR5EUGF8=,RmpBmbVo6a59DJNeb+4nHRURRB8=
2,-11,NuRCGSreV8taAJSsa7aTR5EUGF8=,RmpBmbVo6a59DJNeb+4nHRURRB8=
0,-9,NuRCGSreV8taAJSsa7aTR5EUGF8=,RmpBmbVo6a59DJNeb+4nHRURRB8=
0,-4,NuRCGSreV8taAJSsa7aTR5EUGF8=,RmpBmbVo6a59DJNeb+4nHRURRB8=
1,-11,NuRCGSreV8taAJSsa7aTR5EUGF8=,RmpBmbVo6a59DJNeb+4nHRURRB8=
1,-4,NuRCGSreV8taAJSsa7aTR5EUGF8=,RmpBmbVo6a59DJNeb+4nHRURRB8=
1,-10,NuRCGSreV8taAJSsa7aTR5EUGF8=,RmpBmbVo6a59DJNeb+4nHRURRB8=
0,-10,NuRCGSreV8taAJSsa7aTR5EUGF8=,RmpBmbVo6a59DJNeb+4nHRURRB8=
0,-1,VvuacV0EzjoUWga51wLV3qCoOaY=,RmpBmbVo6a59DJNeb+4nHRURRB8=
1,-2,VvuacV0EzjoUWga51wLV3qCoOaY=,RmpBmbVo6a59DJNeb+4nHRURRB8=
2,-4,NuRCGSreV8taAJSsa7aTR5EUGF8=,RmpBmbVo6a59DJNeb+4nHRURRB8=
2,-2,VvuacV0EzjoUWga51wLV3qCoOaY=,RmpBmbVo6a59DJNeb+4nHRURRB8=
1,-1,VvuacV0EzjoUWga51wLV3qCoOaY=,RmpBmbVo6a59DJNeb+4nHRURRB8=
